-- phpMyAdmin SQL Dump
-- version 5.2.0
-- https://www.phpmyadmin.net/
--
-- Anamakine: 127.0.0.1:3306
-- Üretim Zamanı: 13 Oca 2025, 14:32:31
-- Sunucu sürümü: 8.0.31
-- PHP Sürümü: 8.0.26

SET SQL_MODE = "NO_AUTO_VALUE_ON_ZERO";
START TRANSACTION;
SET time_zone = "+00:00";


/*!40101 SET @OLD_CHARACTER_SET_CLIENT=@@CHARACTER_SET_CLIENT */;
/*!40101 SET @OLD_CHARACTER_SET_RESULTS=@@CHARACTER_SET_RESULTS */;
/*!40101 SET @OLD_COLLATION_CONNECTION=@@COLLATION_CONNECTION */;
/*!40101 SET NAMES utf8mb4 */;

--
-- Veritabanı: `kds_proje`
--

-- --------------------------------------------------------

--
-- Tablo için tablo yapısı `cinsiyet`
--

DROP TABLE IF EXISTS `cinsiyet`;
CREATE TABLE IF NOT EXISTS `cinsiyet` (
  `cinsiyet_id` int NOT NULL,
  `cinsiyet` varchar(50) COLLATE utf8mb4_turkish_ci NOT NULL,
  PRIMARY KEY (`cinsiyet_id`)
) ENGINE=InnoDB DEFAULT CHARSET=utf8mb4 COLLATE=utf8mb4_turkish_ci;

--
-- Tablo döküm verisi `cinsiyet`
--

INSERT INTO `cinsiyet` (`cinsiyet_id`, `cinsiyet`) VALUES
(1, 'Kadın'),
(2, 'Erkek');

-- --------------------------------------------------------

--
-- Tablo için tablo yapısı `ilceler`
--

DROP TABLE IF EXISTS `ilceler`;
CREATE TABLE IF NOT EXISTS `ilceler` (
  `ilce_id` int NOT NULL,
  `ilce_adi` varchar(50) COLLATE utf8mb4_turkish_ci NOT NULL,
  PRIMARY KEY (`ilce_id`)
) ENGINE=InnoDB DEFAULT CHARSET=utf8mb4 COLLATE=utf8mb4_turkish_ci;

--
-- Tablo döküm verisi `ilceler`
--

INSERT INTO `ilceler` (`ilce_id`, `ilce_adi`) VALUES
(1, 'Beşiktaş'),
(2, 'Beykoz'),
(3, 'Kadıköy'),
(4, 'Pendik'),
(5, 'Şişli'),
(6, 'Üsküdar'),
(7, 'Esenyurt'),
(8, 'Fatih'),
(9, 'Büyükçekmece'),
(10, 'Beyoğlu');

-- --------------------------------------------------------

--
-- Tablo için tablo yapısı `isletme`
--

DROP TABLE IF EXISTS `isletme`;
CREATE TABLE IF NOT EXISTS `isletme` (
  `isletme_id` int NOT NULL,
  `isletme_adi` varchar(50) COLLATE utf8mb4_turkish_ci NOT NULL,
  PRIMARY KEY (`isletme_id`)
) ENGINE=InnoDB DEFAULT CHARSET=utf8mb4 COLLATE=utf8mb4_turkish_ci;

--
-- Tablo döküm verisi `isletme`
--

INSERT INTO `isletme` (`isletme_id`, `isletme_adi`) VALUES
(1, 'Pizzaria İstanbul');

-- --------------------------------------------------------

--
-- Tablo için tablo yapısı `musteriler`
--

DROP TABLE IF EXISTS `musteriler`;
CREATE TABLE IF NOT EXISTS `musteriler` (
  `musteri_id` int NOT NULL,
  `musteri_adi` varchar(50) COLLATE utf8mb4_turkish_ci NOT NULL,
  `musteri_soyadi` varchar(50) COLLATE utf8mb4_turkish_ci NOT NULL,
  `dogum_tarihi` date NOT NULL,
  `cinsiyet_id` int NOT NULL,
  PRIMARY KEY (`musteri_id`),
  KEY `cinsiyet_id` (`cinsiyet_id`),
  KEY `cinsiyet_id_2` (`cinsiyet_id`)
) ENGINE=InnoDB DEFAULT CHARSET=utf8mb4 COLLATE=utf8mb4_turkish_ci;

--
-- Tablo döküm verisi `musteriler`
--

INSERT INTO `musteriler` (`musteri_id`, `musteri_adi`, `musteri_soyadi`, `dogum_tarihi`, `cinsiyet_id`) VALUES
(1, 'Elif', 'Yılmaz', '1990-01-15', 1),
(2, 'Ahmet', 'Kara', '1985-03-22', 2),
(3, 'Zeynep', 'Demir', '1992-07-30', 1),
(4, 'Mehmet', 'Öztürk', '1988-11-05', 2),
(5, 'Ayşe', 'Çelik', '1995-02-14', 1),
(6, 'Ali', 'Şahin', '1980-08-19', 2),
(7, 'Fatma', 'Aslan', '1993-04-25', 1),
(8, 'Hüseyin', 'Büyük', '1987-06-10', 2),
(9, 'Emine', 'Yıldız', '1991-12-01', 1),
(10, 'İbrahim', 'Kılıç', '1982-05-18', 2),
(11, 'Merve', 'Güler', '1994-09-12', 1),
(12, 'Mustafa', 'Tunç', '1986-02-02', 2),
(13, 'Seda', 'Koç', '1989-10-17', 1),
(14, 'Burak', 'Güven', '1990-12-03', 2),
(15, 'Ayşegül', 'Turan', '1996-04-08', 1),
(16, 'Okan', 'Çınar', '1983-07-20', 2),
(17, 'Zeynep', 'Acar', '1997-01-28', 1),
(18, 'Cem', 'Baltaoğlu', '1984-09-14', 2),
(19, 'Büşra', 'Kurt', '1992-05-03', 1),
(20, 'Serkan', 'Yalçın', '1980-11-26', 2),
(21, 'Gizem', 'Özdemir', '1995-06-11', 1),
(22, 'Can', 'Ekinci', '1991-08-17', 2),
(23, 'Melis', 'Dönmez', '1993-01-29', 1),
(24, 'Emre', 'Özer', '1989-10-10', 2),
(25, 'Rabia', 'Bayrak', '1994-12-25', 1),
(26, 'Murat', 'Kocabaş', '1986-03-07', 2),
(27, 'Gülcan', 'Köksal', '1992-04-04', 1),
(28, 'Zafer', 'Çetin', '1987-05-21', 2),
(29, 'Hülya', 'Vural', '1990-07-15', 1),
(30, 'Cengiz', 'Kurtuluş', '1985-09-02', 2),
(31, 'Kaan', 'Beyaz', '2006-04-11', 2),
(32, 'Melis', 'Yücel', '2006-02-22', 1),
(33, 'Deniz', 'Aydın', '2005-12-17', 2),
(34, 'Asya', 'Kurtuluş', '2006-06-30', 1),
(35, 'Berk', 'Çalışkan', '2005-10-10', 2),
(36, 'Elif', 'Süleyman', '2006-01-09', 1),
(37, 'Ahmet', 'Demirtaş', '2006-05-05', 2),
(38, 'Duru', 'Göktaş', '2005-11-14', 1),
(39, 'Mert', 'Arslan', '2006-07-22', 2),
(40, 'Zeynep', 'Kök', '2006-03-19', 1),
(41, 'Emir', 'Yıldız', '2005-08-26', 2),
(42, 'Elif', 'Sarı', '2006-10-13', 1),
(43, 'Ozan', 'Acar', '2005-11-05', 2),
(44, 'Maya', 'Kavak', '2006-05-22', 1),
(45, 'Burak', 'Güzel', '2005-09-08', 2),
(46, 'Eda', 'Balkır', '2006-02-01', 1),
(47, 'Baran', 'Tüfekçi', '2006-04-17', 2),
(48, 'İrem', 'Demirci', '2005-10-22', 1),
(49, 'Yusuf', 'Kılınç', '2006-01-30', 2),
(50, 'Sena', 'Özkan', '2006-06-02', 1),
(51, 'Kubra', 'Köprü', '2005-07-14', 1),
(52, 'Yiğit', 'Çavuş', '2006-03-04', 2),
(53, 'Zeynep', 'Yüce', '2006-07-09', 1),
(54, 'Cem', 'Aksu', '2005-10-01', 2),
(55, 'Nazlı', 'Aydoğan', '2006-11-25', 1),
(56, 'Veli', 'Bakar', '2006-09-05', 2),
(57, 'Hakan', 'Bayram', '2006-04-20', 2),
(58, 'Mehmet', 'Kılıç', '2006-08-11', 2),
(59, 'Nisan', 'Keskin', '2005-12-22', 1),
(60, 'Melike', 'Alparslan', '2006-02-05', 1),
(61, 'Berke', 'Ceviz', '2006-06-06', 2),
(62, 'Buse', 'Bayrak', '2006-03-28', 1),
(63, 'Efe', 'Gök', '2006-09-15', 2),
(64, 'Murat', 'Gökhan', '2006-07-23', 2),
(65, 'Dilan', 'Kuşçu', '2006-01-13', 1),
(66, 'Serkan', 'Çetin', '2005-11-29', 2),
(67, 'Ayla', 'Yalçın', '2006-08-04', 1),
(68, 'Berkay', 'Mert', '2006-10-27', 2),
(69, 'Elif', 'Aksoy', '2006-02-10', 1),
(70, 'Burak', 'Arslan', '2005-06-28', 2),
(71, 'Ayşegül', 'Toprak', '2006-09-12', 1),
(72, 'Tuna', 'Ekinci', '2006-04-14', 2),
(73, 'Kaan', 'Öztürk', '2006-01-25', 2),
(74, 'Alara', 'Sert', '2005-12-18', 1),
(75, 'Erdem', 'Öner', '2006-11-30', 2),
(76, 'Sude', 'Sakarya', '2006-07-04', 1),
(77, 'Tolga', 'Demir', '2006-03-03', 2),
(78, 'Kübra', 'Duman', '2006-08-22', 1),
(79, 'Samet', 'Şahin', '2005-10-30', 2),
(80, 'Rabia', 'Turan', '2006-04-26', 1),
(81, 'Umut', 'Günay', '2006-06-01', 2),
(82, 'Emine', 'Albayrak', '2006-02-08', 1),
(83, 'Veli', 'Güçlü', '2005-08-19', 2),
(84, 'Seda', 'Zengin', '2006-03-14', 1),
(85, 'Ömer', 'Polat', '2006-10-10', 2),
(86, 'Büşra', 'Ünal', '2006-07-13', 1),
(87, 'Baran', 'Yıldız', '2006-04-22', 2),
(88, 'Merve', 'Güven', '2006-01-18', 1),
(89, 'Emir', 'Zeybek', '2006-09-25', 2),
(90, 'Beyza', 'Yıldırım', '2006-11-14', 1),
(91, 'Aydın', 'Koç', '2005-07-29', 2),
(92, 'Elif', 'Kaya', '2006-02-02', 1),
(93, 'Yusuf', 'Erkan', '2006-10-04', 2),
(94, 'Duru', 'Meydan', '2006-05-09', 1),
(95, 'Ahmet', 'Özdemir', '2006-01-06', 2),
(96, 'Seren', 'Akın', '2006-07-11', 1),
(97, 'Kemal', 'Gönül', '2006-11-13', 2),
(98, 'Büşra', 'Eryılmaz', '2006-04-01', 1),
(99, 'Berkay', 'Çetin', '2006-09-30', 2),
(100, 'Ayşe', 'Çınar', '2006-01-11', 1),
(101, 'Sedef', 'Polat', '2000-03-05', 1),
(102, 'Emre', 'Kara', '2000-06-14', 2),
(103, 'Eda', 'Kurt', '2000-02-22', 1),
(104, 'Berk', 'Yıldırım', '2000-07-20', 2),
(105, 'Merve', 'Tosun', '2001-05-11', 1),
(106, 'Murat', 'Güney', '2001-08-30', 2),
(107, 'Gamze', 'Beyaz', '2001-09-10', 1),
(108, 'Serkan', 'Yılmaz', '2001-01-15', 2),
(109, 'Ali', 'Demir', '2001-04-25', 2),
(110, 'Zeynep', 'Çetin', '2000-12-09', 1),
(111, 'Furkan', 'Aydın', '2001-02-02', 2),
(112, 'Sena', 'Koç', '2002-06-18', 1),
(113, 'Can', 'Özdemir', '2002-08-02', 2),
(114, 'Ayşe', 'Şimşek', '2002-12-30', 1),
(115, 'Burak', 'Yalçın', '2002-01-23', 2),
(116, 'Elif', 'Özkan', '2001-11-19', 1),
(117, 'Mehmet', 'Zengin', '2002-05-25', 2),
(118, 'Fatma', 'Kavak', '2003-01-06', 1),
(119, 'Cem', 'Turan', '2003-02-12', 2),
(120, 'Eylül', 'Aksu', '2002-07-27', 1),
(121, 'Zafer', 'Aslan', '2002-03-30', 2),
(122, 'Merve', 'Güler', '2003-09-11', 1),
(123, 'Baran', 'Aksoy', '2003-10-05', 2),
(124, 'Rabia', 'Köprü', '2002-10-20', 1),
(125, 'Emine', 'Yıldız', '2001-07-03', 1),
(126, 'Kaan', 'Çelik', '2001-12-15', 2),
(127, 'Cemre', 'Tüfekçi', '2002-04-07', 1),
(128, 'Selim', 'Balkır', '2003-03-20', 2),
(129, 'Buse', 'Zeybek', '2000-10-28', 1),
(130, 'Yusuf', 'Acar', '2001-01-19', 2),
(131, 'Zeynep', 'Dönmez', '2002-09-18', 1),
(132, 'Emir', 'Toprak', '2002-11-25', 2),
(133, 'Eda', 'Öztürk', '2002-06-10', 1),
(134, 'Onur', 'Koçak', '2003-07-05', 2),
(135, 'Gizem', 'Ekinci', '2003-04-29', 1),
(136, 'Berkay', 'Kara', '2000-08-09', 2),
(137, 'Melike', 'Çavuş', '2001-09-02', 1),
(138, 'Fikret', 'Beyaz', '2002-05-06', 2),
(139, 'Sibel', 'Günay', '2000-01-17', 1),
(140, 'Serkan', 'Büyük', '2001-03-21', 2),
(141, 'İsmail', 'Yılmaz', '2002-12-11', 2),
(142, 'Aylin', 'Aydın', '2003-01-30', 1),
(143, 'Hüseyin', 'Koç', '2000-07-17', 2),
(144, 'Dilan', 'Zeybek', '2001-02-28', 1),
(145, 'Canan', 'Turan', '2002-03-13', 1),
(146, 'Süleyman', 'Arslan', '2003-06-09', 2),
(147, 'Rüya', 'Güler', '2003-08-14', 1),
(148, 'Nehir', 'Çelik', '2000-02-25', 1),
(149, 'Efe', 'Yalçın', '2001-11-03', 2),
(150, 'Zeynep', 'Kaya', '2002-10-29', 1),
(151, 'Burcu', 'Akın', '2002-02-04', 1),
(152, 'Murat', 'Yıldız', '2003-09-27', 2),
(153, 'Baran', 'Yalçın', '2000-09-08', 2),
(154, 'Gökhan', 'Şimşek', '2001-04-13', 2),
(155, 'Efsane', 'Demir', '2001-06-25', 1),
(156, 'Rıza', 'Öztürk', '2002-01-10', 2),
(157, 'Seda', 'Demirtaş', '2002-11-01', 1),
(158, 'Kübra', 'Çetin', '2003-02-09', 1),
(159, 'Ahmet', 'Tunç', '2002-06-28', 2),
(160, 'İsmail', 'Gökhan', '2001-08-16', 2),
(161, 'Seda', 'Vural', '2000-11-05', 1),
(162, 'Meryem', 'Beyaz', '2003-04-13', 1),
(163, 'Berk', 'Özdemir', '2002-01-19', 2),
(164, 'Cansu', 'Öztürk', '2001-12-03', 1),
(165, 'Barış', 'Zeybek', '2002-05-22', 2),
(166, 'Emre', 'Alparslan', '2003-10-11', 2),
(167, 'Funda', 'Ekinci', '2003-03-06', 1),
(168, 'Kemal', 'Ekinci', '2001-05-10', 2),
(169, 'Ebru', 'Yücel', '2002-10-02', 1),
(170, 'Umut', 'Çavuş', '2000-06-08', 2),
(171, 'Duygu', 'Kara', '2002-09-22', 1),
(172, 'Deniz', 'Beyaz', '2003-02-05', 2),
(173, 'Rabia', 'Zeybek', '2003-01-18', 1),
(174, 'Sibel', 'Çavuş', '2002-06-21', 1),
(175, 'Fatma', 'Kılınç', '2000-07-10', 1),
(176, 'Ali', 'Şahin', '2001-04-01', 2),
(177, 'Cem', 'Süleyman', '2001-12-06', 2),
(178, 'Aydın', 'Kavak', '2002-03-15', 2),
(179, 'Kadir', 'Güven', '2003-07-13', 2),
(180, 'Serkan', 'Sakarya', '2003-09-30', 2),
(181, 'Sena', 'Gök', '2001-11-02', 1),
(182, 'Ceylan', 'Tosun', '2002-12-07', 1),
(183, 'Ahmet', 'Beyaz', '2003-08-01', 2),
(184, 'Emine', 'Meydan', '2002-05-02', 1),
(185, 'Halil', 'Demirtaş', '2001-06-04', 2),
(186, 'Büşra', 'Erdem', '2000-09-23', 1),
(187, 'Fikret', 'Çelik', '2002-10-18', 2),
(188, 'Yusuf', 'Yıldız', '2003-03-22', 2),
(189, 'Ahmet', 'Arslan', '2002-11-28', 2),
(190, 'Ayşegül', 'Sakarya', '2003-04-21', 1),
(191, 'Fatma', 'Beyaz', '2002-02-19', 1),
(192, 'Hüseyin', 'Erkan', '2000-05-09', 2),
(193, 'Derya', 'Öztürk', '2001-03-12', 1),
(194, 'Cevdet', 'Tosun', '2002-07-21', 2),
(195, 'Büşra', 'Vural', '2002-12-08', 1),
(196, 'Yusuf', 'Çavuş', '2003-02-13', 2),
(197, 'Kemal', 'Aksoy', '2002-06-04', 2),
(198, 'Gizem', 'Turan', '2001-12-01', 1),
(199, 'Deniz', 'Yıldırım', '2003-05-18', 2),
(200, 'Murat', 'Şahin', '2000-03-29', 2),
(201, 'Ahmet', 'Kara', '2001-05-10', 2),
(202, 'Zeynep', 'Demirtaş', '2000-08-12', 1),
(203, 'Mehmet', 'Çelik', '2002-03-22', 2),
(204, 'Eda', 'Yıldız', '2001-11-01', 1),
(205, 'Serkan', 'Beyaz', '2000-04-03', 2),
(206, 'Maya', 'Kaya', '2003-01-14', 1),
(207, 'Ali', 'Yılmaz', '2000-10-05', 2),
(208, 'Aylin', 'Çavuş', '2001-12-09', 1),
(209, 'Efe', 'Öztürk', '2003-02-21', 2),
(210, 'Emine', 'Kavak', '2001-07-27', 1),
(211, 'Baran', 'Koç', '2002-04-15', 2),
(212, 'Dilan', 'Çetin', '2003-09-04', 1),
(213, 'Yusuf', 'Tosun', '2000-01-17', 2),
(214, 'Gamze', 'Güzel', '2003-06-19', 1),
(215, 'Burak', 'Sarı', '2000-03-26', 2),
(216, 'Zeynep', 'Arslan', '2001-09-08', 1),
(217, 'Furkan', 'Güney', '2003-07-10', 2),
(218, 'Melis', 'Toprak', '2000-09-22', 1),
(219, 'Hüseyin', 'Çavuş', '2001-05-13', 2),
(220, 'Büşra', 'Yücel', '2000-02-16', 1),
(221, 'Emir', 'Kaya', '2001-04-30', 2),
(222, 'Mert', 'Yıldırım', '2002-01-25', 2),
(223, 'Berkay', 'Sakarya', '2003-08-17', 2),
(224, 'Meryem', 'Zeybek', '2002-11-05', 1),
(225, 'Ozan', 'Demir', '2000-06-30', 2),
(226, 'Aysel', 'Balkır', '2003-05-14', 1),
(227, 'Kemal', 'Ekinci', '2001-03-02', 2),
(228, 'Selin', 'Öztürk', '2003-07-29', 1),
(229, 'Baran', 'Yalçın', '2000-05-23', 2),
(230, 'Seda', 'Özkan', '2002-10-11', 1),
(231, 'Kaan', 'Günay', '2003-12-05', 2),
(232, 'Ece', 'Aydın', '2000-11-21', 1),
(233, 'Rıza', 'Turan', '2002-09-12', 2),
(234, 'Sena', 'Süleyman', '2001-08-07', 1),
(235, 'Deniz', 'Sarı', '2003-01-02', 2),
(236, 'Kübra', 'Beyaz', '2000-04-20', 1),
(237, 'Cem', 'Güzel', '2001-06-04', 2),
(238, 'Melike', 'Köprü', '2003-10-14', 1),
(239, 'Ali', 'Şahin', '2001-07-19', 2),
(240, 'Zeynep', 'Beyaz', '2002-05-05', 1),
(241, 'Yusuf', 'Koç', '2000-12-27', 2),
(242, 'Buse', 'Aksoy', '2003-04-09', 1),
(243, 'Fatma', 'Arslan', '2001-02-17', 1),
(244, 'Süleyman', 'Özdemir', '2000-07-09', 2),
(245, 'Aylin', 'Beyaz', '2003-11-28', 1),
(246, 'Emir', 'Balkır', '2002-12-03', 2),
(247, 'Seda', 'Sarı', '2000-09-14', 1),
(248, 'Yusuf', 'Arslan', '2001-10-25', 2),
(249, 'Ceylan', 'Zeybek', '2003-06-01', 1),
(250, 'Murat', 'Günay', '2002-11-12', 2),
(251, 'Hüseyin', 'Çelik', '2000-01-03', 2),
(252, 'Sena', 'Köprü', '2003-08-28', 1),
(253, 'Ahmet', 'Koç', '2002-07-04', 2),
(254, 'Cansu', 'Beyaz', '2000-05-17', 1),
(255, 'Murat', 'Süleyman', '2003-03-18', 2),
(256, 'Okan', 'Yıldırım', '2001-12-10', 2),
(257, 'Elif', 'Yıldız', '2000-03-13', 1),
(258, 'Serkan', 'Kaya', '2002-02-23', 2),
(259, 'Duru', 'Çetin', '2001-06-19', 1),
(260, 'Emre', 'Tosun', '2003-11-14', 2),
(261, 'Büşra', 'Süleyman', '2000-11-03', 1),
(262, 'Mustafa', 'Çelik', '2002-10-30', 2),
(263, 'İsmail', 'Özdemir', '2001-02-08', 2),
(264, 'Rabia', 'Koç', '2003-06-13', 1),
(265, 'Ahmet', 'Arslan', '2002-08-24', 2),
(266, 'Gizem', 'Kaya', '2001-01-18', 1),
(267, 'Kadir', 'Günay', '2003-10-01', 2),
(268, 'Ali', 'Vural', '2000-04-07', 2),
(269, 'Zeynep', 'Çelik', '2003-05-22', 1),
(270, 'Burak', 'Yıldız', '2001-09-30', 2),
(271, 'Merve', 'Günay', '2000-07-02', 1),
(272, 'Yusuf', 'Süleyman', '2003-03-09', 2),
(273, 'Sibel', 'Özdemir', '2002-09-21', 1),
(274, 'Berkay', 'Yılmaz', '2001-01-29', 2),
(275, 'Ceylan', 'Aydın', '2003-04-18', 1),
(276, 'Mert', 'Turan', '2000-05-15', 2),
(277, 'Ayşe', 'Aydın', '2001-06-29', 1),
(278, 'Furkan', 'Beyaz', '2002-10-19', 2),
(279, 'Ali', 'Sarı', '2000-01-26', 2),
(280, 'Maya', 'Beyaz', '2001-03-05', 1),
(281, 'Kübra', 'Özkan', '2003-08-22', 1),
(282, 'Baran', 'Aydın', '2000-11-29', 2),
(283, 'Seda', 'Güzel', '2002-12-15', 1),
(284, 'Murat', 'Zeybek', '2001-08-14', 2),
(285, 'Eda', 'Yılmaz', '2002-04-05', 1),
(286, 'Deniz', 'Tosun', '2000-03-08', 2),
(287, 'Ahmet', 'Öztürk', '2001-10-04', 2),
(288, 'Zeynep', 'Zeybek', '2003-01-23', 1),
(289, 'Fikret', 'Özdemir', '2002-07-16', 2),
(290, 'Meryem', 'Demirtaş', '2003-12-02', 1),
(291, 'Serkan', 'Yıldırım', '2002-06-10', 2),
(292, 'Seda', 'Çelik', '2000-10-17', 1),
(293, 'Hüseyin', 'Demirtaş', '2001-12-27', 2),
(294, 'Gizem', 'Beyaz', '2003-07-04', 1),
(295, 'Barış', 'Aydın', '2000-06-20', 2),
(296, 'Fikret', 'Yıldırım', '2002-09-09', 2),
(297, 'Cansu', 'Balkır', '2003-11-07', 1),
(298, 'Murat', 'Yalçın', '2002-11-14', 2),
(299, 'Sena', 'Günay', '2000-09-12', 1),
(300, 'Tolga', 'Özkan', '2002-05-19', 2),
(301, 'Cem', 'Beyaz', '1980-03-15', 2),
(302, 'Ayşe', 'Yıldız', '1980-05-10', 1),
(303, 'Mehmet', 'Çelik', '1981-07-25', 2),
(304, 'Fatma', 'Demirtaş', '1981-10-02', 1),
(305, 'Ahmet', 'Kaya', '1982-02-19', 2),
(306, 'Zeynep', 'Arslan', '1982-08-11', 1),
(307, 'Serkan', 'Beyaz', '1983-01-13', 2),
(308, 'Seda', 'Güzel', '1983-05-17', 1),
(309, 'Ali', 'Koç', '1984-04-06', 2),
(310, 'Elif', 'Yücel', '1984-11-21', 1),
(311, 'Barış', 'Turan', '1985-06-02', 2),
(312, 'Eda', 'Özdemir', '1985-09-15', 1),
(313, 'Berk', 'Demir', '1986-02-23', 2),
(314, 'Meryem', 'Sarı', '1986-10-07', 1),
(315, 'Okan', 'Kaya', '1987-04-17', 2),
(316, 'Gamze', 'Çetin', '1987-07-11', 1),
(317, 'Furkan', 'Çelik', '1988-03-13', 2),
(318, 'Derya', 'Yıldız', '1988-05-24', 1),
(319, 'Hüseyin', 'Günay', '1989-01-05', 2),
(320, 'Merve', 'Süleyman', '1989-08-16', 1),
(321, 'Efe', 'Yılmaz', '1990-02-02', 2),
(322, 'Büşra', 'Beyaz', '1990-12-14', 1),
(323, 'İsmail', 'Arslan', '1991-06-08', 2),
(324, 'Sena', 'Yıldız', '1991-09-22', 1),
(325, 'Cem', 'Çelik', '1992-01-29', 2),
(326, 'Zeynep', 'Güzel', '1992-04-03', 1),
(327, 'Emre', 'Demirtaş', '1993-03-21', 2),
(328, 'Aylin', 'Çetin', '1993-08-18', 1),
(329, 'Baran', 'Süleyman', '1994-05-17', 2),
(330, 'İrem', 'Kavak', '1994-11-27', 1),
(331, 'Serdar', 'Kaya', '1995-02-07', 2),
(332, 'Melis', 'Yücel', '1995-06-12', 1),
(333, 'Murat', 'Özdemir', '1996-01-22', 2),
(334, 'Fatma', 'Sarı', '1996-07-01', 1),
(335, 'Kemal', 'Yılmaz', '1997-05-04', 2),
(336, 'Büşra', 'Koç', '1997-09-30', 1),
(337, 'Yusuf', 'Turan', '1998-03-14', 2),
(338, 'Zeynep', 'Beyaz', '1998-08-22', 1),
(339, 'Burak', 'Süleyman', '1999-02-18', 2),
(340, 'Cansu', 'Arslan', '1999-06-25', 1),
(341, 'Mustafa', 'Yılmaz', '1980-04-13', 2),
(342, 'Aysel', 'Sarı', '1981-09-02', 1),
(343, 'Mehmet', 'Beyaz', '1982-03-21', 2),
(344, 'Seda', 'Çetin', '1983-06-28', 1),
(345, 'Ali', 'Demirtaş', '1984-05-16', 2),
(346, 'Emine', 'Turan', '1985-02-11', 1),
(347, 'Serkan', 'Süleyman', '1986-01-27', 2),
(348, 'Zeynep', 'Kaya', '1987-09-05', 1),
(349, 'Baran', 'Yıldız', '1988-07-03', 2),
(350, 'Elif', 'Özdemir', '1989-11-12', 1),
(351, 'Cem', 'Çetin', '1990-04-20', 2),
(352, 'Rabia', 'Güzel', '1991-05-03', 1),
(353, 'Okan', 'Süleyman', '1992-02-14', 2),
(354, 'Meryem', 'Beyaz', '1993-12-01', 1),
(355, 'Mustafa', 'Yıldız', '1994-08-29', 2),
(356, 'Büşra', 'Demir', '1995-07-05', 1),
(357, 'Mert', 'Koç', '1996-09-16', 2),
(358, 'Zeynep', 'Yücel', '1997-11-21', 1),
(359, 'Deniz', 'Süleyman', '1998-04-23', 2),
(360, 'Fikret', 'Çelik', '1999-10-13', 2),
(361, 'Emre', 'Özdemir', '1980-09-09', 2),
(362, 'Gizem', 'Koç', '1981-11-14', 1),
(363, 'Murat', 'Demirtaş', '1982-01-03', 2),
(364, 'Seda', 'Yılmaz', '1983-07-18', 1),
(365, 'Serkan', 'Yıldız', '1984-06-29', 2),
(366, 'Ayşe', 'Süleyman', '1985-12-10', 1),
(367, 'Mehmet', 'Beyaz', '1986-04-07', 2),
(368, 'Aylin', 'Arslan', '1987-10-21', 1),
(369, 'Ahmet', 'Demir', '1988-11-02', 2),
(370, 'Seda', 'Kavak', '1989-02-28', 1),
(371, 'Mert', 'Beyaz', '1990-01-17', 2),
(372, 'Zeynep', 'Özdemir', '1991-10-26', 1),
(373, 'Kemal', 'Demirtaş', '1992-06-19', 2),
(374, 'Sena', 'Güzel', '1993-09-07', 1),
(375, 'Cem', 'Yılmaz', '1994-03-11', 2),
(376, 'Derya', 'Süleyman', '1995-10-14', 1),
(377, 'Burak', 'Arslan', '1996-12-08', 2),
(378, 'Aylin', 'Beyaz', '1997-08-22', 1),
(379, 'Fatma', 'Demirtaş', '1998-05-19', 1),
(380, 'Emre', 'Yücel', '1999-12-01', 2),
(381, 'Mehmet', 'Balkır', '1980-07-05', 2),
(382, 'Aylin', 'Zeybek', '1981-03-03', 1),
(383, 'Serkan', 'Demir', '1982-10-17', 2),
(384, 'Rabia', 'Kaya', '1983-09-08', 1),
(385, 'Barış', 'Beyaz', '1984-12-02', 2),
(386, 'Seda', 'Demirtaş', '1985-05-23', 1),
(387, 'Ali', 'Beyaz', '1986-08-19', 2),
(388, 'Büşra', 'Zeybek', '1987-01-14', 1),
(389, 'Mert', 'Yıldız', '1988-06-30', 2),
(390, 'Maya', 'Süleyman', '1989-11-05', 1),
(391, 'Serdar', 'Çelik', '1990-02-07', 2),
(392, 'Aysel', 'Turan', '1991-07-14', 1),
(393, 'Hüseyin', 'Koç', '1992-10-25', 2),
(394, 'Rabia', 'Yıldız', '1993-11-19', 1),
(395, 'Murat', 'Özdemir', '1994-01-17', 2),
(396, 'Baran', 'Koç', '1995-03-23', 2),
(397, 'Cansu', 'Güzel', '1996-07-06', 1),
(398, 'Okan', 'Zeybek', '1997-04-11', 2),
(399, 'Seda', 'Çavuş', '1998-10-30', 1),
(400, 'Mustafa', 'Süleyman', '1999-01-21', 2),
(401, 'Ahmet', 'Yılmaz', '2000-01-12', 2),
(402, 'Zeynep', 'Özdemir', '2000-03-15', 1),
(403, 'Mehmet', 'Güzel', '2000-06-19', 2),
(404, 'Merve', 'Koç', '2000-08-22', 1),
(405, 'Ali', 'Kaya', '2000-11-05', 2),
(406, 'Fatma', 'Yıldız', '2000-12-01', 1),
(407, 'Cem', 'Yılmaz', '2001-02-11', 2),
(408, 'Seda', 'Demirtaş', '2001-04-24', 1),
(409, 'Baran', 'Çelik', '2001-07-03', 2),
(410, 'İrem', 'Yücel', '2001-09-17', 1),
(411, 'Serkan', 'Kaya', '2001-10-30', 2),
(412, 'Emine', 'Turan', '2001-12-06', 1),
(413, 'Okan', 'Süleyman', '2002-01-10', 2),
(414, 'Büşra', 'Koç', '2002-03-15', 1),
(415, 'Yusuf', 'Çetin', '2002-05-20', 2),
(416, 'Elif', 'Zeybek', '2002-07-08', 1),
(417, 'Kaan', 'Beyaz', '2002-09-11', 2),
(418, 'Meryem', 'Demir', '2002-11-23', 1),
(419, 'Emre', 'Arslan', '2003-01-05', 2),
(420, 'Derya', 'Güzel', '2003-02-14', 1),
(421, 'Cem', 'Turan', '2003-04-08', 2),
(422, 'Zeynep', 'Çelik', '2003-06-17', 1),
(423, 'Furkan', 'Beyaz', '2003-08-27', 2),
(424, 'Sena', 'Kaya', '2003-10-13', 1),
(425, 'Barış', 'Yıldız', '2003-12-25', 2),
(426, 'İsmail', 'Özdemir', '2004-02-17', 2),
(427, 'Seda', 'Yücel', '2004-03-28', 1),
(428, 'Murat', 'Çetin', '2004-05-12', 2),
(429, 'Aylin', 'Süleyman', '2004-07-29', 1),
(430, 'Kemal', 'Koç', '2004-09-05', 2),
(431, 'Zeynep', 'Beyaz', '2004-10-22', 1),
(432, 'Mehmet', 'Turan', '2004-12-15', 2),
(433, 'Burak', 'Kaya', '2005-01-28', 2),
(434, 'Büşra', 'Demirtaş', '2005-04-03', 1),
(435, 'Emre', 'Güzel', '2005-06-07', 2),
(436, 'Merve', 'Beyaz', '2005-07-14', 1),
(437, 'Serkan', 'Arslan', '2005-09-21', 2),
(438, 'Gamze', 'Koç', '2005-11-13', 1),
(439, 'Deniz', 'Çelik', '2005-12-04', 2),
(440, 'Fatma', 'Yıldız', '2006-01-22', 1),
(441, 'Cem', 'Yücel', '2006-03-07', 2),
(442, 'Okan', 'Demir', '2006-04-17', 2),
(443, 'Melis', 'Süleyman', '2006-06-19', 1),
(444, 'Baran', 'Turan', '2006-08-10', 2),
(445, 'Elif', 'Beyaz', '2006-09-23', 1),
(446, 'Ahmet', 'Koç', '2006-11-30', 2),
(447, 'Zeynep', 'Çelik', '2006-12-11', 1),
(448, 'Yusuf', 'Güzel', '2006-02-22', 2),
(449, 'Mert', 'Arslan', '2006-03-03', 2),
(450, 'Seda', 'Koç', '2006-05-14', 1),
(451, 'Berk', 'Yıldız', '2006-06-01', 2),
(452, 'Derya', 'Demirtaş', '2006-08-17', 1),
(453, 'Emre', 'Kaya', '2006-09-12', 2),
(454, 'Zeynep', 'Özdemir', '2006-10-04', 1),
(455, 'Murat', 'Süleyman', '2006-11-18', 2),
(456, 'Aylin', 'Yücel', '2006-01-09', 1),
(457, 'Yusuf', 'Çetin', '2006-02-25', 2),
(458, 'Ali', 'Beyaz', '2006-04-21', 2),
(459, 'Sena', 'Turan', '2006-06-14', 1),
(460, 'Emir', 'Koç', '2006-07-17', 2),
(461, 'Melis', 'Demirtaş', '2006-08-09', 1),
(462, 'Burak', 'Beyaz', '2006-10-01', 2),
(463, 'İrem', 'Çelik', '2006-11-05', 1),
(464, 'Ahmet', 'Süleyman', '2006-12-20', 2),
(465, 'Mustafa', 'Kaya', '2005-01-10', 2),
(466, 'Elif', 'Demirtaş', '2005-02-27', 1),
(467, 'Baran', 'Güzel', '2005-04-13', 2),
(468, 'Seda', 'Yücel', '2005-06-18', 1),
(469, 'Cem', 'Beyaz', '2005-08-03', 2),
(470, 'Maya', 'Kaya', '2005-09-24', 1),
(471, 'Serkan', 'Çelik', '2005-10-27', 2),
(472, 'Murat', 'Beyaz', '2005-12-14', 2),
(473, 'İsmail', 'Turan', '2006-02-19', 2),
(474, 'Derya', 'Arslan', '2006-04-23', 1),
(475, 'Baran', 'Süleyman', '2006-06-01', 2),
(476, 'Fatma', 'Yücel', '2006-07-08', 1),
(477, 'Serdar', 'Koç', '2006-09-12', 2),
(478, 'Büşra', 'Yıldız', '2006-10-21', 1),
(479, 'Okan', 'Beyaz', '2006-11-25', 2),
(480, 'Melis', 'Çetin', '2006-12-14', 1),
(481, 'Ahmet', 'Demir', '2006-01-11', 2),
(482, 'Meryem', 'Turan', '2006-03-16', 1),
(483, 'Kaan', 'Süleyman', '2006-04-05', 2),
(484, 'Gizem', 'Yücel', '2006-06-19', 1),
(485, 'Baran', 'Yücel', '2006-07-13', 2),
(486, 'Seda', 'Çetin', '2006-09-01', 1),
(487, 'Murat', 'Koç', '2006-11-29', 2),
(488, 'Ali', 'Güzel', '2006-12-23', 2),
(489, 'Serkan', 'Demir', '2006-01-15', 2),
(490, 'Melis', 'Beyaz', '2006-03-29', 1),
(491, 'Murat', 'Süleyman', '2006-04-27', 2),
(492, 'Merve', 'Çelik', '2006-06-30', 1),
(493, 'Serkan', 'Özdemir', '2006-08-02', 2),
(494, 'Ali', 'Koç', '2006-10-25', 2),
(495, 'Zeynep', 'Kaya', '2006-12-06', 1),
(496, 'Cem', 'Beyaz', '2006-01-18', 2),
(497, 'Meryem', 'Güzel', '2006-03-14', 1),
(498, 'Murat', 'Turan', '2006-05-21', 2),
(499, 'Cem', 'Arslan', '2006-07-06', 2),
(500, 'Seda', 'Demirtaş', '2006-09-08', 1),
(501, 'Ahmet', 'Yılmaz', '1970-02-11', 2),
(502, 'Zeynep', 'Demirtaş', '1970-03-05', 1),
(503, 'Mehmet', 'Koç', '1970-06-22', 2),
(504, 'Merve', 'Yücel', '1970-08-13', 1),
(505, 'Ali', 'Çelik', '1970-09-18', 2),
(506, 'Fatma', 'Beyaz', '1970-11-01', 1),
(507, 'Cem', 'Arslan', '1971-01-28', 2),
(508, 'Seda', 'Kaya', '1971-02-22', 1),
(509, 'Baran', 'Güzel', '1971-04-05', 2),
(510, 'İrem', 'Çetin', '1971-06-16', 1),
(511, 'Serkan', 'Turan', '1971-07-30', 2),
(512, 'Emine', 'Yıldız', '1971-09-23', 1),
(513, 'Okan', 'Koç', '1972-01-11', 2),
(514, 'Büşra', 'Özdemir', '1972-03-12', 1),
(515, 'Yusuf', 'Kaya', '1972-05-27', 2),
(516, 'Elif', 'Süleyman', '1972-07-19', 1),
(517, 'Kaan', 'Güzel', '1972-08-23', 2),
(518, 'Meryem', 'Çelik', '1972-10-17', 1),
(519, 'Emre', 'Demirtaş', '1973-01-29', 2),
(520, 'Derya', 'Koç', '1973-02-14', 1),
(521, 'Cem', 'Yücel', '1973-04-02', 2),
(522, 'Zeynep', 'Beyaz', '1973-06-18', 1),
(523, 'Furkan', 'Turan', '1973-08-10', 2),
(524, 'Sena', 'Yılmaz', '1973-09-29', 1),
(525, 'Barış', 'Çetin', '1973-11-13', 2),
(526, 'İsmail', 'Süleyman', '1974-01-15', 2),
(527, 'Seda', 'Demir', '1974-03-21', 1),
(528, 'Murat', 'Koç', '1974-05-06', 2),
(529, 'Aylin', 'Güzel', '1974-06-17', 1),
(530, 'Kemal', 'Beyaz', '1974-08-04', 2),
(531, 'Zeynep', 'Yücel', '1974-09-25', 1),
(532, 'Mehmet', 'Turan', '1974-11-09', 2),
(533, 'Burak', 'Yıldız', '1975-01-12', 2),
(534, 'Büşra', 'Kaya', '1975-02-15', 1),
(535, 'Emre', 'Özdemir', '1975-04-17', 2),
(536, 'Merve', 'Çelik', '1975-06-29', 1),
(537, 'Serkan', 'Beyaz', '1975-08-08', 2),
(538, 'Gamze', 'Koç', '1975-10-11', 1),
(539, 'Deniz', 'Yıldız', '1975-11-21', 2),
(540, 'Fatma', 'Demirtaş', '1976-01-09', 1),
(541, 'Cem', 'Çetin', '1976-02-25', 2),
(542, 'Okan', 'Yücel', '1976-04-14', 2),
(543, 'Melis', 'Süleyman', '1976-06-19', 1),
(544, 'Baran', 'Turan', '1976-08-03', 2),
(545, 'Elif', 'Koç', '1976-09-17', 1),
(546, 'Ahmet', 'Beyaz', '1976-11-10', 2),
(547, 'Zeynep', 'Demir', '1977-01-30', 1),
(548, 'Yusuf', 'Çelik', '1977-03-15', 2),
(549, 'Murat', 'Koç', '1977-04-24', 2),
(550, 'Seda', 'Güzel', '1977-06-04', 1),
(551, 'Kemal', 'Demirtaş', '1977-07-22', 2),
(552, 'Serkan', 'Yücel', '1977-09-08', 2),
(553, 'Aylin', 'Beyaz', '1977-10-12', 1),
(554, 'İsmail', 'Kaya', '1977-12-02', 2),
(555, 'Meryem', 'Süleyman', '1978-01-17', 1),
(556, 'Baran', 'Çelik', '1978-03-03', 2),
(557, 'Zeynep', 'Turan', '1978-05-01', 1),
(558, 'Furkan', 'Beyaz', '1978-06-19', 2),
(559, 'Sena', 'Özdemir', '1978-07-25', 1),
(560, 'Barış', 'Yıldız', '1978-09-14', 2),
(561, 'Serdar', 'Koç', '1978-10-26', 2),
(562, 'Ali', 'Güzel', '1979-01-06', 2),
(563, 'Büşra', 'Çelik', '1979-02-22', 1),
(564, 'Murat', 'Demirtaş', '1979-04-11', 2),
(565, 'Fatma', 'Kaya', '1979-06-06', 1),
(566, 'Okan', 'Yücel', '1979-07-20', 2),
(567, 'Berk', 'Yıldız', '1979-09-02', 2),
(568, 'Deniz', 'Beyaz', '1979-10-13', 2),
(569, 'Emine', 'Turan', '1979-11-27', 1),
(570, 'Cem', 'Yücel', '1980-01-22', 2),
(571, 'Zeynep', 'Demirtaş', '1980-02-08', 1),
(572, 'Baran', 'Özdemir', '1980-03-14', 2),
(573, 'Seda', 'Çetin', '1980-04-05', 1),
(574, 'Kemal', 'Koç', '1980-05-19', 2),
(575, 'Elif', 'Süleyman', '1980-06-27', 1),
(576, 'Ahmet', 'Kaya', '1980-08-18', 2),
(577, 'Fatma', 'Yücel', '1980-09-21', 1),
(578, 'Serkan', 'Demir', '1980-11-09', 2),
(579, 'Yusuf', 'Beyaz', '1981-01-17', 2),
(580, 'Cem', 'Güzel', '1981-03-09', 2),
(581, 'Meryem', 'Yıldız', '1981-04-15', 1),
(582, 'Baran', 'Koç', '1981-06-23', 2),
(583, 'Okan', 'Çelik', '1981-07-27', 2),
(584, 'İsmail', 'Yücel', '1981-09-05', 2),
(585, 'Zeynep', 'Beyaz', '1981-10-10', 1),
(586, 'Serkan', 'Çetin', '1981-12-19', 2),
(587, 'Deniz', 'Koç', '1982-02-26', 2),
(588, 'Sena', 'Yıldız', '1982-04-13', 1),
(589, 'Mehmet', 'Özdemir', '1982-05-21', 2),
(590, 'Zeynep', 'Süleyman', '1982-07-11', 1),
(591, 'Murat', 'Kaya', '1982-08-30', 2),
(592, 'Kemal', 'Beyaz', '1982-10-18', 2),
(593, 'Ahmet', 'Koç', '1982-12-12', 2),
(594, 'Büşra', 'Güzel', '1983-01-25', 1),
(595, 'Emre', 'Demirtaş', '1983-02-09', 2),
(596, 'Serkan', 'Çelik', '1983-04-22', 2),
(597, 'Okan', 'Turan', '1983-06-13', 2),
(598, 'Barış', 'Yücel', '1983-08-07', 2),
(599, 'Merve', 'Koç', '1983-09-17', 1),
(600, 'Zeynep', 'Beyaz', '1983-11-29', 1),
(601, 'Emre', 'Korkmaz', '1990-01-15', 2),
(602, 'Zeynep', 'Erdoğan', '1990-02-28', 1),
(603, 'Mehmet', 'Güler', '1990-03-09', 2),
(604, 'Fatma', 'Çevik', '1990-04-23', 1),
(605, 'Burak', 'Acar', '1990-05-11', 2),
(606, 'Seda', 'Büyük', '1990-06-16', 1),
(607, 'Murat', 'Özdemir', '1990-07-03', 2),
(608, 'Aylin', 'Kılıç', '1990-08-26', 1),
(609, 'Kemal', 'Kurt', '1990-09-04', 2),
(610, 'Zeynep', 'Aktaş', '1990-10-15', 1),
(611, 'Baran', 'Gök', '1990-11-12', 2),
(612, 'Elif', 'Aydın', '1990-12-20', 1),
(613, 'Ahmet', 'Demir', '1991-01-07', 2),
(614, 'Seda', 'Tuna', '1991-02-03', 1),
(615, 'Mert', 'Yavuz', '1991-03-28', 2),
(616, 'Melis', 'Keskin', '1991-04-14', 1),
(617, 'İsmail', 'Yılmaz', '1991-05-01', 2),
(618, 'Cem', 'Aksu', '1991-06-19', 2),
(619, 'Büşra', 'Öztürk', '1991-07-10', 1),
(620, 'Ali', 'Çakır', '1991-08-04', 2),
(621, 'Meryem', 'Erçelik', '1991-09-15', 1),
(622, 'Emre', 'Kurtuluş', '1991-10-23', 2),
(623, 'İrem', 'Sarı', '1991-11-30', 1),
(624, 'Okan', 'Coşkun', '1992-01-05', 2),
(625, 'Deniz', 'Erdem', '1992-02-17', 2),
(626, 'Fatma', 'Ceylan', '1992-03-22', 1),
(627, 'Serkan', 'Yılmaz', '1992-04-07', 2),
(628, 'Zeynep', 'Kılıç', '1992-05-18', 1),
(629, 'Barış', 'Sönmez', '1992-06-30', 2),
(630, 'Mehmet', 'Dönmez', '1992-07-22', 2),
(631, 'Aylin', 'Türk', '1992-08-14', 1),
(632, 'Emre', 'Süleyman', '1992-09-06', 2),
(633, 'Melis', 'Arslan', '1992-10-25', 1),
(634, 'Burak', 'Aydın', '1992-11-18', 2),
(635, 'Seda', 'Balcı', '1993-01-03', 1),
(636, 'Ali', 'Yılmaz', '1993-02-17', 2),
(637, 'Ahmet', 'Sönmez', '1993-03-05', 2),
(638, 'Meryem', 'Özkan', '1993-04-08', 1),
(639, 'Deniz', 'Coşkun', '1993-05-25', 2),
(640, 'Serdar', 'Yavuz', '1993-06-20', 2),
(641, 'Zeynep', 'Çınar', '1993-07-12', 1),
(642, 'Cem', 'Ergin', '1993-08-30', 2),
(643, 'İrem', 'Çelik', '1993-09-17', 1),
(644, 'Mert', 'Öztürk', '1993-10-01', 2),
(645, 'Elif', 'Demirci', '1993-11-26', 1),
(646, 'Okan', 'Kara', '1993-12-18', 2),
(647, 'Büşra', 'Köksal', '1994-01-23', 1),
(648, 'Murat', 'Büyük', '1994-02-06', 2),
(649, 'Mehmet', 'Acar', '1994-03-19', 2),
(650, 'Fatma', 'Gök', '1994-04-12', 1),
(651, 'Serkan', 'Aksu', '1994-05-04', 2),
(652, 'Meryem', 'Turan', '1994-06-23', 1),
(653, 'Emre', 'Sarı', '1994-07-08', 2),
(654, 'Ali', 'Kurt', '1994-08-19', 2),
(655, 'Barış', 'Yavuz', '1994-09-09', 2),
(656, 'Zeynep', 'Balcı', '1994-10-16', 1),
(657, 'İsmail', 'Dönmez', '1994-11-02', 2),
(658, 'Deniz', 'Keskin', '1994-12-28', 2),
(659, 'Büşra', 'Yılmaz', '1995-01-11', 1),
(660, 'Emre', 'Kılıç', '1995-02-02', 2),
(661, 'Mert', 'Kurtuluş', '1995-03-23', 2),
(662, 'Zeynep', 'Aydın', '1995-04-10', 1),
(663, 'Ahmet', 'Köksal', '1995-05-01', 2),
(664, 'İrem', 'Kurt', '1995-06-13', 1),
(665, 'Melis', 'Süleyman', '1995-07-18', 1),
(666, 'Okan', 'Acar', '1995-08-03', 2),
(667, 'Fatma', 'Öztürk', '1995-09-25', 1),
(668, 'Cem', 'Çınar', '1995-10-17', 2),
(669, 'Seda', 'Demir', '1995-11-09', 1),
(670, 'Burak', 'Aydın', '1995-12-05', 2),
(671, 'Serkan', 'Güler', '1996-01-18', 2),
(672, 'Meryem', 'Büyük', '1996-02-26', 1),
(673, 'Ali', 'Çevik', '1996-03-21', 2),
(674, 'Zeynep', 'Arslan', '1996-04-07', 1),
(675, 'Murat', 'Keskin', '1996-05-12', 2),
(676, 'Okan', 'Öztürk', '1996-06-02', 2),
(677, 'Baran', 'Gök', '1996-07-09', 2),
(678, 'Emre', 'Türk', '1996-08-19', 2),
(679, 'İsmail', 'Aydın', '1996-09-27', 2),
(680, 'Meryem', 'Kurt', '1996-10-24', 1),
(681, 'Seda', 'Büyük', '1996-11-11', 1),
(682, 'Serdar', 'Aksu', '1996-12-03', 2),
(683, 'Fatma', 'Güler', '1997-01-02', 1),
(684, 'Zeynep', 'Keskin', '1997-02-25', 1),
(685, 'Emre', 'Yavuz', '1997-03-12', 2),
(686, 'Ali', 'Türk', '1997-04-16', 2),
(687, 'Mert', 'Özdemir', '1997-05-27', 2),
(688, 'Okan', 'Büyük', '1997-06-15', 2),
(689, 'Serkan', 'Acar', '1997-07-09', 2),
(690, 'Melis', 'Demir', '1997-08-13', 1),
(691, 'İrem', 'Çevik', '1997-09-02', 1),
(692, 'Deniz', 'Yavuz', '1997-10-25', 2),
(693, 'Barış', 'Keskin', '1997-11-21', 2),
(694, 'Fatma', 'Sarı', '1997-12-07', 1),
(695, 'Serdar', 'Yavuz', '1998-01-29', 2),
(696, 'Mert', 'Balcı', '1998-02-10', 2),
(697, 'Zeynep', 'Aydın', '1998-03-13', 1),
(698, 'Burak', 'Kurt', '1998-04-04', 2),
(699, 'Emine', 'Köksal', '1998-05-30', 1),
(700, 'Okan', 'Yavuz', '1998-06-22', 2),
(701, 'Ahmet', 'Yılmaz', '2000-01-15', 2),
(702, 'Zeynep', 'Kurtuluş', '2000-02-05', 1),
(703, 'Mehmet', 'Sarı', '2000-03-08', 2),
(704, 'Fatma', 'Gök', '2000-04-18', 1),
(705, 'Murat', 'Çelik', '2000-05-03', 2),
(706, 'Seda', 'Büyük', '2000-06-20', 1),
(707, 'Baran', 'Aydın', '2000-07-15', 2),
(708, 'İrem', 'Öztürk', '2000-08-10', 1),
(709, 'Kemal', 'Demir', '2000-09-11', 2),
(710, 'Aylin', 'Kılıç', '2000-10-17', 1),
(711, 'Emre', 'Erdoğan', '2000-11-29', 2),
(712, 'Zeynep', 'Yavuz', '2001-01-12', 1),
(713, 'Ali', 'Güler', '2001-02-03', 2),
(714, 'Zeynep', 'Arslan', '2001-03-25', 1),
(715, 'Emre', 'Aksu', '2001-04-13', 2),
(716, 'Seda', 'Kurt', '2001-05-07', 1),
(717, 'Barış', 'Süleyman', '2001-06-28', 2),
(718, 'Deniz', 'Yılmaz', '2001-07-18', 2),
(719, 'Fatma', 'Turan', '2001-08-25', 1),
(720, 'Mert', 'Balcı', '2001-09-21', 2),
(721, 'Cem', 'Gök', '2001-10-12', 2),
(722, 'Elif', 'Yavuz', '2001-11-05', 1),
(723, 'Okan', 'Keskin', '2001-12-22', 2),
(724, 'Emine', 'Kılıç', '2002-01-09', 1),
(725, 'Mehmet', 'Demirci', '2002-02-17', 2),
(726, 'Barış', 'Kurt', '2002-03-30', 2),
(727, 'Büşra', 'Öztürk', '2002-04-12', 1),
(728, 'Serkan', 'Yavuz', '2002-05-20', 2),
(729, 'Meryem', 'Acar', '2002-06-03', 1),
(730, 'Emre', 'Büyük', '2002-07-08', 2),
(731, 'İsmail', 'Keskin', '2002-08-23', 2),
(732, 'Zeynep', 'Sarı', '2002-09-13', 1),
(733, 'Fatma', 'Yılmaz', '2002-10-14', 1),
(734, 'Burak', 'Çevik', '2002-11-10', 2),
(735, 'Serdar', 'Yavuz', '2002-12-01', 2),
(736, 'Ali', 'Arslan', '2003-01-20', 2),
(737, 'Aylin', 'Demir', '2003-02-04', 1),
(738, 'İbrahim', 'Güler', '2003-03-15', 2),
(739, 'Melis', 'Erdoğan', '2003-04-09', 1),
(740, 'Okan', 'Süleyman', '2003-05-23', 2),
(741, 'Büşra', 'Kurtuluş', '2003-06-13', 1),
(742, 'Baran', 'Aksu', '2003-07-25', 2),
(743, 'Deniz', 'Arslan', '2003-08-11', 2),
(744, 'Zeynep', 'Demir', '2003-09-16', 1),
(745, 'Emre', 'Öztürk', '2003-10-02', 2),
(746, 'Zeynep', 'Gök', '2003-11-14', 1),
(747, 'Serkan', 'Türk', '2003-12-03', 2),
(748, 'Burak', 'Acar', '2003-01-29', 2),
(749, 'Fatma', 'Çelik', '2003-02-07', 1),
(750, 'Murat', 'Özdemir', '2003-03-12', 2),
(751, 'Zeynep', 'Keskin', '2003-04-30', 1),
(752, 'Mert', 'Kılıç', '2003-05-17', 2),
(753, 'Ali', 'Yavuz', '2003-06-08', 2),
(754, 'Emre', 'Aydın', '2003-07-20', 2),
(755, 'Fatma', 'Türk', '2003-08-01', 1),
(756, 'Mehmet', 'Çınar', '2003-09-18', 2),
(757, 'Seda', 'Kurt', '2003-10-05', 1),
(758, 'Mert', 'Yılmaz', '2003-11-21', 2),
(759, 'Okan', 'Erdoğan', '2003-12-15', 2),
(760, 'Burak', 'Demir', '2003-01-10', 2),
(761, 'Serkan', 'Büyük', '2003-02-22', 2),
(762, 'Murat', 'Keskin', '2003-03-05', 2),
(763, 'Melis', 'Öztürk', '2003-04-17', 1),
(764, 'İsmail', 'Yavuz', '2003-05-12', 2),
(765, 'Barış', 'Aydın', '2003-06-29', 2),
(766, 'Deniz', 'Kurt', '2003-07-04', 2),
(767, 'Ahmet', 'Süleyman', '2003-08-27', 2),
(768, 'Zeynep', 'Aydın', '2003-09-23', 1),
(769, 'Büşra', 'Demirci', '2003-10-10', 1),
(770, 'Okan', 'Özdemir', '2003-11-02', 2),
(771, 'İbrahim', 'Erdoğan', '2003-12-18', 2),
(772, 'Mert', 'Aksu', '2003-01-22', 2),
(773, 'Melis', 'Balcı', '2003-02-19', 1),
(774, 'Emre', 'Yılmaz', '2003-03-29', 2),
(775, 'Serkan', 'Kurt', '2003-04-11', 2),
(776, 'Ali', 'Aydın', '2003-05-06', 2),
(777, 'Burak', 'Süleyman', '2003-06-14', 2),
(778, 'Zeynep', 'Yavuz', '2003-07-09', 1),
(779, 'Cem', 'Erdoğan', '2003-08-03', 2),
(780, 'Ahmet', 'Büyük', '2003-09-25', 2),
(781, 'Murat', 'Balcı', '2003-10-13', 2),
(782, 'Serdar', 'Çelik', '2003-11-28', 2),
(783, 'Büşra', 'Öztürk', '2003-12-02', 1),
(784, 'Mehmet', 'Keskin', '2003-01-19', 2),
(785, 'Burak', 'Çevik', '2003-02-23', 2),
(786, 'Fatma', 'Yılmaz', '2003-03-14', 1),
(787, 'Zeynep', 'Öztürk', '2003-04-03', 1),
(788, 'Okan', 'Güler', '2003-05-21', 2),
(789, 'Serdar', 'Yavuz', '2003-06-25', 2),
(790, 'İsmail', 'Aydın', '2003-07-17', 2),
(791, 'Mert', 'Gök', '2003-08-29', 2),
(792, 'Deniz', 'Süleyman', '2003-09-08', 2),
(793, 'Zeynep', 'Kurt', '2003-10-26', 1),
(794, 'Ahmet', 'Erdoğan', '2003-11-05', 2),
(795, 'Murat', 'Süleyman', '2003-12-20', 2),
(796, 'Baran', 'Aydın', '2003-01-04', 2),
(797, 'Zeynep', 'Çelik', '2003-02-17', 1),
(798, 'Okan', 'Türk', '2003-03-19', 2),
(799, 'Ali', 'Süleyman', '2003-04-28', 2),
(800, 'Fatma', 'Keskin', '2003-05-09', 1),
(801, 'Zeynep', 'Yılmaz', '1995-01-14', 1),
(802, 'Fatma', 'Kurtuluş', '1995-02-12', 1),
(803, 'Mehmet', 'Sarı', '1995-03-20', 2),
(804, 'Elif', 'Gök', '1995-04-18', 1),
(805, 'Murat', 'Çelik', '1995-05-23', 2),
(806, 'Seda', 'Büyük', '1995-06-08', 1),
(807, 'Baran', 'Aydın', '1995-07-13', 2),
(808, 'İrem', 'Öztürk', '1995-08-25', 1),
(809, 'Kemal', 'Demir', '1995-09-05', 2),
(810, 'Aylin', 'Kılıç', '1995-10-09', 1),
(811, 'Emre', 'Erdoğan', '1995-11-11', 2),
(812, 'Zeynep', 'Yavuz', '1996-01-30', 1),
(813, 'Ali', 'Güler', '1996-02-25', 2),
(814, 'Zeynep', 'Arslan', '1996-03-17', 1),
(815, 'Emre', 'Aksu', '1996-04-10', 2),
(816, 'Seda', 'Kurt', '1996-05-05', 1),
(817, 'Barış', 'Süleyman', '1996-06-12', 2),
(818, 'Deniz', 'Yılmaz', '1996-07-21', 2),
(819, 'Fatma', 'Turan', '1996-08-22', 1),
(820, 'Mert', 'Balcı', '1996-09-17', 2),
(821, 'Cem', 'Gök', '1996-10-10', 2),
(822, 'Elif', 'Yavuz', '1996-11-05', 1),
(823, 'Okan', 'Keskin', '1996-12-15', 2),
(824, 'Emine', 'Kılıç', '1997-01-12', 1),
(825, 'Mehmet', 'Demirci', '1997-02-04', 2),
(826, 'Barış', 'Kurt', '1997-03-19', 2),
(827, 'Büşra', 'Öztürk', '1997-04-09', 1),
(828, 'Serkan', 'Yavuz', '1997-05-16', 2),
(829, 'Meryem', 'Acar', '1997-06-18', 1),
(830, 'Emre', 'Büyük', '1997-07-06', 2),
(831, 'İsmail', 'Keskin', '1997-08-23', 2),
(832, 'Zeynep', 'Sarı', '1997-09-04', 1),
(833, 'Fatma', 'Yılmaz', '1997-10-22', 1),
(834, 'Burak', 'Çevik', '1997-11-11', 2),
(835, 'Serdar', 'Yavuz', '1997-12-18', 2),
(836, 'Ali', 'Arslan', '1998-01-05', 2),
(837, 'Aylin', 'Demir', '1998-02-01', 1),
(838, 'İbrahim', 'Güler', '1998-03-14', 2),
(839, 'Melis', 'Erdoğan', '1998-04-20', 1),
(840, 'Okan', 'Süleyman', '1998-05-15', 2),
(841, 'Büşra', 'Kurtuluş', '1998-06-07', 1),
(842, 'Baran', 'Aksu', '1998-07-22', 2),
(843, 'Deniz', 'Arslan', '1998-08-03', 2),
(844, 'Zeynep', 'Demir', '1998-09-10', 1),
(845, 'Emre', 'Öztürk', '1998-10-28', 2),
(846, 'Zeynep', 'Gök', '1998-11-14', 1),
(847, 'Serkan', 'Türk', '1998-12-02', 2),
(848, 'Burak', 'Acar', '1998-01-18', 2),
(849, 'Fatma', 'Çelik', '1998-02-23', 1),
(850, 'Murat', 'Özdemir', '1998-03-11', 2),
(851, 'Zeynep', 'Keskin', '1998-04-06', 1),
(852, 'Mert', 'Kılıç', '1998-05-21', 2),
(853, 'Ali', 'Yavuz', '1998-06-12', 2),
(854, 'Emre', 'Aydın', '1998-07-17', 2),
(855, 'Fatma', 'Türk', '1998-08-25', 1),
(856, 'Mehmet', 'Çınar', '1998-09-02', 2),
(857, 'Seda', 'Kurt', '1998-10-17', 1),
(858, 'Mert', 'Yılmaz', '1998-11-09', 2),
(859, 'Okan', 'Erdoğan', '1998-12-14', 2),
(860, 'Burak', 'Demir', '1998-01-07', 2),
(861, 'Serkan', 'Büyük', '1998-02-19', 2),
(862, 'Murat', 'Keskin', '1998-03-29', 2),
(863, 'Melis', 'Öztürk', '1998-04-12', 1),
(864, 'İsmail', 'Yavuz', '1998-05-02', 2),
(865, 'Barış', 'Aydın', '1998-06-22', 2),
(866, 'Deniz', 'Kurt', '1998-07-04', 2),
(867, 'Ahmet', 'Süleyman', '1998-08-11', 2),
(868, 'Zeynep', 'Aydın', '1998-09-30', 1),
(869, 'Büşra', 'Demirci', '1998-10-21', 1),
(870, 'Okan', 'Özdemir', '1998-11-02', 2),
(871, 'İbrahim', 'Erdoğan', '1998-12-18', 2),
(872, 'Mert', 'Aksu', '1998-01-25', 2),
(873, 'Melis', 'Balcı', '1998-02-17', 1),
(874, 'Emre', 'Yılmaz', '1998-03-11', 2),
(875, 'Serkan', 'Kurt', '1998-04-06', 2),
(876, 'Ali', 'Aydın', '1998-05-14', 2),
(877, 'Burak', 'Süleyman', '1998-06-27', 2),
(878, 'Zeynep', 'Yavuz', '1998-07-02', 1),
(879, 'Cem', 'Erdoğan', '1998-08-29', 2),
(880, 'Ahmet', 'Büyük', '1998-09-25', 2),
(881, 'Murat', 'Balcı', '1998-10-13', 2),
(882, 'Serdar', 'Çelik', '1998-11-28', 2),
(883, 'Büşra', 'Öztürk', '1998-12-04', 1),
(884, 'Mehmet', 'Keskin', '1998-01-19', 2),
(885, 'Burak', 'Çevik', '1998-02-23', 2),
(886, 'Fatma', 'Yılmaz', '1998-03-14', 1),
(887, 'Zeynep', 'Öztürk', '1998-04-03', 1),
(888, 'Okan', 'Güler', '1998-05-21', 2),
(889, 'Serdar', 'Yavuz', '1998-06-25', 2),
(890, 'İsmail', 'Aydın', '1998-07-17', 2),
(891, 'Mert', 'Gök', '1998-08-29', 2),
(892, 'Deniz', 'Süleyman', '1998-09-08', 2),
(893, 'Zeynep', 'Kurt', '1998-10-26', 1),
(894, 'Ahmet', 'Erdoğan', '1998-11-05', 2),
(895, 'Murat', 'Süleyman', '1998-12-20', 2),
(896, 'Baran', 'Aydın', '1998-01-04', 2),
(897, 'Zeynep', 'Çelik', '1998-02-17', 1),
(898, 'Okan', 'Türk', '1998-03-19', 2),
(899, 'Ali', 'Süleyman', '1998-04-28', 2),
(900, 'Fatma', 'Keskin', '1998-05-09', 1),
(901, 'Zeynep', 'Yılmaz', '2000-01-01', 1),
(902, 'Elif', 'Öztürk', '2000-02-05', 1),
(903, 'Seda', 'Kurt', '2000-03-15', 1),
(904, 'Merve', 'Demir', '2000-04-20', 1),
(905, 'Deniz', 'Büyük', '2000-05-10', 1),
(906, 'Fatma', 'Kılıç', '2000-06-30', 1),
(907, 'İrem', 'Süleyman', '2000-07-18', 1),
(908, 'Ayşe', 'Aydın', '2000-08-25', 1),
(909, 'Aylin', 'Çelik', '2000-09-12', 1),
(910, 'Büşra', 'Kurtuluş', '2000-10-03', 1),
(911, 'Seda', 'Yavuz', '2000-11-20', 1),
(912, 'Zeynep', 'Öztürk', '2000-12-09', 1),
(913, 'Elif', 'Demirci', '2001-01-11', 1),
(914, 'Seda', 'Yılmaz', '2001-02-22', 1),
(915, 'Seda', 'Kılıç', '2001-03-14', 1),
(916, 'Merve', 'Yavuz', '2001-04-05', 1),
(917, 'Murat', 'Erdoğan', '2001-05-21', 2),
(918, 'Fatma', 'Acar', '2001-06-12', 1),
(919, 'Zeynep', 'Arslan', '2001-07-07', 1),
(920, 'İrem', 'Aydın', '2001-08-13', 1),
(921, 'Elif', 'Gök', '2001-09-25', 1),
(922, 'Merve', 'Güler', '2001-10-17', 1),
(923, 'Aylin', 'Büyük', '2001-11-28', 1),
(924, 'Zeynep', 'Kurt', '2002-01-14', 1),
(925, 'İrem', 'Yavuz', '2002-02-02', 1),
(926, 'Merve', 'Gök', '2002-03-13', 1),
(927, 'Fatma', 'Öztürk', '2002-04-22', 1),
(928, 'Büşra', 'Kurtuluş', '2002-05-04', 1),
(929, 'Büşra', 'Aydın', '2002-06-06', 1),
(930, 'Büşra', 'Süleyman', '2002-07-09', 1),
(931, 'Zeynep', 'Çelik', '2002-08-22', 1),
(932, 'Fatma', 'Büyük', '2002-09-18', 1),
(933, 'Seda', 'Kurt', '2002-10-19', 1),
(934, 'Zeynep', 'Acar', '2002-11-03', 1),
(935, 'Zeynep', 'Yavuz', '2002-12-12', 1),
(936, 'Merve', 'Balcı', '2003-01-01', 1),
(937, 'Murat', 'Çelik', '2003-02-09', 2),
(938, 'Seda', 'Süleyman', '2003-03-16', 1),
(939, 'Merve', 'Öztürk', '2003-04-11', 1),
(940, 'Ayşe', 'Yavuz', '2003-05-07', 1),
(941, 'Zeynep', 'Aydın', '2003-06-18', 1),
(942, 'Seda', 'Güler', '2003-07-22', 1),
(943, 'İrem', 'Yılmaz', '2003-08-15', 1),
(944, 'Zeynep', 'Gök', '2003-09-20', 1),
(945, 'Fatma', 'Demir', '2003-10-12', 1),
(946, 'Aylin', 'Süleyman', '2003-11-23', 1),
(947, 'İrem', 'Çelik', '2003-12-03', 1),
(948, 'Fatma', 'Aydın', '2004-01-19', 1),
(949, 'Zeynep', 'Keskin', '2004-02-26', 1),
(950, 'Merve', 'Süleyman', '2004-03-30', 1),
(951, 'Seda', 'Demirci', '2004-04-07', 1),
(952, 'Seda', 'Aksu', '2004-05-13', 1),
(953, 'Fatma', 'Balcı', '2004-06-04', 1),
(954, 'Zeynep', 'Büyük', '2004-07-21', 1),
(955, 'Fatma', 'Güler', '2004-08-17', 1),
(956, 'Zeynep', 'Kurtuluş', '2004-09-23', 1),
(957, 'İrem', 'Demir', '2004-10-16', 1),
(958, 'Büşra', 'Acar', '2004-11-01', 1),
(959, 'Elif', 'Yavuz', '2004-12-14', 1),
(960, 'Seda', 'Kılıç', '2005-01-28', 1),
(961, 'Fatma', 'Büyük', '2005-02-12', 1),
(962, 'Zeynep', 'Arslan', '2005-03-03', 1),
(963, 'Merve', 'Özdemir', '2005-04-04', 1),
(964, 'Seda', 'Kurt', '2005-05-15', 1),
(965, 'Zeynep', 'Balcı', '2005-06-17', 1),
(966, 'Merve', 'Kılıç', '2005-07-19', 1),
(967, 'Fatma', 'Demirci', '2005-08-10', 1),
(968, 'Aylin', 'Kurt', '2005-09-02', 1),
(969, 'Büşra', 'Yavuz', '2005-10-13', 1),
(970, 'Elif', 'Aydın', '2005-11-09', 1),
(971, 'Fatma', 'Süleyman', '2005-12-22', 1),
(972, 'Büşra', 'Çelik', '2006-01-14', 1),
(973, 'Seda', 'Acar', '2006-02-26', 1),
(974, 'Fatma', 'Yavuz', '2006-03-22', 1),
(975, 'Zeynep', 'Demir', '2006-04-18', 1),
(976, 'Elif', 'Kurtuluş', '2006-05-29', 1),
(977, 'Fatma', 'Keskin', '2006-06-05', 1),
(978, 'Merve', 'Kurt', '2006-07-12', 1),
(979, 'Fatma', 'Balcı', '2006-08-01', 1),
(980, 'Zeynep', 'Aydın', '2006-09-23', 1),
(981, 'Zeynep', 'Gök', '2006-10-14', 1),
(982, 'Fatma', 'Çelik', '2006-11-05', 1),
(983, 'Elif', 'Arslan', '2006-12-16', 1),
(984, 'Zeynep', 'Yavuz', '2006-01-07', 1),
(985, 'Zeynep', 'Büyük', '2006-02-14', 1),
(986, 'Zeynep', 'Öztürk', '2006-03-03', 1),
(987, 'Fatma', 'Demir', '2006-04-17', 1),
(988, 'Merve', 'Kılıç', '2006-05-24', 1),
(989, 'Büşra', 'Süleyman', '2006-06-13', 1),
(990, 'Fatma', 'Güler', '2006-07-19', 1),
(991, 'Zeynep', 'Yavuz', '2006-08-11', 1),
(992, 'Fatma', 'Öztürk', '2006-09-22', 1),
(993, 'Büşra', 'Kurt', '2006-10-08', 1),
(994, 'Zeynep', 'Süleyman', '2006-11-24', 1),
(995, 'Elif', 'Çelik', '2006-12-09', 1),
(996, 'Büşra', 'Gök', '2006-01-12', 1),
(997, 'Fatma', 'Demirci', '2006-02-07', 1),
(998, 'Zeynep', 'Acar', '2006-03-30', 1),
(999, 'Zeynep', 'Kurtuluş', '2006-04-21', 1),
(1000, 'Zeynep', 'Balcı', '2006-05-16', 1),
(1001, 'Zeynep', 'Süleyman', '2000-01-25', 1),
(1002, 'Merve', 'Kurt', '2000-02-11', 1),
(1003, 'Ayşe', 'Yavuz', '2000-03-13', 1),
(1004, 'Zeynep', 'Çelik', '2000-04-20', 1),
(1005, 'Fatma', 'Öztürk', '2000-05-17', 1),
(1006, 'İrem', 'Büyük', '2000-06-01', 1),
(1007, 'Zeynep', 'Aydın', '2000-07-09', 1),
(1008, 'Murat', 'Demir', '2000-08-03', 2),
(1009, 'Zeynep', 'Güler', '2000-09-25', 1),
(1010, 'Zeynep', 'Balcı', '2001-01-05', 1),
(1011, 'Fatma', 'Acar', '2001-02-22', 1),
(1012, 'Seda', 'Süleyman', '2001-03-29', 1);

-- --------------------------------------------------------

--
-- Tablo için tablo yapısı `satislar`
--

DROP TABLE IF EXISTS `satislar`;
CREATE TABLE IF NOT EXISTS `satislar` (
  `satis_id` int NOT NULL,
  `satis_adedi` int NOT NULL,
  `sube_id` int NOT NULL,
  `urun_id` int NOT NULL,
  `musteri_id` int NOT NULL,
  `satis_tarihi` date NOT NULL,
  PRIMARY KEY (`satis_id`),
  KEY `sube_id` (`sube_id`),
  KEY `urun_id` (`urun_id`),
  KEY `musteri_id` (`musteri_id`),
  KEY `sube_id_2` (`sube_id`,`urun_id`,`musteri_id`)
) ENGINE=InnoDB DEFAULT CHARSET=utf8mb4 COLLATE=utf8mb4_turkish_ci;

--
-- Tablo döküm verisi `satislar`
--

INSERT INTO `satislar` (`satis_id`, `satis_adedi`, `sube_id`, `urun_id`, `musteri_id`, `satis_tarihi`) VALUES
(1, 3, 1, 10, 5, '2024-01-01'),
(2, 4, 2, 15, 25, '2024-01-02'),
(3, 2, 3, 20, 40, '2024-01-03'),
(4, 1, 4, 5, 50, '2024-01-04'),
(5, 5, 5, 30, 60, '2024-01-05'),
(6, 3, 6, 25, 70, '2024-01-06'),
(7, 4, 7, 35, 80, '2024-01-07'),
(8, 2, 8, 10, 90, '2024-01-08'),
(9, 5, 9, 9, 100, '2024-01-09'),
(10, 1, 10, 5, 1, '2024-01-10'),
(11, 4, 1, 15, 2, '2024-01-11'),
(12, 3, 2, 25, 3, '2024-01-12'),
(13, 5, 3, 30, 4, '2024-01-13'),
(14, 2, 4, 35, 5, '2024-01-14'),
(15, 1, 5, 10, 6, '2024-01-15'),
(16, 4, 6, 20, 7, '2024-01-16'),
(17, 3, 7, 25, 8, '2024-01-17'),
(18, 5, 8, 30, 9, '2024-01-18'),
(19, 2, 9, 35, 10, '2024-01-19'),
(20, 4, 10, 8, 11, '2024-01-20'),
(21, 1, 1, 5, 12, '2024-01-21'),
(22, 3, 2, 15, 13, '2024-01-22'),
(23, 4, 3, 25, 14, '2024-01-23'),
(24, 5, 4, 35, 15, '2024-01-24'),
(25, 2, 5, 10, 16, '2024-01-25'),
(26, 3, 6, 20, 17, '2024-01-26'),
(27, 1, 7, 30, 18, '2024-01-27'),
(28, 4, 8, 25, 19, '2024-01-28'),
(29, 2, 9, 5, 20, '2024-01-29'),
(30, 3, 10, 35, 21, '2024-01-30'),
(31, 4, 1, 15, 22, '2024-01-31'),
(32, 2, 2, 25, 23, '2024-01-01'),
(33, 1, 3, 35, 24, '2024-01-02'),
(34, 5, 4, 10, 25, '2024-01-03'),
(35, 3, 5, 20, 26, '2024-01-04'),
(36, 4, 6, 30, 27, '2024-01-05'),
(37, 2, 7, 7, 28, '2024-01-06'),
(38, 3, 8, 15, 29, '2024-01-07'),
(39, 1, 9, 25, 30, '2024-01-08'),
(40, 4, 10, 35, 31, '2024-01-09'),
(41, 5, 1, 5, 32, '2024-01-10'),
(42, 2, 2, 10, 33, '2024-01-11'),
(43, 4, 3, 20, 34, '2024-01-12'),
(44, 3, 4, 30, 35, '2024-01-13'),
(45, 2, 5, 6, 36, '2024-01-14'),
(46, 5, 6, 10, 37, '2024-01-15'),
(47, 4, 7, 15, 38, '2024-01-16'),
(48, 3, 8, 25, 39, '2024-01-17'),
(49, 1, 9, 35, 40, '2024-01-18'),
(50, 5, 10, 4, 41, '2024-01-19'),
(51, 2, 1, 5, 42, '2024-01-20'),
(52, 3, 2, 10, 43, '2024-01-21'),
(53, 4, 3, 20, 44, '2024-01-22'),
(54, 5, 4, 30, 45, '2024-01-23'),
(55, 2, 5, 35, 46, '2024-01-24'),
(56, 1, 6, 25, 47, '2024-01-25'),
(57, 4, 7, 10, 48, '2024-01-26'),
(58, 3, 8, 2, 49, '2024-01-27'),
(59, 5, 9, 30, 50, '2024-01-28'),
(60, 2, 10, 25, 51, '2024-01-29'),
(61, 3, 1, 35, 52, '2024-01-30'),
(62, 4, 2, 15, 53, '2024-01-31'),
(63, 2, 3, 5, 54, '2024-01-01'),
(64, 5, 4, 25, 55, '2024-01-02'),
(65, 4, 5, 35, 56, '2024-01-03'),
(66, 3, 6, 15, 57, '2024-01-04'),
(67, 2, 7, 5, 58, '2024-01-05'),
(68, 4, 8, 10, 59, '2024-01-06'),
(69, 3, 9, 20, 60, '2024-01-07'),
(70, 5, 10, 25, 61, '2024-01-08'),
(71, 2, 1, 35, 62, '2024-01-09'),
(72, 4, 2, 1, 63, '2024-01-10'),
(73, 1, 3, 5, 64, '2024-01-11'),
(74, 3, 4, 10, 65, '2024-01-12'),
(75, 4, 5, 15, 66, '2024-01-13'),
(76, 2, 6, 25, 67, '2024-01-14'),
(77, 5, 7, 30, 68, '2024-01-15'),
(78, 4, 8, 5, 69, '2024-01-16'),
(79, 2, 9, 10, 70, '2024-01-17'),
(80, 1, 10, 15, 71, '2024-01-18'),
(81, 5, 1, 25, 72, '2024-01-19'),
(82, 3, 2, 30, 73, '2024-01-20'),
(83, 4, 3, 10, 74, '2024-01-21'),
(84, 2, 4, 15, 75, '2024-01-22'),
(85, 1, 5, 25, 76, '2024-01-23'),
(86, 5, 6, 35, 77, '2024-01-24'),
(87, 3, 7, 30, 78, '2024-01-25'),
(88, 4, 8, 10, 79, '2024-01-26'),
(89, 2, 9, 20, 80, '2024-01-27'),
(90, 5, 10, 15, 81, '2024-01-28'),
(91, 3, 1, 25, 82, '2024-01-29'),
(92, 4, 2, 30, 83, '2024-01-30'),
(93, 2, 3, 35, 84, '2024-01-31'),
(94, 5, 4, 5, 85, '2024-01-01'),
(95, 1, 5, 15, 86, '2024-01-02'),
(96, 3, 6, 25, 87, '2024-01-03'),
(97, 4, 7, 35, 88, '2024-01-04'),
(98, 5, 8, 30, 89, '2024-01-05'),
(99, 2, 9, 10, 90, '2024-01-06'),
(100, 3, 10, 25, 91, '2024-01-07'),
(101, 3, 1, 10, 5, '2024-02-01'),
(102, 2, 2, 25, 50, '2024-02-02'),
(103, 4, 3, 17, 123, '2024-02-03'),
(104, 1, 4, 3, 250, '2024-02-04'),
(105, 5, 5, 9, 34, '2024-02-05'),
(106, 2, 6, 19, 15, '2024-02-06'),
(107, 3, 7, 22, 76, '2024-02-07'),
(108, 1, 8, 6, 211, '2024-02-08'),
(109, 4, 9, 13, 423, '2024-02-09'),
(110, 2, 10, 28, 31, '2024-02-10'),
(111, 5, 1, 16, 528, '2024-02-11'),
(112, 3, 2, 34, 98, '2024-02-12'),
(113, 2, 3, 5, 140, '2024-02-13'),
(114, 4, 4, 30, 999, '2024-02-14'),
(115, 1, 5, 2, 68, '2024-02-15'),
(116, 3, 6, 11, 753, '2024-02-16'),
(117, 5, 7, 18, 21, '2024-02-17'),
(118, 2, 8, 35, 470, '2024-02-18'),
(119, 1, 9, 12, 82, '2024-02-19'),
(120, 4, 10, 24, 536, '2024-02-20'),
(121, 2, 1, 4, 909, '2024-02-21'),
(122, 3, 2, 33, 100, '2024-02-22'),
(123, 4, 3, 1, 65, '2024-02-23'),
(124, 1, 4, 27, 42, '2024-02-24'),
(125, 5, 5, 15, 111, '2024-02-25'),
(126, 2, 6, 7, 79, '2024-02-26'),
(127, 3, 7, 29, 600, '2024-02-27'),
(128, 4, 8, 8, 273, '2024-02-28'),
(129, 5, 9, 20, 635, '2024-02-01'),
(130, 1, 10, 10, 850, '2024-02-02'),
(131, 3, 1, 23, 411, '2024-02-03'),
(132, 4, 2, 25, 170, '2024-02-04'),
(133, 2, 3, 12, 788, '2024-02-05'),
(134, 1, 4, 5, 133, '2024-02-06'),
(135, 3, 5, 26, 555, '2024-02-07'),
(136, 4, 6, 11, 349, '2024-02-08'),
(137, 2, 7, 36, 434, '2024-02-09'),
(138, 5, 8, 14, 521, '2024-02-10'),
(139, 1, 9, 33, 777, '2024-02-11'),
(140, 3, 10, 8, 898, '2024-02-12'),
(141, 2, 1, 28, 253, '2024-02-13'),
(142, 4, 2, 4, 540, '2024-02-14'),
(143, 3, 3, 16, 38, '2024-02-15'),
(144, 1, 4, 9, 411, '2024-02-16'),
(145, 5, 5, 18, 310, '2024-02-17'),
(146, 2, 6, 12, 680, '2024-02-18'),
(147, 3, 7, 31, 137, '2024-02-19'),
(148, 4, 8, 22, 968, '2024-02-20'),
(149, 2, 9, 27, 475, '2024-02-21'),
(150, 3, 10, 15, 271, '2024-02-22'),
(151, 1, 1, 6, 609, '2024-02-23'),
(152, 5, 2, 10, 314, '2024-02-24'),
(153, 2, 3, 33, 67, '2024-02-25'),
(154, 4, 4, 25, 128, '2024-02-26'),
(155, 1, 5, 11, 239, '2024-02-27'),
(156, 3, 6, 7, 813, '2024-02-28'),
(157, 2, 7, 17, 92, '2024-02-01'),
(158, 4, 8, 20, 58, '2024-02-02'),
(159, 1, 9, 5, 640, '2024-02-03'),
(160, 3, 10, 36, 73, '2024-02-04'),
(161, 2, 1, 8, 564, '2024-02-05'),
(162, 4, 2, 26, 356, '2024-02-06'),
(163, 5, 3, 13, 920, '2024-02-07'),
(164, 2, 4, 17, 617, '2024-02-08'),
(165, 3, 5, 28, 105, '2024-02-09'),
(166, 4, 6, 21, 497, '2024-02-10'),
(167, 1, 7, 10, 768, '2024-02-11'),
(168, 5, 8, 12, 34, '2024-02-12'),
(169, 3, 9, 34, 800, '2024-02-13'),
(170, 2, 10, 24, 186, '2024-02-14'),
(171, 5, 1, 7, 302, '2024-02-15'),
(172, 4, 2, 18, 671, '2024-02-16'),
(173, 1, 3, 22, 401, '2024-02-17'),
(174, 3, 4, 1, 174, '2024-02-18'),
(175, 5, 5, 19, 555, '2024-02-19'),
(176, 2, 6, 10, 832, '2024-02-20'),
(177, 4, 7, 6, 962, '2024-02-21'),
(178, 3, 8, 14, 425, '2024-02-22'),
(179, 1, 9, 25, 24, '2024-02-23'),
(180, 2, 10, 3, 743, '2024-02-24'),
(181, 5, 1, 19, 950, '2024-02-25'),
(182, 3, 2, 30, 382, '2024-02-26'),
(183, 4, 3, 15, 451, '2024-02-27'),
(184, 1, 4, 8, 812, '2024-02-28'),
(185, 3, 5, 12, 101, '2024-02-01'),
(186, 2, 6, 31, 29, '2024-02-02'),
(187, 5, 7, 27, 513, '2024-02-03'),
(188, 3, 8, 23, 359, '2024-02-04'),
(189, 4, 9, 17, 117, '2024-02-05'),
(190, 1, 10, 6, 497, '2024-02-06'),
(191, 2, 1, 35, 257, '2024-02-07'),
(192, 3, 2, 28, 666, '2024-02-08'),
(193, 4, 3, 22, 387, '2024-02-09'),
(194, 1, 4, 15, 540, '2024-02-10'),
(195, 5, 5, 5, 618, '2024-02-11'),
(196, 2, 6, 11, 462, '2024-02-12'),
(197, 3, 7, 9, 833, '2024-02-13'),
(198, 4, 8, 27, 174, '2024-02-14'),
(199, 1, 9, 24, 98, '2024-02-15'),
(200, 3, 10, 19, 905, '2024-02-16'),
(201, 3, 1, 10, 211, '2024-02-17'),
(202, 2, 2, 25, 322, '2024-02-18'),
(203, 4, 3, 17, 433, '2024-02-19'),
(204, 1, 4, 3, 544, '2024-02-20'),
(205, 5, 5, 9, 655, '2024-02-21'),
(206, 2, 6, 19, 766, '2024-02-22'),
(207, 3, 7, 22, 877, '2024-02-23'),
(208, 1, 8, 6, 988, '2024-02-24'),
(209, 4, 9, 13, 109, '2024-02-25'),
(210, 2, 10, 28, 220, '2024-02-26'),
(211, 5, 1, 16, 331, '2024-02-27'),
(212, 3, 2, 34, 442, '2024-02-28'),
(213, 2, 3, 5, 553, '2024-02-17'),
(214, 4, 4, 30, 664, '2024-02-18'),
(215, 1, 5, 2, 775, '2024-02-19'),
(216, 3, 6, 11, 886, '2024-02-20'),
(217, 5, 7, 18, 997, '2024-02-21'),
(218, 2, 8, 35, 108, '2024-02-22'),
(219, 1, 9, 12, 219, '2024-02-23'),
(220, 4, 10, 24, 330, '2024-02-24'),
(221, 2, 1, 4, 441, '2024-02-25'),
(222, 3, 2, 33, 552, '2024-02-26'),
(223, 4, 3, 1, 663, '2024-02-27'),
(224, 1, 4, 27, 774, '2024-02-28'),
(225, 5, 5, 15, 885, '2024-02-17'),
(226, 2, 6, 7, 996, '2024-02-18'),
(227, 3, 7, 29, 107, '2024-02-19'),
(228, 4, 8, 8, 218, '2024-02-20'),
(229, 1, 9, 33, 329, '2024-02-21'),
(230, 5, 10, 10, 440, '2024-02-22'),
(231, 4, 1, 10, 123, '2024-03-01'),
(232, 3, 2, 5, 456, '2024-03-02'),
(233, 2, 3, 12, 789, '2024-03-03'),
(234, 1, 4, 9, 102, '2024-03-04'),
(235, 5, 5, 3, 345, '2024-03-05'),
(236, 2, 6, 7, 678, '2024-03-06'),
(237, 4, 7, 22, 234, '2024-03-07'),
(238, 3, 8, 17, 890, '2024-03-08'),
(239, 1, 9, 6, 567, '2024-03-09'),
(240, 5, 10, 15, 432, '2024-03-10'),
(241, 2, 1, 8, 123, '2024-03-11'),
(242, 4, 2, 14, 654, '2024-03-12'),
(243, 3, 3, 30, 321, '2024-03-13'),
(244, 1, 4, 25, 876, '2024-03-14'),
(245, 5, 5, 12, 102, '2024-03-15'),
(246, 2, 6, 11, 765, '2024-03-16'),
(247, 3, 7, 19, 543, '2024-03-17'),
(248, 4, 8, 20, 432, '2024-03-18'),
(249, 1, 9, 16, 678, '2024-03-19'),
(250, 5, 10, 18, 987, '2024-03-20'),
(251, 2, 1, 4, 135, '2024-03-21'),
(252, 3, 2, 23, 468, '2024-03-22'),
(253, 1, 3, 17, 789, '2024-03-23'),
(254, 4, 4, 13, 234, '2024-03-24'),
(255, 5, 5, 27, 876, '2024-03-25'),
(256, 2, 6, 30, 567, '2024-03-26'),
(257, 3, 7, 1, 432, '2024-03-27'),
(258, 4, 8, 18, 876, '2024-03-28'),
(259, 1, 9, 22, 123, '2024-03-29'),
(260, 5, 10, 9, 654, '2024-03-30'),
(261, 2, 1, 24, 789, '2024-03-31'),
(262, 3, 2, 10, 543, '2024-03-01'),
(263, 4, 3, 5, 234, '2024-03-02'),
(264, 2, 4, 14, 987, '2024-03-03'),
(265, 1, 5, 7, 432, '2024-03-04'),
(266, 5, 6, 19, 876, '2024-03-05'),
(267, 3, 7, 13, 654, '2024-03-06'),
(268, 4, 8, 8, 543, '2024-03-07'),
(269, 1, 9, 15, 432, '2024-03-08'),
(270, 2, 10, 30, 123, '2024-03-09'),
(271, 3, 1, 11, 765, '2024-03-10'),
(272, 4, 2, 9, 876, '2024-03-11'),
(273, 5, 3, 18, 234, '2024-03-12'),
(274, 2, 4, 20, 543, '2024-03-13'),
(275, 3, 5, 25, 432, '2024-03-14'),
(276, 1, 6, 4, 876, '2024-03-15'),
(277, 5, 7, 22, 765, '2024-03-16'),
(278, 4, 8, 13, 654, '2024-03-17'),
(279, 2, 9, 14, 987, '2024-03-18'),
(280, 3, 10, 17, 543, '2024-03-19'),
(281, 1, 1, 12, 876, '2024-03-20'),
(282, 4, 2, 30, 432, '2024-03-21'),
(283, 5, 3, 1, 543, '2024-03-22'),
(284, 2, 4, 27, 876, '2024-03-23'),
(285, 3, 5, 25, 765, '2024-03-24'),
(286, 1, 6, 19, 654, '2024-03-25'),
(287, 4, 7, 8, 543, '2024-03-26'),
(288, 5, 8, 18, 432, '2024-03-27'),
(289, 2, 9, 22, 123, '2024-03-28'),
(290, 3, 10, 30, 876, '2024-03-29'),
(291, 1, 1, 5, 234, '2024-03-30'),
(292, 4, 2, 14, 432, '2024-03-31'),
(293, 5, 3, 10, 987, '2024-03-01'),
(294, 2, 4, 8, 765, '2024-03-02'),
(295, 3, 5, 17, 654, '2024-03-03'),
(296, 4, 6, 22, 876, '2024-03-04'),
(297, 5, 7, 19, 543, '2024-03-05'),
(298, 1, 8, 30, 432, '2024-03-06'),
(299, 2, 9, 4, 876, '2024-03-07'),
(300, 3, 10, 18, 765, '2024-03-08'),
(301, 3, 1, 10, 1, '2024-03-09'),
(302, 4, 2, 25, 2, '2024-03-10'),
(303, 2, 3, 10, 3, '2024-03-11'),
(304, 5, 4, 19, 4, '2024-03-12'),
(305, 2, 5, 7, 5, '2024-03-13'),
(306, 4, 6, 3, 6, '2024-03-14'),
(307, 1, 7, 18, 7, '2024-03-15'),
(308, 5, 8, 22, 8, '2024-03-16'),
(309, 3, 9, 11, 9, '2024-03-17'),
(310, 2, 10, 5, 10, '2024-03-18'),
(311, 4, 1, 13, 11, '2024-03-19'),
(312, 3, 2, 26, 12, '2024-03-20'),
(313, 1, 3, 17, 13, '2024-03-21'),
(314, 5, 4, 14, 14, '2024-03-22'),
(315, 2, 5, 8, 15, '2024-03-23'),
(316, 3, 6, 30, 16, '2024-03-24'),
(317, 4, 7, 12, 17, '2024-03-25'),
(318, 1, 8, 9, 18, '2024-03-26'),
(319, 5, 9, 23, 19, '2024-03-27'),
(320, 2, 10, 6, 20, '2024-03-28'),
(321, 4, 1, 15, 21, '2024-03-29'),
(322, 3, 2, 11, 22, '2024-03-30'),
(323, 1, 3, 8, 23, '2024-03-31'),
(324, 5, 4, 28, 24, '2024-03-01'),
(325, 2, 5, 19, 25, '2024-03-02'),
(326, 4, 6, 13, 26, '2024-03-03'),
(327, 3, 7, 6, 27, '2024-03-04'),
(328, 5, 8, 18, 28, '2024-03-05'),
(329, 2, 9, 22, 29, '2024-03-06'),
(330, 3, 10, 9, 30, '2024-03-07'),
(331, 1, 1, 7, 31, '2024-03-08'),
(332, 4, 2, 27, 32, '2024-03-09'),
(333, 5, 3, 14, 33, '2024-03-10'),
(334, 2, 4, 11, 34, '2024-03-11'),
(335, 4, 5, 30, 35, '2024-03-12'),
(336, 3, 6, 19, 36, '2024-03-13'),
(337, 5, 7, 23, 37, '2024-03-14'),
(338, 1, 8, 13, 38, '2024-03-15'),
(339, 2, 9, 28, 39, '2024-03-16'),
(340, 4, 10, 14, 40, '2024-03-17'),
(341, 3, 1, 9, 41, '2024-03-18'),
(342, 5, 2, 7, 42, '2024-03-19'),
(343, 2, 3, 16, 43, '2024-03-20'),
(344, 3, 4, 12, 44, '2024-03-21'),
(345, 4, 5, 5, 45, '2024-03-22'),
(346, 1, 6, 27, 46, '2024-03-23'),
(347, 5, 7, 19, 47, '2024-03-24'),
(348, 2, 8, 18, 48, '2024-03-25'),
(349, 4, 9, 14, 49, '2024-03-26'),
(350, 3, 10, 8, 50, '2024-03-27'),
(351, 3, 1, 10, 1000, '2024-04-01'),
(352, 4, 2, 25, 13, '2024-04-02'),
(353, 2, 3, 10, 29, '2024-04-03'),
(354, 5, 4, 19, 70, '2024-04-04'),
(355, 2, 5, 7, 150, '2024-04-05'),
(356, 4, 6, 3, 400, '2024-04-06'),
(357, 1, 7, 18, 245, '2024-04-07'),
(358, 5, 8, 22, 823, '2024-04-08'),
(359, 3, 9, 11, 180, '2024-04-09'),
(360, 2, 10, 5, 55, '2024-04-10'),
(361, 4, 1, 13, 222, '2024-04-11'),
(362, 3, 2, 26, 14, '2024-04-12'),
(363, 1, 3, 17, 36, '2024-04-13'),
(364, 5, 4, 14, 543, '2024-04-14'),
(365, 2, 5, 8, 999, '2024-04-15'),
(366, 3, 6, 30, 678, '2024-04-16'),
(367, 4, 7, 12, 350, '2024-04-17'),
(368, 1, 8, 9, 201, '2024-04-18'),
(369, 5, 9, 23, 444, '2024-04-19'),
(370, 2, 10, 6, 211, '2024-04-20'),
(371, 4, 1, 15, 677, '2024-04-21'),
(372, 3, 2, 11, 823, '2024-04-22'),
(373, 1, 3, 8, 455, '2024-04-23'),
(374, 5, 4, 28, 360, '2024-04-24'),
(375, 2, 5, 19, 150, '2024-04-25'),
(376, 4, 6, 13, 57, '2024-04-26'),
(377, 3, 7, 6, 63, '2024-04-27'),
(378, 5, 8, 18, 721, '2024-04-28'),
(379, 2, 9, 22, 324, '2024-04-29'),
(380, 3, 10, 9, 99, '2024-04-30'),
(381, 1, 1, 7, 640, '2024-04-01'),
(382, 4, 2, 27, 182, '2024-04-02'),
(383, 5, 3, 14, 275, '2024-04-03'),
(384, 2, 4, 11, 122, '2024-04-04'),
(385, 4, 5, 30, 741, '2024-04-05'),
(386, 3, 6, 19, 890, '2024-04-06'),
(387, 5, 7, 23, 399, '2024-04-07'),
(388, 1, 8, 13, 308, '2024-04-08'),
(389, 2, 9, 28, 515, '2024-04-09'),
(390, 4, 10, 14, 606, '2024-04-10'),
(391, 3, 1, 9, 462, '2024-04-11'),
(392, 5, 2, 7, 585, '2024-04-12'),
(393, 2, 3, 16, 763, '2024-04-13'),
(394, 3, 4, 12, 221, '2024-04-14'),
(395, 4, 5, 5, 113, '2024-04-15'),
(396, 1, 6, 27, 778, '2024-04-16'),
(397, 5, 7, 19, 684, '2024-04-17'),
(398, 2, 8, 18, 399, '2024-04-18'),
(399, 4, 9, 14, 956, '2024-04-19'),
(400, 3, 10, 8, 633, '2024-04-20'),
(401, 3, 1, 10, 100, '2024-04-01'),
(402, 4, 2, 25, 101, '2024-04-02'),
(403, 2, 3, 10, 102, '2024-04-03'),
(404, 5, 4, 19, 103, '2024-04-04'),
(405, 2, 5, 7, 104, '2024-04-05'),
(406, 4, 6, 3, 105, '2024-04-06'),
(407, 1, 7, 18, 106, '2024-04-07'),
(408, 5, 8, 22, 107, '2024-04-08'),
(409, 3, 9, 11, 108, '2024-04-09'),
(410, 2, 10, 5, 109, '2024-04-10'),
(411, 4, 1, 13, 110, '2024-04-11'),
(412, 3, 2, 26, 111, '2024-04-12'),
(413, 1, 3, 17, 112, '2024-04-13'),
(414, 5, 4, 14, 113, '2024-04-14'),
(415, 2, 5, 8, 114, '2024-04-15'),
(416, 3, 6, 30, 115, '2024-04-16'),
(417, 4, 7, 12, 116, '2024-04-17'),
(418, 1, 8, 9, 117, '2024-04-18'),
(419, 5, 9, 23, 118, '2024-04-19'),
(420, 2, 10, 6, 119, '2024-04-20'),
(421, 4, 1, 15, 120, '2024-04-21'),
(422, 3, 2, 11, 121, '2024-04-22'),
(423, 1, 3, 8, 122, '2024-04-23'),
(424, 5, 4, 28, 123, '2024-04-24'),
(425, 2, 5, 19, 124, '2024-04-25'),
(426, 4, 6, 13, 125, '2024-04-26'),
(427, 3, 7, 6, 126, '2024-04-27'),
(428, 5, 8, 18, 127, '2024-04-28'),
(429, 2, 9, 22, 128, '2024-04-29'),
(430, 3, 10, 9, 129, '2024-04-30'),
(431, 1, 1, 7, 130, '2024-04-01'),
(432, 4, 2, 27, 131, '2024-04-02'),
(433, 5, 3, 14, 132, '2024-04-03'),
(434, 2, 4, 11, 133, '2024-04-04'),
(435, 4, 5, 30, 134, '2024-04-05'),
(436, 3, 6, 19, 135, '2024-04-06'),
(437, 5, 7, 23, 136, '2024-04-07'),
(438, 1, 8, 13, 137, '2024-04-08'),
(439, 2, 9, 28, 138, '2024-04-09'),
(440, 4, 10, 14, 139, '2024-04-10'),
(441, 3, 1, 9, 140, '2024-04-11'),
(442, 5, 2, 7, 141, '2024-04-12'),
(443, 2, 3, 16, 142, '2024-04-13'),
(444, 3, 4, 12, 143, '2024-04-14'),
(445, 4, 5, 5, 144, '2024-04-15'),
(446, 1, 6, 27, 145, '2024-04-16'),
(447, 5, 7, 19, 146, '2024-04-17'),
(448, 2, 8, 18, 147, '2024-04-18'),
(449, 4, 9, 14, 148, '2024-04-19'),
(450, 3, 10, 8, 149, '2024-04-20'),
(451, 1, 1, 7, 150, '2024-04-21'),
(452, 4, 2, 27, 151, '2024-04-22'),
(453, 5, 3, 14, 152, '2024-04-23'),
(454, 2, 4, 11, 153, '2024-04-24'),
(455, 4, 5, 30, 154, '2024-04-25'),
(456, 3, 6, 19, 155, '2024-04-26'),
(457, 5, 7, 23, 156, '2024-04-27'),
(458, 2, 8, 13, 157, '2024-04-28'),
(459, 4, 9, 28, 158, '2024-04-29'),
(460, 3, 10, 14, 159, '2024-04-30'),
(461, 4, 1, 10, 203, '2024-04-01'),
(462, 3, 2, 25, 156, '2024-04-02'),
(463, 5, 3, 19, 134, '2024-04-03'),
(464, 2, 4, 7, 212, '2024-04-04'),
(465, 4, 5, 3, 145, '2024-04-05'),
(466, 1, 6, 18, 130, '2024-04-06'),
(467, 5, 7, 22, 250, '2024-04-07'),
(468, 3, 8, 11, 100, '2024-04-08'),
(469, 2, 9, 5, 167, '2024-04-09'),
(470, 4, 10, 13, 185, '2024-04-10'),
(471, 3, 1, 26, 235, '2024-04-11'),
(472, 1, 2, 14, 143, '2024-04-12'),
(473, 4, 3, 7, 205, '2024-04-13'),
(474, 5, 4, 30, 174, '2024-04-14'),
(475, 2, 5, 9, 220, '2024-04-15'),
(476, 3, 6, 13, 189, '2024-04-16'),
(477, 4, 7, 5, 167, '2024-04-17'),
(478, 1, 8, 18, 145, '2024-04-18'),
(479, 5, 9, 22, 132, '2024-04-19'),
(480, 2, 10, 3, 206, '2024-04-20'),
(481, 4, 1, 11, 118, '2024-04-21'),
(482, 3, 2, 7, 210, '2024-04-22'),
(483, 1, 3, 19, 202, '2024-04-23'),
(484, 5, 4, 25, 213, '2024-04-24'),
(485, 2, 5, 3, 150, '2024-04-25'),
(486, 3, 6, 30, 237, '2024-04-26'),
(487, 4, 7, 13, 160, '2024-04-27'),
(488, 1, 8, 11, 157, '2024-04-28'),
(489, 5, 9, 19, 248, '2024-04-29'),
(490, 2, 10, 5, 122, '2024-04-30'),
(491, 3, 1, 17, 181, '2024-04-01'),
(492, 4, 2, 14, 150, '2024-04-02'),
(493, 5, 3, 12, 204, '2024-04-03'),
(494, 2, 4, 28, 202, '2024-04-04'),
(495, 3, 5, 8, 138, '2024-04-05'),
(496, 4, 6, 23, 193, '2024-04-06'),
(497, 1, 7, 30, 115, '2024-04-07'),
(498, 5, 8, 9, 122, '2024-04-08'),
(499, 3, 9, 13, 245, '2024-04-09'),
(500, 2, 10, 22, 181, '2024-04-10'),
(501, 4, 1, 6, 148, '2024-04-11'),
(502, 1, 2, 18, 164, '2024-04-12'),
(503, 5, 3, 14, 213, '2024-04-13'),
(504, 3, 4, 27, 185, '2024-04-14'),
(505, 4, 5, 30, 149, '2024-04-15'),
(506, 2, 6, 7, 139, '2024-04-16'),
(507, 5, 7, 22, 154, '2024-04-17'),
(508, 1, 8, 18, 108, '2024-04-18'),
(509, 3, 9, 13, 121, '2024-04-19'),
(510, 4, 10, 11, 125, '2024-04-20'),
(511, 3, 1, 10, 305, '2024-05-01'),
(512, 4, 2, 25, 312, '2024-05-02'),
(513, 2, 3, 19, 350, '2024-05-03'),
(514, 5, 4, 7, 335, '2024-05-04'),
(515, 2, 5, 3, 325, '2024-05-05'),
(516, 4, 6, 18, 315, '2024-05-06'),
(517, 1, 7, 22, 390, '2024-05-07'),
(518, 5, 8, 11, 375, '2024-05-08'),
(519, 3, 9, 5, 380, '2024-05-09'),
(520, 2, 10, 13, 345, '2024-05-10'),
(521, 4, 1, 26, 355, '2024-05-11'),
(522, 3, 2, 14, 375, '2024-05-12'),
(523, 1, 3, 7, 365, '2024-05-13'),
(524, 5, 4, 30, 300, '2024-05-14'),
(525, 2, 5, 9, 380, '2024-05-15'),
(526, 3, 6, 13, 355, '2024-05-16'),
(527, 4, 7, 5, 390, '2024-05-17'),
(528, 1, 8, 18, 340, '2024-05-18'),
(529, 4, 9, 22, 300, '2024-05-19'),
(530, 3, 10, 11, 325, '2024-05-20'),
(531, 2, 1, 17, 315, '2024-05-21'),
(532, 5, 2, 25, 390, '2024-05-22'),
(533, 4, 3, 9, 375, '2024-05-23'),
(534, 3, 4, 14, 360, '2024-05-24'),
(535, 1, 5, 30, 330, '2024-05-25'),
(536, 5, 6, 7, 345, '2024-05-26'),
(537, 2, 7, 22, 340, '2024-05-27'),
(538, 4, 8, 19, 380, '2024-05-28'),
(539, 3, 9, 5, 350, '2024-05-29'),
(540, 1, 10, 17, 395, '2024-05-30'),
(541, 5, 1, 30, 320, '2024-05-01'),
(542, 2, 2, 9, 330, '2024-05-02'),
(543, 3, 3, 14, 390, '2024-05-03'),
(544, 4, 4, 5, 375, '2024-05-04'),
(545, 1, 5, 19, 335, '2024-05-05'),
(546, 4, 6, 30, 350, '2024-05-06'),
(547, 3, 7, 22, 315, '2024-05-07'),
(548, 5, 8, 13, 365, '2024-05-08'),
(549, 2, 9, 7, 340, '2024-05-09'),
(550, 4, 10, 30, 355, '2024-05-10'),
(551, 3, 1, 19, 345, '2024-05-11'),
(552, 5, 2, 5, 360, '2024-05-12'),
(553, 2, 3, 18, 375, '2024-05-13'),
(554, 4, 4, 7, 380, '2024-05-14'),
(555, 1, 5, 30, 325, '2024-05-15'),
(556, 3, 6, 11, 340, '2024-05-16'),
(557, 5, 7, 13, 370, '2024-05-17'),
(558, 2, 8, 5, 360, '2024-05-18'),
(559, 4, 9, 18, 300, '2024-05-19'),
(560, 3, 10, 22, 395, '2024-05-20'),
(561, 5, 1, 7, 330, '2024-05-21'),
(562, 2, 2, 19, 340, '2024-05-22'),
(563, 4, 3, 30, 325, '2024-05-23'),
(564, 3, 4, 9, 350, '2024-05-24'),
(565, 1, 5, 5, 345, '2024-05-25'),
(566, 5, 6, 13, 375, '2024-05-26'),
(567, 2, 7, 30, 380, '2024-05-27'),
(568, 4, 8, 11, 395, '2024-05-28'),
(569, 3, 9, 5, 360, '2024-05-29'),
(570, 1, 10, 18, 340, '2024-05-30'),
(571, 5, 1, 30, 315, '2024-05-01'),
(572, 2, 2, 19, 345, '2024-05-02'),
(573, 3, 3, 22, 355, '2024-05-03'),
(574, 4, 4, 5, 360, '2024-05-04'),
(575, 1, 5, 30, 330, '2024-05-05'),
(576, 3, 6, 13, 340, '2024-05-06'),
(577, 5, 7, 9, 345, '2024-05-07'),
(578, 2, 8, 19, 375, '2024-05-08'),
(579, 4, 9, 7, 355, '2024-05-09'),
(580, 3, 10, 30, 315, '2024-05-10'),
(581, 4, 1, 7, 345, '2024-05-11'),
(582, 3, 2, 30, 335, '2024-05-12'),
(583, 2, 3, 5, 375, '2024-05-13'),
(584, 4, 4, 22, 360, '2024-05-14'),
(585, 1, 5, 19, 395, '2024-05-15'),
(586, 3, 6, 11, 325, '2024-05-16'),
(587, 5, 7, 18, 340, '2024-05-17'),
(588, 2, 8, 30, 355, '2024-05-18'),
(589, 4, 9, 5, 345, '2024-05-19'),
(590, 3, 10, 7, 325, '2024-05-20'),
(591, 2, 1, 9, 350, '2024-05-21'),
(592, 5, 2, 13, 340, '2024-05-22'),
(593, 4, 3, 22, 375, '2024-05-23'),
(594, 1, 4, 5, 355, '2024-05-24'),
(595, 3, 5, 18, 315, '2024-05-25'),
(596, 4, 6, 11, 360, '2024-05-26'),
(597, 2, 7, 7, 330, '2024-05-27'),
(598, 5, 8, 13, 375, '2024-05-28'),
(599, 3, 9, 5, 365, '2024-05-29'),
(600, 4, 10, 9, 340, '2024-05-30'),
(601, 3, 1, 7, 310, '2024-05-01'),
(602, 4, 2, 30, 345, '2024-05-02'),
(603, 2, 3, 5, 380, '2024-05-03'),
(604, 5, 4, 22, 335, '2024-05-04'),
(605, 1, 5, 19, 355, '2024-05-05'),
(606, 3, 6, 11, 375, '2024-05-06'),
(607, 4, 7, 18, 365, '2024-05-07'),
(608, 2, 8, 30, 345, '2024-05-08'),
(609, 5, 9, 5, 355, '2024-05-09'),
(610, 3, 10, 7, 330, '2024-05-10'),
(611, 3, 1, 7, 901, '2024-06-01'),
(612, 4, 2, 30, 906, '2024-06-02'),
(613, 2, 3, 5, 915, '2024-06-03'),
(614, 5, 4, 22, 920, '2024-06-04'),
(615, 1, 5, 19, 927, '2024-06-05'),
(616, 3, 6, 11, 910, '2024-06-06'),
(617, 4, 7, 18, 905, '2024-06-07'),
(618, 2, 8, 30, 940, '2024-06-08'),
(619, 5, 9, 5, 925, '2024-06-09'),
(620, 3, 10, 7, 930, '2024-06-10'),
(621, 4, 1, 9, 937, '2024-06-11'),
(622, 2, 2, 13, 910, '2024-06-12'),
(623, 5, 3, 22, 920, '2024-06-13'),
(624, 1, 4, 5, 925, '2024-06-14'),
(625, 3, 5, 18, 915, '2024-06-15'),
(626, 4, 6, 11, 940, '2024-06-16'),
(627, 2, 7, 7, 905, '2024-06-17'),
(628, 5, 8, 13, 925, '2024-06-18'),
(629, 3, 9, 5, 937, '2024-06-19'),
(630, 1, 10, 7, 930, '2024-06-20'),
(631, 5, 1, 30, 910, '2024-06-21'),
(632, 4, 2, 19, 905, '2024-06-22'),
(633, 2, 3, 22, 940, '2024-06-23'),
(634, 3, 4, 5, 920, '2024-06-24'),
(635, 1, 5, 18, 925, '2024-06-25'),
(636, 4, 6, 30, 915, '2024-06-26'),
(637, 2, 7, 11, 937, '2024-06-27'),
(638, 5, 8, 5, 930, '2024-06-28'),
(639, 3, 9, 13, 905, '2024-06-29'),
(640, 4, 10, 7, 940, '2024-06-30'),
(641, 3, 1, 19, 900, '2024-06-01'),
(642, 5, 2, 22, 910, '2024-06-02'),
(643, 2, 3, 5, 905, '2024-06-03'),
(644, 4, 4, 30, 920, '2024-06-04'),
(645, 3, 5, 11, 915, '2024-06-05'),
(646, 1, 6, 13, 930, '2024-06-06'),
(647, 5, 7, 7, 925, '2024-06-07'),
(648, 2, 8, 19, 940, '2024-06-08'),
(649, 4, 9, 5, 937, '2024-06-09'),
(650, 3, 10, 11, 910, '2024-06-10'),
(651, 2, 1, 30, 915, '2024-06-11'),
(652, 4, 2, 5, 925, '2024-06-12'),
(653, 1, 3, 18, 920, '2024-06-13'),
(654, 5, 4, 30, 905, '2024-06-14'),
(655, 3, 5, 22, 940, '2024-06-15'),
(656, 2, 6, 7, 910, '2024-06-16'),
(657, 4, 7, 30, 915, '2024-06-17'),
(658, 3, 8, 5, 925, '2024-06-18'),
(659, 1, 9, 11, 920, '2024-06-19'),
(660, 5, 10, 19, 915, '2024-06-20'),
(661, 2, 1, 7, 925, '2024-06-21'),
(662, 4, 2, 11, 937, '2024-06-22'),
(663, 3, 3, 30, 940, '2024-06-23'),
(664, 1, 4, 22, 915, '2024-06-24'),
(665, 5, 5, 18, 930, '2024-06-25'),
(666, 2, 6, 13, 905, '2024-06-26'),
(667, 4, 7, 19, 920, '2024-06-27'),
(668, 3, 8, 7, 937, '2024-06-28'),
(669, 5, 9, 30, 910, '2024-06-29'),
(670, 2, 10, 18, 915, '2024-06-30'),
(671, 1, 1, 7, 905, '2024-06-01'),
(672, 3, 2, 22, 930, '2024-06-02'),
(673, 4, 3, 5, 915, '2024-06-03'),
(674, 5, 4, 30, 920, '2024-06-04'),
(675, 1, 5, 11, 925, '2024-06-05'),
(676, 3, 6, 18, 940, '2024-06-06'),
(677, 4, 7, 7, 910, '2024-06-07'),
(678, 2, 8, 30, 925, '2024-06-08'),
(679, 5, 9, 5, 915, '2024-06-09'),
(680, 1, 10, 11, 930, '2024-06-10'),
(681, 3, 1, 7, 501, '2024-06-01'),
(682, 4, 2, 30, 508, '2024-06-02'),
(683, 2, 3, 5, 520, '2024-06-03'),
(684, 5, 4, 22, 506, '2024-06-04'),
(685, 1, 5, 19, 540, '2024-06-05'),
(686, 3, 6, 11, 515, '2024-06-06'),
(687, 4, 7, 18, 530, '2024-06-07'),
(688, 2, 8, 30, 550, '2024-06-08'),
(689, 5, 9, 5, 525, '2024-06-09'),
(690, 3, 10, 7, 502, '2024-06-10'),
(691, 4, 1, 9, 510, '2024-06-11'),
(692, 2, 2, 13, 517, '2024-06-12'),
(693, 5, 3, 22, 522, '2024-06-13'),
(694, 1, 4, 5, 538, '2024-06-14'),
(695, 3, 5, 18, 523, '2024-06-15'),
(696, 4, 6, 11, 535, '2024-06-16'),
(697, 2, 7, 7, 545, '2024-06-17'),
(698, 5, 8, 13, 510, '2024-06-18'),
(699, 3, 9, 5, 526, '2024-06-19'),
(700, 1, 10, 7, 508, '2024-06-20'),
(701, 5, 1, 30, 550, '2024-06-21'),
(702, 4, 2, 19, 515, '2024-06-22'),
(703, 2, 3, 22, 525, '2024-06-23'),
(704, 3, 4, 5, 540, '2024-06-24'),
(705, 1, 5, 18, 510, '2024-06-25'),
(706, 4, 6, 30, 523, '2024-06-26'),
(707, 2, 7, 11, 530, '2024-06-27'),
(708, 5, 8, 5, 520, '2024-06-28'),
(709, 3, 9, 13, 518, '2024-06-29'),
(710, 4, 10, 7, 542, '2024-06-30'),
(711, 3, 1, 19, 501, '2024-06-01'),
(712, 5, 2, 22, 510, '2024-06-02'),
(713, 2, 3, 5, 545, '2024-06-03'),
(714, 4, 4, 30, 523, '2024-06-04'),
(715, 3, 5, 11, 515, '2024-06-05'),
(716, 1, 6, 13, 530, '2024-06-06'),
(717, 5, 7, 7, 520, '2024-06-07'),
(718, 2, 8, 19, 522, '2024-06-08'),
(719, 4, 9, 5, 535, '2024-06-09'),
(720, 3, 10, 11, 510, '2024-06-10'),
(721, 2, 1, 30, 540, '2024-06-11'),
(722, 4, 2, 5, 525, '2024-06-12'),
(723, 1, 3, 18, 515, '2024-06-13'),
(724, 5, 4, 30, 520, '2024-06-14'),
(725, 3, 5, 22, 508, '2024-06-15'),
(726, 2, 6, 7, 510, '2024-06-16'),
(727, 4, 7, 30, 526, '2024-06-17'),
(728, 3, 8, 5, 515, '2024-06-18'),
(729, 1, 9, 11, 535, '2024-06-19'),
(730, 5, 10, 19, 520, '2024-06-20'),
(731, 2, 1, 7, 523, '2024-06-21'),
(732, 4, 2, 11, 530, '2024-06-22'),
(733, 3, 3, 30, 525, '2024-06-23'),
(734, 1, 4, 22, 540, '2024-06-24'),
(735, 5, 5, 18, 510, '2024-06-25'),
(736, 2, 6, 13, 535, '2024-06-26'),
(737, 4, 7, 19, 522, '2024-06-27'),
(738, 3, 8, 7, 520, '2024-06-28'),
(739, 5, 9, 30, 515, '2024-06-29'),
(740, 2, 10, 18, 530, '2024-06-30'),
(741, 3, 1, 7, 23, '2024-07-01'),
(742, 4, 2, 30, 156, '2024-07-02'),
(743, 2, 3, 5, 329, '2024-07-03'),
(744, 5, 4, 22, 109, '2024-07-04'),
(745, 1, 5, 19, 678, '2024-07-05'),
(746, 3, 6, 11, 845, '2024-07-06'),
(747, 4, 7, 18, 234, '2024-07-07'),
(748, 2, 8, 30, 512, '2024-07-08'),
(749, 5, 9, 5, 401, '2024-07-09'),
(750, 3, 10, 7, 673, '2024-07-10'),
(751, 4, 1, 9, 882, '2024-07-11'),
(752, 2, 2, 13, 11, '2024-07-12'),
(753, 5, 3, 22, 502, '2024-07-13'),
(754, 1, 4, 5, 943, '2024-07-14'),
(755, 3, 5, 18, 531, '2024-07-15'),
(756, 4, 6, 11, 18, '2024-07-16'),
(757, 2, 7, 7, 688, '2024-07-17'),
(758, 5, 8, 13, 810, '2024-07-18'),
(759, 3, 9, 5, 104, '2024-07-19'),
(760, 1, 10, 7, 317, '2024-07-20'),
(761, 5, 1, 30, 1012, '2024-07-21'),
(762, 4, 2, 19, 112, '2024-07-22'),
(763, 2, 3, 22, 230, '2024-07-23'),
(764, 3, 4, 5, 415, '2024-07-24'),
(765, 1, 5, 18, 1001, '2024-07-25'),
(766, 4, 6, 30, 621, '2024-07-26'),
(767, 2, 7, 11, 842, '2024-07-27'),
(768, 5, 8, 5, 1010, '2024-07-28'),
(769, 3, 9, 13, 923, '2024-07-29'),
(770, 4, 10, 7, 561, '2024-07-30'),
(771, 3, 1, 19, 666, '2024-07-01'),
(772, 5, 2, 22, 512, '2024-07-02'),
(773, 2, 3, 5, 780, '2024-07-03'),
(774, 4, 4, 30, 909, '2024-07-04'),
(775, 3, 5, 11, 237, '2024-07-05'),
(776, 1, 6, 13, 122, '2024-07-06'),
(777, 5, 7, 7, 621, '2024-07-07'),
(778, 2, 8, 19, 529, '2024-07-08'),
(779, 4, 9, 5, 773, '2024-07-09'),
(780, 3, 10, 11, 103, '2024-07-10'),
(781, 2, 1, 30, 1007, '2024-07-11'),
(782, 4, 2, 5, 493, '2024-07-12'),
(783, 1, 3, 18, 823, '2024-07-13'),
(784, 5, 4, 30, 112, '2024-07-14'),
(785, 3, 5, 22, 600, '2024-07-15'),
(786, 2, 6, 7, 332, '2024-07-16'),
(787, 4, 7, 30, 411, '2024-07-17'),
(788, 3, 8, 5, 982, '2024-07-18'),
(789, 1, 9, 11, 171, '2024-07-19'),
(790, 5, 10, 19, 288, '2024-07-20'),
(791, 2, 1, 7, 99, '2024-07-21'),
(792, 4, 2, 11, 17, '2024-07-22'),
(793, 3, 3, 30, 622, '2024-07-23'),
(794, 1, 4, 22, 708, '2024-07-24'),
(795, 5, 5, 18, 101, '2024-07-25'),
(796, 2, 6, 13, 588, '2024-07-26'),
(797, 4, 7, 19, 329, '2024-07-27'),
(798, 3, 8, 7, 850, '2024-07-28'),
(799, 5, 9, 30, 442, '2024-07-29'),
(800, 2, 10, 18, 355, '2024-07-30'),
(801, 3, 1, 7, 564, '2024-07-01'),
(802, 4, 2, 30, 321, '2024-07-02'),
(803, 2, 3, 5, 102, '2024-07-03'),
(804, 5, 4, 22, 876, '2024-07-04'),
(805, 1, 5, 19, 663, '2024-07-05'),
(806, 3, 6, 11, 489, '2024-07-06'),
(807, 4, 7, 18, 203, '2024-07-07'),
(808, 2, 8, 30, 420, '2024-07-08'),
(809, 5, 9, 36, 110, '2024-07-09'),
(810, 3, 10, 35, 932, '2024-07-10'),
(811, 4, 1, 9, 150, '2024-07-11'),
(812, 2, 2, 33, 378, '2024-07-12'),
(813, 5, 3, 32, 758, '2024-07-13'),
(814, 1, 4, 5, 609, '2024-07-14'),
(815, 3, 5, 18, 340, '2024-07-15'),
(816, 4, 6, 11, 55, '2024-07-16'),
(817, 2, 7, 7, 221, '2024-07-17'),
(818, 5, 8, 13, 767, '2024-07-18'),
(819, 3, 9, 5, 574, '2024-07-19'),
(820, 1, 10, 7, 496, '2024-07-20'),
(821, 5, 1, 30, 312, '2024-07-21'),
(822, 4, 2, 19, 803, '2024-07-22'),
(823, 2, 3, 22, 915, '2024-07-23'),
(824, 3, 4, 5, 12, '2024-07-24'),
(825, 1, 5, 18, 466, '2024-07-25'),
(826, 4, 6, 30, 826, '2024-07-26'),
(827, 2, 7, 11, 132, '2024-07-27'),
(828, 5, 8, 13, 551, '2024-07-28'),
(829, 3, 9, 5, 885, '2024-07-29'),
(830, 4, 10, 7, 763, '2024-07-30'),
(831, 3, 1, 19, 234, '2024-07-01'),
(832, 5, 2, 22, 705, '2024-07-02'),
(833, 2, 3, 5, 950, '2024-07-03'),
(834, 4, 4, 30, 71, '2024-07-04'),
(835, 3, 5, 11, 600, '2024-07-05'),
(836, 1, 6, 13, 188, '2024-07-06'),
(837, 5, 7, 7, 545, '2024-07-07'),
(838, 2, 8, 19, 23, '2024-07-08'),
(839, 4, 9, 5, 609, '2024-07-09'),
(840, 3, 10, 11, 720, '2024-07-10'),
(841, 2, 1, 30, 497, '2024-07-11'),
(842, 4, 2, 5, 379, '2024-07-12'),
(843, 1, 3, 18, 380, '2024-07-13'),
(844, 5, 4, 30, 672, '2024-07-14'),
(845, 3, 5, 22, 891, '2024-07-15'),
(846, 2, 6, 7, 567, '2024-07-16'),
(847, 4, 7, 30, 736, '2024-07-17'),
(848, 3, 8, 5, 438, '2024-07-18'),
(849, 1, 9, 11, 939, '2024-07-19'),
(850, 5, 10, 19, 502, '2024-07-20'),
(851, 2, 1, 7, 66, '2024-07-21'),
(852, 4, 2, 11, 24, '2024-07-22'),
(853, 3, 3, 30, 677, '2024-07-23'),
(854, 1, 4, 22, 408, '2024-07-24'),
(855, 5, 5, 18, 876, '2024-07-25'),
(856, 2, 6, 13, 452, '2024-07-26'),
(857, 4, 7, 19, 221, '2024-07-27'),
(858, 3, 8, 7, 865, '2024-07-28'),
(859, 5, 9, 30, 537, '2024-07-29'),
(860, 2, 10, 18, 352, '2024-07-30'),
(861, 3, 1, 7, 214, '2024-07-01'),
(862, 4, 2, 30, 845, '2024-07-02'),
(863, 2, 3, 5, 512, '2024-07-03'),
(864, 5, 4, 22, 764, '2024-07-04'),
(865, 1, 5, 19, 913, '2024-07-05'),
(866, 3, 6, 11, 581, '2024-07-06'),
(867, 4, 7, 18, 907, '2024-07-07'),
(868, 2, 8, 30, 421, '2024-07-08'),
(869, 5, 9, 3, 539, '2024-07-09'),
(870, 3, 10, 14, 114, '2024-07-10'),
(871, 4, 1, 9, 306, '2024-07-11'),
(872, 2, 2, 13, 879, '2024-07-12'),
(873, 5, 3, 22, 185, '2024-07-13'),
(874, 1, 4, 12, 58, '2024-07-14'),
(875, 3, 5, 18, 172, '2024-07-15'),
(876, 4, 6, 11, 931, '2024-07-16'),
(877, 2, 7, 6, 624, '2024-07-17'),
(878, 5, 8, 13, 50, '2024-07-18'),
(879, 3, 9, 25, 139, '2024-07-19'),
(880, 1, 10, 7, 366, '2024-07-20'),
(881, 5, 1, 21, 93, '2024-07-21'),
(882, 4, 2, 19, 652, '2024-07-22'),
(883, 2, 3, 24, 170, '2024-07-23'),
(884, 3, 4, 15, 400, '2024-07-24'),
(885, 1, 5, 10, 479, '2024-07-25'),
(886, 4, 6, 30, 91, '2024-07-26'),
(887, 2, 7, 27, 235, '2024-07-27'),
(888, 5, 8, 4, 575, '2024-07-28'),
(889, 3, 9, 16, 351, '2024-07-29'),
(890, 4, 10, 20, 163, '2024-07-30'),
(891, 3, 1, 26, 472, '2024-07-01'),
(892, 5, 2, 8, 909, '2024-07-02'),
(893, 2, 3, 2, 669, '2024-07-03'),
(894, 4, 4, 28, 926, '2024-07-04'),
(895, 3, 5, 17, 594, '2024-07-05'),
(896, 3, 1, 31, 512, '2024-08-01'),
(897, 4, 2, 32, 913, '2024-08-02'),
(898, 2, 3, 34, 581, '2024-08-03'),
(899, 5, 4, 33, 539, '2024-08-04'),
(900, 1, 5, 33, 421, '2024-08-05'),
(901, 3, 6, 35, 879, '2024-08-06'),
(902, 4, 7, 36, 306, '2024-08-07'),
(903, 2, 8, 36, 366, '2024-08-08'),
(904, 5, 9, 36, 114, '2024-08-09'),
(905, 1, 10, 11, 172, '2024-08-10'),
(906, 3, 1, 8, 50, '2024-08-11'),
(907, 4, 2, 19, 575, '2024-08-12'),
(908, 2, 3, 30, 139, '2024-08-13'),
(909, 5, 4, 7, 927, '2024-08-14'),
(910, 1, 5, 18, 624, '2024-08-15'),
(911, 3, 1, 5, 215, '2024-08-16'),
(912, 4, 2, 13, 352, '2024-08-17'),
(913, 2, 3, 9, 428, '2024-08-18'),
(914, 5, 4, 24, 679, '2024-08-19'),
(915, 1, 5, 3, 115, '2024-08-20'),
(916, 3, 6, 18, 683, '2024-08-21'),
(917, 4, 7, 22, 951, '2024-08-22'),
(918, 2, 8, 7, 326, '2024-08-23'),
(919, 5, 9, 12, 400, '2024-08-24'),
(920, 1, 10, 28, 907, '2024-08-25'),
(921, 3, 1, 16, 534, '2024-08-26'),
(922, 4, 2, 4, 276, '2024-08-27'),
(923, 2, 3, 21, 654, '2024-08-28'),
(924, 5, 4, 15, 531, '2024-08-29'),
(925, 1, 5, 10, 743, '2024-08-30'),
(926, 3, 6, 30, 864, '2024-08-31'),
(927, 4, 7, 19, 818, '2024-08-16'),
(928, 2, 8, 14, 276, '2024-08-17'),
(929, 5, 9, 6, 314, '2024-08-18'),
(930, 1, 10, 22, 435, '2024-08-19'),
(931, 3, 1, 25, 980, '2024-08-20'),
(932, 4, 2, 11, 650, '2024-08-21'),
(933, 2, 3, 5, 586, '2024-08-22'),
(934, 5, 4, 12, 342, '2024-08-23'),
(935, 1, 5, 17, 149, '2024-08-24'),
(936, 3, 6, 4, 927, '2024-08-25'),
(937, 4, 7, 18, 803, '2024-08-26'),
(938, 2, 8, 7, 228, '2024-08-27'),
(939, 5, 9, 21, 814, '2024-08-28'),
(940, 1, 10, 16, 693, '2024-08-29'),
(941, 3, 1, 9, 568, '2024-08-30'),
(942, 4, 2, 22, 541, '2024-08-31'),
(943, 2, 3, 24, 817, '2024-08-16'),
(944, 5, 4, 8, 127, '2024-08-17'),
(945, 1, 5, 19, 710, '2024-08-18'),
(946, 3, 6, 2, 335, '2024-08-19'),
(947, 4, 7, 26, 802, '2024-08-20'),
(948, 2, 8, 15, 535, '2024-08-21'),
(949, 5, 9, 30, 498, '2024-08-22'),
(950, 1, 10, 11, 346, '2024-08-23'),
(951, 3, 1, 14, 1, '2024-08-01'),
(952, 4, 2, 5, 2, '2024-08-02'),
(953, 2, 3, 22, 3, '2024-08-03'),
(954, 5, 4, 19, 4, '2024-08-04'),
(955, 1, 5, 3, 5, '2024-08-05'),
(956, 3, 6, 13, 6, '2024-08-06'),
(957, 4, 7, 12, 7, '2024-08-07'),
(958, 2, 8, 7, 8, '2024-08-08'),
(959, 5, 9, 15, 9, '2024-08-09'),
(960, 1, 10, 30, 10, '2024-08-10'),
(961, 3, 1, 10, 11, '2024-08-11'),
(962, 4, 2, 8, 12, '2024-08-12'),
(963, 2, 3, 19, 13, '2024-08-13'),
(964, 5, 4, 5, 14, '2024-08-14'),
(965, 1, 5, 18, 15, '2024-08-15'),
(966, 3, 6, 7, 16, '2024-08-16'),
(967, 4, 7, 13, 17, '2024-08-17'),
(968, 2, 8, 30, 18, '2024-08-18'),
(969, 5, 9, 9, 19, '2024-08-19'),
(970, 1, 10, 22, 20, '2024-08-20'),
(971, 3, 1, 15, 21, '2024-08-21'),
(972, 4, 2, 6, 22, '2024-08-22'),
(973, 2, 3, 11, 23, '2024-08-23'),
(974, 5, 4, 18, 24, '2024-08-24'),
(975, 1, 5, 25, 25, '2024-08-25'),
(976, 3, 6, 10, 26, '2024-08-26'),
(977, 4, 7, 14, 27, '2024-08-27'),
(978, 2, 8, 22, 28, '2024-08-28'),
(979, 5, 9, 19, 29, '2024-08-29'),
(980, 1, 10, 3, 30, '2024-08-30'),
(981, 3, 1, 18, 31, '2024-08-31'),
(982, 4, 2, 20, 32, '2024-08-01'),
(983, 2, 3, 8, 33, '2024-08-02'),
(984, 5, 4, 9, 34, '2024-08-03'),
(985, 1, 5, 13, 35, '2024-08-04'),
(986, 3, 6, 24, 36, '2024-08-05'),
(987, 4, 7, 16, 37, '2024-08-06'),
(988, 2, 8, 25, 38, '2024-08-07'),
(989, 5, 9, 7, 39, '2024-08-08'),
(990, 1, 10, 5, 40, '2024-08-09'),
(991, 3, 1, 18, 41, '2024-08-10'),
(992, 4, 2, 13, 42, '2024-08-11'),
(993, 2, 3, 22, 43, '2024-08-12'),
(994, 5, 4, 9, 44, '2024-08-13'),
(995, 1, 5, 30, 45, '2024-08-14'),
(996, 3, 1, 11, 46, '2024-08-15'),
(997, 4, 2, 19, 47, '2024-08-16'),
(998, 2, 3, 7, 48, '2024-08-17'),
(999, 5, 4, 30, 49, '2024-08-18'),
(1000, 1, 5, 13, 50, '2024-08-19'),
(1001, 3, 1, 8, 51, '2024-09-01'),
(1002, 4, 2, 13, 52, '2024-09-02'),
(1003, 2, 3, 9, 53, '2024-09-03'),
(1004, 5, 4, 24, 54, '2024-09-04'),
(1005, 1, 5, 3, 55, '2024-09-05'),
(1006, 3, 6, 18, 56, '2024-09-06'),
(1007, 4, 7, 22, 57, '2024-09-07'),
(1008, 2, 8, 7, 58, '2024-09-08'),
(1009, 5, 9, 15, 59, '2024-09-09'),
(1010, 1, 10, 30, 60, '2024-09-10'),
(1011, 3, 1, 10, 61, '2024-09-11'),
(1012, 4, 2, 8, 62, '2024-09-12'),
(1013, 2, 3, 19, 63, '2024-09-13'),
(1014, 5, 4, 5, 64, '2024-09-14'),
(1015, 1, 5, 18, 65, '2024-09-15'),
(1016, 3, 6, 7, 66, '2024-09-16'),
(1017, 4, 7, 13, 67, '2024-09-17'),
(1018, 2, 8, 30, 68, '2024-09-18'),
(1019, 5, 9, 9, 69, '2024-09-19'),
(1020, 1, 10, 22, 70, '2024-09-20'),
(1021, 3, 1, 15, 71, '2024-09-21'),
(1022, 4, 2, 6, 72, '2024-09-22'),
(1023, 2, 3, 11, 73, '2024-09-23'),
(1024, 5, 4, 18, 74, '2024-09-24'),
(1025, 1, 5, 25, 75, '2024-09-25'),
(1026, 3, 6, 10, 76, '2024-09-26'),
(1027, 4, 7, 14, 77, '2024-09-27'),
(1028, 2, 8, 22, 78, '2024-09-28'),
(1029, 5, 9, 19, 79, '2024-09-29'),
(1030, 1, 10, 3, 80, '2024-09-30'),
(1031, 3, 1, 18, 81, '2024-09-01'),
(1032, 4, 2, 13, 82, '2024-09-02'),
(1033, 2, 3, 22, 83, '2024-09-03'),
(1034, 5, 4, 9, 84, '2024-09-04'),
(1035, 1, 5, 13, 85, '2024-09-05'),
(1036, 3, 6, 7, 86, '2024-09-06'),
(1037, 4, 7, 12, 87, '2024-09-07'),
(1038, 2, 8, 36, 88, '2024-09-08'),
(1039, 5, 9, 8, 89, '2024-09-09'),
(1040, 1, 10, 9, 90, '2024-09-10'),
(1041, 3, 1, 35, 91, '2024-09-11'),
(1042, 4, 2, 2, 92, '2024-09-12'),
(1043, 2, 3, 7, 93, '2024-09-13'),
(1044, 5, 4, 4, 94, '2024-09-14'),
(1045, 1, 5, 3, 95, '2024-09-15'),
(1046, 3, 6, 9, 96, '2024-09-16'),
(1047, 4, 7, 2, 97, '2024-09-17'),
(1048, 2, 8, 36, 98, '2024-09-18'),
(1049, 5, 9, 31, 99, '2024-09-19'),
(1050, 1, 10, 32, 100, '2024-09-20'),
(1051, 3, 1, 1, 101, '2024-09-21'),
(1052, 4, 2, 2, 102, '2024-09-22'),
(1053, 2, 3, 3, 103, '2024-09-23'),
(1054, 5, 4, 4, 104, '2024-09-24'),
(1055, 1, 5, 1, 105, '2024-09-25'),
(1056, 3, 6, 2, 106, '2024-09-26'),
(1057, 4, 7, 3, 107, '2024-09-27'),
(1058, 2, 8, 4, 108, '2024-09-28'),
(1059, 5, 9, 1, 109, '2024-09-29'),
(1060, 1, 10, 36, 110, '2024-09-30'),
(1061, 3, 1, 32, 111, '2024-09-21'),
(1062, 4, 2, 8, 112, '2024-09-22'),
(1063, 2, 3, 19, 113, '2024-09-23'),
(1064, 5, 4, 5, 114, '2024-09-24'),
(1065, 1, 5, 18, 115, '2024-09-25'),
(1066, 3, 6, 7, 116, '2024-09-26'),
(1067, 4, 7, 13, 117, '2024-09-27'),
(1068, 2, 8, 30, 118, '2024-09-28'),
(1069, 5, 9, 9, 119, '2024-09-29'),
(1070, 1, 10, 22, 120, '2024-09-30'),
(1071, 3, 1, 15, 121, '2024-09-21'),
(1072, 4, 2, 6, 122, '2024-09-22'),
(1073, 2, 3, 11, 123, '2024-09-23'),
(1074, 5, 4, 18, 124, '2024-09-24'),
(1075, 1, 5, 25, 125, '2024-09-25'),
(1076, 3, 6, 10, 126, '2024-09-26'),
(1077, 4, 7, 14, 127, '2024-09-27'),
(1078, 2, 8, 22, 128, '2024-09-28'),
(1079, 5, 9, 19, 129, '2024-09-29'),
(1080, 1, 10, 3, 130, '2024-09-30'),
(1081, 3, 1, 18, 131, '2024-09-21'),
(1082, 4, 2, 13, 132, '2024-09-22'),
(1083, 2, 3, 22, 133, '2024-09-23'),
(1084, 5, 4, 9, 134, '2024-09-24'),
(1085, 1, 5, 13, 135, '2024-09-25'),
(1086, 3, 6, 7, 136, '2024-09-26'),
(1087, 4, 7, 12, 137, '2024-09-27'),
(1088, 2, 8, 6, 138, '2024-09-28'),
(1089, 5, 9, 8, 139, '2024-09-29'),
(1090, 1, 10, 19, 140, '2024-09-30'),
(1091, 3, 1, 5, 141, '2024-09-21'),
(1092, 4, 2, 20, 142, '2024-09-22'),
(1093, 2, 3, 17, 143, '2024-09-23'),
(1094, 5, 4, 14, 144, '2024-09-24'),
(1095, 1, 5, 30, 145, '2024-09-25'),
(1096, 3, 6, 9, 146, '2024-09-26'),
(1097, 4, 7, 22, 147, '2024-09-27'),
(1098, 2, 8, 16, 148, '2024-09-28'),
(1099, 5, 9, 21, 149, '2024-09-29'),
(1100, 1, 10, 12, 150, '2024-09-30'),
(1101, 3, 1, 11, 151, '2024-09-21'),
(1102, 3, 1, 36, 152, '2024-09-01'),
(1103, 4, 2, 33, 153, '2024-09-02'),
(1104, 2, 3, 34, 154, '2024-09-03'),
(1105, 5, 4, 34, 155, '2024-09-04'),
(1106, 1, 5, 33, 156, '2024-09-05'),
(1107, 3, 6, 18, 157, '2024-09-06'),
(1108, 4, 7, 33, 158, '2024-09-07'),
(1109, 2, 8, 34, 159, '2024-09-08'),
(1110, 5, 9, 35, 160, '2024-09-09'),
(1111, 1, 10, 30, 161, '2024-09-10'),
(1112, 3, 1, 4, 162, '2024-09-11'),
(1113, 4, 2, 8, 163, '2024-09-12'),
(1114, 2, 3, 19, 164, '2024-09-13'),
(1115, 5, 4, 5, 165, '2024-09-14'),
(1116, 1, 5, 4, 166, '2024-09-15'),
(1117, 3, 6, 2, 167, '2024-09-16'),
(1118, 4, 7, 2, 168, '2024-09-17'),
(1119, 2, 8, 1, 169, '2024-09-18'),
(1120, 5, 9, 1, 170, '2024-09-19'),
(1121, 2, 1, 10, 171, '2024-10-01'),
(1122, 5, 2, 18, 172, '2024-10-02'),
(1123, 3, 3, 6, 173, '2024-10-03'),
(1124, 1, 4, 24, 174, '2024-10-04'),
(1125, 4, 5, 13, 175, '2024-10-05'),
(1126, 3, 6, 8, 176, '2024-10-06'),
(1127, 5, 7, 19, 177, '2024-10-07'),
(1128, 2, 8, 9, 178, '2024-10-08'),
(1129, 1, 9, 21, 179, '2024-10-09'),
(1130, 3, 10, 5, 180, '2024-10-10'),
(1131, 4, 1, 36, 181, '2024-10-11'),
(1132, 2, 2, 32, 182, '2024-10-12'),
(1133, 1, 3, 31, 183, '2024-10-13'),
(1134, 3, 4, 2, 184, '2024-10-14'),
(1135, 4, 5, 14, 185, '2024-10-15'),
(1136, 5, 6, 3, 186, '2024-10-16'),
(1137, 2, 7, 15, 187, '2024-10-17'),
(1138, 1, 8, 7, 188, '2024-10-18'),
(1139, 4, 9, 20, 189, '2024-10-19'),
(1140, 3, 10, 13, 190, '2024-10-20'),
(1141, 5, 1, 25, 191, '2024-10-21'),
(1142, 2, 2, 18, 192, '2024-10-22'),
(1143, 1, 3, 17, 193, '2024-10-23'),
(1144, 3, 4, 10, 194, '2024-10-24'),
(1145, 4, 5, 9, 195, '2024-10-25'),
(1146, 5, 6, 11, 196, '2024-10-26'),
(1147, 2, 7, 14, 197, '2024-10-27'),
(1148, 1, 8, 8, 198, '2024-10-28'),
(1149, 4, 9, 12, 199, '2024-10-29'),
(1150, 3, 10, 21, 200, '2024-10-30'),
(1151, 5, 1, 33, 201, '2024-10-01'),
(1152, 2, 2, 32, 202, '2024-10-02'),
(1153, 1, 3, 36, 203, '2024-10-03'),
(1154, 4, 4, 34, 204, '2024-10-04'),
(1155, 5, 5, 6, 205, '2024-10-05'),
(1156, 3, 6, 7, 206, '2024-10-06'),
(1157, 4, 7, 8, 207, '2024-10-07'),
(1158, 2, 8, 9, 208, '2024-10-08'),
(1159, 1, 9, 15, 209, '2024-10-09'),
(1160, 3, 10, 6, 210, '2024-10-10'),
(1161, 5, 1, 17, 211, '2024-10-11'),
(1162, 2, 2, 13, 212, '2024-10-12'),
(1163, 1, 3, 2, 213, '2024-10-13'),
(1164, 3, 4, 1, 214, '2024-10-14'),
(1165, 4, 5, 1, 215, '2024-10-15'),
(1166, 5, 6, 1, 216, '2024-10-16'),
(1167, 2, 7, 6, 217, '2024-10-17'),
(1168, 1, 8, 1, 218, '2024-10-18'),
(1169, 3, 9, 1, 219, '2024-10-19'),
(1170, 4, 10, 1, 220, '2024-10-20'),
(1171, 4, 1, 12, 221, '2024-10-21'),
(1172, 3, 2, 5, 222, '2024-10-22'),
(1173, 2, 3, 18, 223, '2024-10-23'),
(1174, 1, 4, 26, 224, '2024-10-24'),
(1175, 5, 5, 15, 225, '2024-10-25'),
(1176, 2, 6, 9, 226, '2024-10-26'),
(1177, 3, 7, 7, 227, '2024-10-27'),
(1178, 4, 8, 34, 228, '2024-10-28'),
(1179, 5, 9, 36, 229, '2024-10-29'),
(1180, 1, 10, 32, 230, '2024-10-30'),
(1181, 2, 1, 33, 231, '2024-10-31'),
(1182, 3, 2, 19, 232, '2024-10-01'),
(1183, 4, 3, 31, 233, '2024-10-02'),
(1184, 5, 4, 30, 234, '2024-10-03'),
(1185, 1, 5, 8, 235, '2024-10-04'),
(1186, 2, 6, 36, 236, '2024-10-05'),
(1187, 3, 7, 34, 237, '2024-10-06'),
(1188, 4, 8, 35, 238, '2024-10-07'),
(1189, 5, 9, 33, 239, '2024-10-08'),
(1190, 1, 10, 1, 240, '2024-10-09'),
(1191, 3, 1, 15, 700, '2024-11-01'),
(1192, 4, 2, 18, 701, '2024-11-02'),
(1193, 2, 3, 7, 702, '2024-11-03'),
(1194, 5, 4, 26, 703, '2024-11-04'),
(1195, 1, 5, 22, 704, '2024-11-05'),
(1196, 3, 6, 30, 705, '2024-11-06'),
(1197, 4, 7, 34, 706, '2024-11-07'),
(1198, 2, 8, 8, 707, '2024-11-08'),
(1199, 5, 9, 17, 708, '2024-11-09'),
(1200, 1, 10, 33, 709, '2024-11-10'),
(1201, 3, 1, 1, 710, '2024-11-11'),
(1202, 4, 2, 11, 711, '2024-11-12'),
(1203, 2, 3, 11, 712, '2024-11-13'),
(1204, 5, 4, 11, 713, '2024-11-14'),
(1205, 1, 5, 11, 714, '2024-11-15'),
(1206, 3, 6, 11, 715, '2024-11-16'),
(1207, 4, 7, 6, 716, '2024-11-17'),
(1208, 2, 8, 13, 717, '2024-11-18'),
(1209, 5, 9, 5, 718, '2024-11-19'),
(1210, 1, 10, 16, 719, '2024-11-20'),
(1211, 3, 1, 20, 720, '2024-11-21'),
(1212, 4, 2, 25, 721, '2024-11-22'),
(1213, 2, 3, 2, 722, '2024-11-23'),
(1214, 5, 4, 11, 723, '2024-11-24'),
(1215, 1, 5, 15, 724, '2024-11-25'),
(1216, 3, 6, 26, 725, '2024-11-26'),
(1217, 4, 7, 18, 726, '2024-11-27'),
(1218, 2, 8, 7, 727, '2024-11-28'),
(1219, 5, 9, 22, 728, '2024-11-29'),
(1220, 1, 10, 24, 729, '2024-11-30'),
(1221, 3, 1, 1, 730, '2024-11-01'),
(1222, 4, 2, 1, 731, '2024-11-02'),
(1223, 2, 3, 1, 732, '2024-11-03'),
(1224, 5, 4, 1, 733, '2024-11-04'),
(1225, 1, 5, 2, 734, '2024-11-05'),
(1226, 3, 6, 2, 735, '2024-11-06'),
(1227, 4, 7, 2, 736, '2024-11-07'),
(1228, 2, 8, 1, 737, '2024-11-08'),
(1229, 5, 9, 33, 738, '2024-11-09'),
(1230, 1, 10, 35, 739, '2024-11-10'),
(1231, 3, 1, 7, 740, '2024-11-11'),
(1232, 4, 2, 20, 741, '2024-11-12'),
(1233, 2, 3, 33, 742, '2024-11-13'),
(1234, 5, 4, 35, 743, '2024-11-14'),
(1235, 1, 5, 34, 744, '2024-11-15'),
(1236, 3, 6, 36, 745, '2024-11-16'),
(1237, 4, 7, 17, 746, '2024-11-17'),
(1238, 2, 8, 31, 747, '2024-11-18'),
(1239, 5, 9, 32, 748, '2024-11-19'),
(1240, 1, 10, 30, 749, '2024-11-20'),
(1241, 3, 1, 36, 750, '2024-11-21'),
(1242, 4, 2, 31, 751, '2024-11-22'),
(1243, 2, 3, 1, 752, '2024-11-23'),
(1244, 5, 4, 34, 753, '2024-11-24'),
(1245, 1, 5, 35, 754, '2024-11-25'),
(1246, 3, 6, 33, 755, '2024-11-26'),
(1247, 4, 7, 8, 756, '2024-11-27'),
(1248, 2, 8, 18, 757, '2024-11-28'),
(1249, 5, 9, 32, 758, '2024-11-29'),
(1250, 1, 10, 19, 759, '2024-11-30'),
(1251, 3, 1, 10, 760, '2024-12-01'),
(1252, 4, 2, 15, 761, '2024-12-02'),
(1253, 5, 3, 20, 762, '2024-12-03'),
(1254, 2, 4, 8, 763, '2024-12-04'),
(1255, 1, 5, 12, 764, '2024-12-05'),
(1256, 3, 6, 18, 765, '2024-12-06'),
(1257, 4, 7, 5, 766, '2024-12-07'),
(1258, 2, 8, 22, 767, '2024-12-08'),
(1259, 5, 9, 7, 768, '2024-12-09'),
(1260, 1, 10, 19, 769, '2024-12-10'),
(1261, 3, 1, 24, 770, '2024-12-11'),
(1262, 4, 2, 9, 771, '2024-12-12'),
(1263, 2, 3, 16, 772, '2024-12-13'),
(1264, 5, 4, 11, 773, '2024-12-14'),
(1265, 1, 5, 25, 774, '2024-12-15'),
(1266, 3, 6, 6, 775, '2024-12-16'),
(1267, 4, 7, 13, 776, '2024-12-17'),
(1268, 2, 8, 4, 777, '2024-12-18'),
(1269, 5, 9, 26, 778, '2024-12-19'),
(1270, 1, 10, 14, 779, '2024-12-20'),
(1271, 3, 1, 3, 780, '2024-12-21'),
(1272, 4, 2, 17, 781, '2024-12-22'),
(1273, 2, 3, 21, 782, '2024-12-23'),
(1274, 5, 4, 23, 783, '2024-12-24'),
(1275, 1, 5, 8, 784, '2024-12-25'),
(1276, 3, 6, 1, 785, '2024-12-26'),
(1277, 4, 7, 30, 786, '2024-12-27'),
(1278, 2, 8, 32, 787, '2024-12-28'),
(1279, 5, 9, 1, 788, '2024-12-29'),
(1280, 1, 10, 2, 789, '2024-12-30'),
(1281, 3, 1, 30, 790, '2024-12-01'),
(1282, 4, 2, 35, 791, '2024-12-02'),
(1283, 2, 3, 1, 792, '2024-12-03'),
(1284, 5, 4, 1, 793, '2024-12-04'),
(1285, 1, 5, 2, 794, '2024-12-05'),
(1286, 3, 6, 2, 795, '2024-12-06'),
(1287, 4, 7, 1, 796, '2024-12-07'),
(1288, 2, 8, 34, 797, '2024-12-08'),
(1289, 5, 9, 36, 798, '2024-12-09'),
(1290, 1, 10, 36, 799, '2024-12-10'),
(1291, 3, 5, 12, 523, '2024-12-01'),
(1292, 2, 1, 8, 567, '2024-12-02'),
(1293, 1, 9, 23, 541, '2024-12-03'),
(1294, 4, 7, 19, 552, '2024-12-04'),
(1295, 3, 3, 5, 535, '2024-12-05'),
(1296, 5, 10, 26, 560, '2024-12-06'),
(1297, 2, 6, 2, 549, '2024-12-07'),
(1298, 1, 8, 15, 500, '2024-12-08'),
(1299, 3, 4, 21, 555, '2024-12-09'),
(1300, 2, 2, 6, 570, '2024-12-10'),
(1301, 5, 9, 17, 510, '2024-12-11'),
(1302, 4, 5, 13, 512, '2024-12-12'),
(1303, 3, 7, 9, 567, '2024-12-13'),
(1304, 2, 3, 25, 542, '2024-12-14'),
(1305, 1, 10, 22, 530, '2024-12-15'),
(1306, 4, 1, 14, 548, '2024-12-16'),
(1307, 2, 6, 18, 550, '2024-12-17'),
(1308, 3, 8, 11, 504, '2024-12-18'),
(1309, 5, 4, 7, 553, '2024-12-19'),
(1310, 1, 2, 3, 571, '2024-12-20'),
(1311, 3, 5, 16, 506, '2024-12-21'),
(1312, 2, 9, 10, 535, '2024-12-22'),
(1313, 4, 7, 26, 565, '2024-12-23'),
(1314, 1, 10, 4, 522, '2024-12-24'),
(1315, 3, 6, 20, 548, '2024-12-25'),
(1316, 5, 3, 24, 501, '2024-12-26'),
(1317, 2, 8, 1, 554, '2024-12-27'),
(1318, 4, 1, 12, 562, '2024-12-28'),
(1319, 1, 4, 18, 530, '2024-12-29'),
(1320, 3, 2, 5, 568, '2024-12-30'),
(1321, 5, 9, 14, 507, '2024-12-31'),
(1322, 2, 7, 23, 543, '2024-12-01'),
(1323, 4, 6, 3, 510, '2024-12-02'),
(1324, 1, 8, 15, 567, '2024-12-03'),
(1325, 3, 5, 9, 532, '2024-12-04'),
(1326, 2, 1, 25, 540, '2024-12-05'),
(1327, 4, 10, 19, 556, '2024-12-06'),
(1328, 5, 4, 13, 506, '2024-12-07'),
(1329, 1, 7, 6, 560, '2024-12-08'),
(1330, 2, 3, 24, 514, '2024-12-09'),
(1331, 3, 8, 2, 570, '2024-12-10'),
(1332, 5, 9, 17, 501, '2024-12-11'),
(1333, 1, 6, 20, 554, '2024-12-12'),
(1334, 4, 2, 11, 512, '2024-12-13'),
(1335, 3, 4, 18, 543, '2024-12-14'),
(1336, 5, 1, 7, 560, '2024-12-15'),
(1337, 1, 10, 26, 514, '2024-12-16'),
(1338, 4, 5, 14, 550, '2024-12-17'),
(1339, 3, 9, 25, 524, '2024-12-18'),
(1340, 5, 8, 21, 553, '2024-12-19'),
(1341, 2, 7, 5, 531, '2024-12-20'),
(1342, 1, 3, 8, 547, '2024-12-21'),
(1343, 4, 6, 1, 506, '2024-12-22'),
(1344, 2, 1, 20, 572, '2024-12-23'),
(1345, 5, 2, 12, 531, '2024-12-24'),
(1346, 3, 4, 18, 567, '2024-12-25'),
(1347, 1, 9, 13, 512, '2024-12-26'),
(1348, 4, 8, 19, 523, '2024-12-27'),
(1349, 2, 10, 7, 541, '2024-12-28'),
(1350, 5, 6, 22, 551, '2024-12-29'),
(1351, 3, 5, 18, 785, '2023-01-01'),
(1352, 4, 2, 11, 45, '2023-01-02'),
(1353, 1, 7, 4, 912, '2023-01-03'),
(1354, 2, 6, 15, 231, '2023-01-04'),
(1355, 5, 3, 2, 376, '2023-01-05'),
(1356, 3, 8, 13, 467, '2023-01-06'),
(1357, 1, 9, 9, 512, '2023-01-07'),
(1358, 2, 4, 36, 655, '2023-01-08'),
(1359, 4, 1, 5, 34, '2023-01-09'),
(1360, 3, 10, 28, 753, '2023-01-10'),
(1361, 2, 3, 7, 268, '2023-01-11'),
(1362, 4, 2, 21, 576, '2023-01-12'),
(1363, 5, 6, 30, 194, '2023-01-13'),
(1364, 1, 5, 10, 930, '2023-01-14'),
(1365, 3, 8, 22, 644, '2023-01-15'),
(1366, 2, 4, 18, 784, '2023-01-16'),
(1367, 4, 7, 12, 289, '2023-01-17'),
(1368, 3, 1, 17, 32, '2023-01-18'),
(1369, 5, 9, 25, 542, '2023-01-19'),
(1370, 2, 3, 20, 318, '2023-01-20'),
(1371, 3, 5, 26, 673, '2023-01-21'),
(1372, 1, 6, 14, 42, '2023-01-22'),
(1373, 4, 8, 3, 597, '2023-01-23'),
(1374, 2, 2, 33, 280, '2023-01-24'),
(1375, 3, 7, 31, 799, '2023-01-25'),
(1376, 5, 10, 8, 926, '2023-01-26'),
(1377, 1, 4, 19, 505, '2023-01-27'),
(1378, 4, 9, 6, 117, '2023-01-28'),
(1379, 2, 3, 35, 356, '2023-01-29'),
(1380, 3, 1, 24, 462, '2023-01-30'),
(1381, 5, 6, 29, 620, '2023-01-31'),
(1382, 2, 8, 1, 319, '2023-01-01'),
(1383, 1, 7, 12, 89, '2023-01-02'),
(1384, 4, 4, 26, 542, '2023-01-03'),
(1385, 3, 6, 10, 815, '2023-01-04'),
(1386, 2, 9, 19, 623, '2023-01-05'),
(1387, 4, 2, 15, 221, '2023-01-06'),
(1388, 3, 5, 3, 742, '2023-01-07'),
(1389, 5, 8, 32, 51, '2023-01-08'),
(1390, 1, 10, 22, 872, '2023-01-09'),
(1391, 2, 1, 16, 374, '2023-01-10'),
(1392, 4, 7, 27, 585, '2023-01-11'),
(1393, 3, 6, 5, 146, '2023-01-12'),
(1394, 1, 3, 34, 967, '2023-01-13'),
(1395, 2, 9, 30, 437, '2023-01-14'),
(1396, 5, 4, 11, 583, '2023-01-15'),
(1397, 3, 2, 13, 794, '2023-01-16'),
(1398, 4, 6, 28, 106, '2023-01-17'),
(1399, 1, 8, 9, 246, '2023-01-18'),
(1400, 2, 10, 4, 721, '2023-01-19'),
(1401, 3, 4, 17, 689, '2023-01-20'),
(1402, 5, 6, 8, 952, '2023-01-21'),
(1403, 1, 1, 12, 480, '2023-01-22'),
(1404, 4, 2, 23, 347, '2023-01-23'),
(1405, 2, 7, 14, 123, '2023-01-24'),
(1406, 3, 5, 18, 581, '2023-01-25'),
(1407, 1, 10, 4, 824, '2023-01-26'),
(1408, 2, 3, 29, 649, '2023-01-27'),
(1409, 5, 9, 10, 756, '2023-01-28'),
(1410, 4, 6, 5, 313, '2023-01-29'),
(1411, 1, 8, 15, 230, '2023-01-30'),
(1412, 2, 4, 21, 52, '2023-01-31'),
(1413, 3, 3, 26, 711, '2023-01-01'),
(1414, 5, 7, 13, 310, '2023-01-02'),
(1415, 2, 2, 22, 601, '2023-01-03'),
(1416, 4, 5, 31, 832, '2023-01-04'),
(1417, 3, 6, 28, 405, '2023-01-05'),
(1418, 1, 9, 30, 823, '2023-01-06'),
(1419, 2, 8, 16, 147, '2023-01-07'),
(1420, 4, 1, 3, 734, '2023-01-08'),
(1421, 3, 7, 12, 499, '2023-01-09'),
(1422, 1, 10, 19, 672, '2023-01-10'),
(1423, 5, 4, 27, 215, '2023-01-11'),
(1424, 2, 3, 8, 536, '2023-01-12'),
(1425, 4, 5, 35, 472, '2023-01-13'),
(1426, 3, 2, 24, 615, '2023-01-14'),
(1427, 1, 6, 20, 341, '2023-01-15'),
(1428, 2, 9, 18, 139, '2023-01-16'),
(1429, 5, 8, 9, 792, '2023-01-17'),
(1430, 4, 7, 25, 105, '2023-01-18'),
(1431, 3, 1, 6, 950, '2023-01-19'),
(1432, 1, 10, 11, 609, '2023-01-20'),
(1433, 2, 4, 13, 424, '2023-01-21'),
(1434, 4, 6, 23, 895, '2023-01-22'),
(1435, 3, 9, 16, 873, '2023-01-23'),
(1436, 1, 2, 7, 365, '2023-01-24'),
(1437, 2, 5, 14, 156, '2023-01-25'),
(1438, 5, 3, 17, 215, '2023-01-26'),
(1439, 4, 8, 21, 498, '2023-01-27'),
(1440, 3, 7, 2, 279, '2023-01-28'),
(1441, 3, 5, 18, 254, '2023-02-01'),
(1442, 2, 3, 9, 907, '2023-02-02'),
(1443, 4, 7, 25, 134, '2023-02-03'),
(1444, 1, 4, 22, 561, '2023-02-04'),
(1445, 5, 6, 14, 426, '2023-02-05'),
(1446, 3, 8, 6, 710, '2023-02-06'),
(1447, 2, 2, 17, 548, '2023-02-07'),
(1448, 4, 9, 10, 132, '2023-02-08'),
(1449, 1, 1, 13, 394, '2023-02-09'),
(1450, 3, 5, 30, 768, '2023-02-10'),
(1451, 2, 4, 20, 607, '2023-02-11'),
(1452, 4, 6, 7, 202, '2023-02-12'),
(1453, 5, 7, 15, 13, '2023-02-13'),
(1454, 3, 8, 31, 926, '2023-02-14'),
(1455, 2, 3, 12, 742, '2023-02-15'),
(1456, 4, 1, 35, 334, '2023-02-16'),
(1457, 1, 9, 2, 819, '2023-02-17'),
(1458, 3, 5, 26, 52, '2023-02-18'),
(1459, 2, 7, 16, 478, '2023-02-19'),
(1460, 5, 6, 8, 21, '2023-02-20'),
(1461, 4, 10, 28, 599, '2023-02-21'),
(1462, 1, 4, 24, 339, '2023-02-22'),
(1463, 3, 3, 21, 704, '2023-02-23'),
(1464, 2, 2, 32, 11, '2023-02-24'),
(1465, 5, 6, 4, 819, '2023-02-25'),
(1466, 4, 7, 18, 562, '2023-02-26'),
(1467, 3, 1, 12, 131, '2023-02-27'),
(1468, 2, 8, 33, 276, '2023-02-28'),
(1469, 4, 5, 5, 825, '2023-02-01'),
(1470, 3, 9, 11, 90, '2023-02-02'),
(1471, 1, 6, 7, 451, '2023-02-03'),
(1472, 5, 10, 16, 105, '2023-02-04'),
(1473, 2, 4, 27, 912, '2023-02-05'),
(1474, 3, 3, 10, 765, '2023-02-06'),
(1475, 4, 1, 23, 434, '2023-02-07');
INSERT INTO `satislar` (`satis_id`, `satis_adedi`, `sube_id`, `urun_id`, `musteri_id`, `satis_tarihi`) VALUES
(1476, 1, 7, 3, 564, '2023-02-08'),
(1477, 2, 2, 12, 680, '2023-02-09'),
(1478, 4, 6, 31, 220, '2023-02-10'),
(1479, 3, 5, 17, 522, '2023-02-11'),
(1480, 2, 9, 19, 738, '2023-02-12'),
(1481, 5, 8, 14, 12, '2023-02-13'),
(1482, 3, 4, 8, 515, '2023-02-14'),
(1483, 1, 3, 20, 724, '2023-02-15'),
(1484, 4, 7, 2, 616, '2023-02-16'),
(1485, 3, 1, 25, 490, '2023-02-17'),
(1486, 2, 6, 9, 339, '2023-02-18'),
(1487, 5, 10, 6, 177, '2023-02-19'),
(1488, 4, 2, 22, 710, '2023-02-20'),
(1489, 1, 9, 12, 801, '2023-02-21'),
(1490, 3, 5, 18, 164, '2023-02-22'),
(1491, 2, 7, 5, 593, '2023-02-23'),
(1492, 4, 4, 3, 978, '2023-02-24'),
(1493, 1, 8, 28, 201, '2023-02-25'),
(1494, 3, 2, 11, 450, '2023-02-26'),
(1495, 2, 10, 16, 254, '2023-02-27'),
(1496, 4, 3, 13, 69, '2023-02-28'),
(1497, 3, 7, 25, 417, '2023-02-01'),
(1498, 4, 6, 21, 529, '2023-02-02'),
(1499, 2, 3, 15, 804, '2023-02-03'),
(1500, 5, 10, 8, 389, '2023-02-04'),
(1501, 3, 5, 33, 145, '2023-02-05'),
(1502, 4, 2, 30, 218, '2023-02-06'),
(1503, 1, 9, 14, 805, '2023-02-07'),
(1504, 3, 8, 17, 677, '2023-02-08'),
(1505, 2, 6, 32, 479, '2023-02-09'),
(1506, 5, 4, 5, 90, '2023-02-10'),
(1507, 3, 1, 7, 624, '2023-02-11'),
(1508, 1, 7, 20, 891, '2023-02-12'),
(1509, 4, 2, 13, 530, '2023-02-13'),
(1510, 5, 5, 8, 331, '2023-02-14'),
(1511, 3, 4, 19, 808, '2023-02-15'),
(1512, 1, 6, 25, 671, '2023-02-16'),
(1513, 4, 3, 12, 95, '2023-02-17'),
(1514, 2, 9, 16, 598, '2023-02-18'),
(1515, 5, 10, 28, 56, '2023-02-19'),
(1516, 3, 2, 3, 457, '2023-02-20'),
(1517, 4, 5, 11, 740, '2023-02-21'),
(1518, 1, 6, 22, 925, '2023-02-22'),
(1519, 3, 8, 27, 413, '2023-02-23'),
(1520, 2, 7, 12, 615, '2023-02-24'),
(1521, 4, 3, 5, 271, '2023-02-25'),
(1522, 1, 9, 10, 756, '2023-02-26'),
(1523, 2, 4, 9, 681, '2023-02-27'),
(1524, 5, 2, 26, 133, '2023-02-28'),
(1525, 3, 8, 4, 972, '2023-02-01'),
(1526, 1, 6, 21, 423, '2023-02-02'),
(1527, 4, 7, 19, 358, '2023-02-03'),
(1528, 2, 5, 33, 244, '2023-02-04'),
(1529, 5, 9, 28, 601, '2023-02-05'),
(1530, 3, 3, 8, 470, '2023-02-06'),
(1531, 1, 4, 27, 351, '2023-02-07'),
(1532, 4, 6, 17, 943, '2023-02-08'),
(1533, 2, 2, 12, 180, '2023-02-09'),
(1534, 3, 1, 15, 307, '2023-02-10'),
(1535, 5, 8, 11, 56, '2023-02-11'),
(1536, 2, 7, 30, 912, '2023-02-12'),
(1537, 4, 10, 13, 111, '2023-02-13'),
(1538, 1, 9, 22, 265, '2023-02-14'),
(1539, 3, 6, 25, 49, '2023-02-15'),
(1540, 2, 4, 17, 85, '2023-02-16'),
(1541, 5, 3, 28, 409, '2023-02-17'),
(1542, 4, 2, 23, 813, '2023-02-18'),
(1543, 1, 7, 18, 249, '2023-02-19'),
(1544, 2, 5, 12, 623, '2023-02-20'),
(1545, 5, 4, 9, 175, '2023-02-21'),
(1546, 3, 1, 19, 682, '2023-02-22'),
(1547, 4, 8, 27, 798, '2023-02-23'),
(1548, 1, 2, 3, 159, '2023-02-24'),
(1549, 2, 9, 11, 49, '2023-02-25'),
(1550, 4, 5, 5, 876, '2023-02-26'),
(1551, 3, 7, 22, 792, '2023-02-27'),
(1552, 5, 1, 13, 534, '2023-02-28'),
(1553, 1, 6, 10, 356, '2023-02-01'),
(1554, 3, 4, 21, 239, '2023-02-02'),
(1555, 4, 7, 18, 948, '2023-02-03'),
(1556, 2, 3, 5, 614, '2023-02-04'),
(1557, 1, 9, 17, 186, '2023-02-05'),
(1558, 5, 2, 19, 284, '2023-02-06'),
(1559, 4, 10, 6, 416, '2023-02-07'),
(1560, 3, 6, 12, 738, '2023-02-08'),
(1561, 3, 2, 25, 724, '2023-03-01'),
(1562, 4, 6, 19, 359, '2023-03-02'),
(1563, 2, 3, 12, 198, '2023-03-03'),
(1564, 5, 1, 14, 589, '2023-03-04'),
(1565, 3, 4, 27, 670, '2023-03-05'),
(1566, 1, 7, 5, 381, '2023-03-06'),
(1567, 4, 8, 18, 923, '2023-03-07'),
(1568, 2, 5, 23, 804, '2023-03-08'),
(1569, 5, 2, 31, 479, '2023-03-09'),
(1570, 3, 9, 10, 662, '2023-03-10'),
(1571, 1, 10, 8, 238, '2023-03-11'),
(1572, 4, 3, 13, 385, '2023-03-12'),
(1573, 2, 6, 24, 523, '2023-03-13'),
(1574, 5, 4, 16, 721, '2023-03-14'),
(1575, 3, 8, 9, 402, '2023-03-15'),
(1576, 1, 5, 7, 212, '2023-03-16'),
(1577, 4, 7, 30, 569, '2023-03-17'),
(1578, 2, 2, 27, 115, '2023-03-18'),
(1579, 5, 1, 4, 50, '2023-03-19'),
(1580, 3, 3, 20, 674, '2023-03-20'),
(1581, 4, 6, 12, 163, '2023-03-21'),
(1582, 2, 9, 15, 742, '2023-03-22'),
(1583, 5, 8, 21, 297, '2023-03-23'),
(1584, 3, 4, 19, 586, '2023-03-24'),
(1585, 1, 2, 16, 518, '2023-03-25'),
(1586, 4, 7, 24, 689, '2023-03-26'),
(1587, 2, 10, 10, 451, '2023-03-27'),
(1588, 5, 3, 12, 906, '2023-03-28'),
(1589, 3, 9, 22, 382, '2023-03-29'),
(1590, 1, 5, 17, 58, '2023-03-30'),
(1591, 4, 6, 5, 247, '2023-03-31'),
(1592, 3, 2, 23, 720, '2023-03-01'),
(1593, 2, 7, 28, 913, '2023-03-02'),
(1594, 5, 10, 11, 169, '2023-03-03'),
(1595, 4, 3, 14, 600, '2023-03-04'),
(1596, 1, 8, 29, 823, '2023-03-05'),
(1597, 3, 5, 17, 377, '2023-03-06'),
(1598, 4, 7, 3, 249, '2023-03-07'),
(1599, 2, 6, 22, 35, '2023-03-08'),
(1600, 5, 2, 10, 912, '2023-03-09'),
(1601, 3, 4, 16, 568, '2023-03-10'),
(1602, 1, 9, 21, 815, '2023-03-11'),
(1603, 4, 6, 27, 615, '2023-03-12'),
(1604, 2, 3, 30, 292, '2023-03-13'),
(1605, 5, 1, 12, 777, '2023-03-14'),
(1606, 3, 7, 9, 210, '2023-03-15'),
(1607, 4, 8, 28, 687, '2023-03-16'),
(1608, 2, 5, 19, 754, '2023-03-17'),
(1609, 1, 2, 24, 161, '2023-03-18'),
(1610, 4, 3, 12, 535, '2023-03-19'),
(1611, 3, 6, 22, 764, '2023-03-20'),
(1612, 5, 10, 3, 100, '2023-03-21'),
(1613, 2, 4, 16, 612, '2023-03-22'),
(1614, 4, 5, 17, 109, '2023-03-23'),
(1615, 1, 7, 11, 931, '2023-03-24'),
(1616, 3, 8, 14, 552, '2023-03-25'),
(1617, 4, 9, 5, 49, '2023-03-26'),
(1618, 2, 3, 19, 136, '2023-03-27'),
(1619, 5, 6, 30, 767, '2023-03-28'),
(1620, 3, 4, 25, 389, '2023-03-29'),
(1621, 1, 2, 16, 592, '2023-03-30'),
(1622, 4, 7, 9, 221, '2023-03-31'),
(1623, 3, 9, 12, 552, '2023-03-01'),
(1624, 4, 6, 17, 324, '2023-03-02'),
(1625, 1, 7, 22, 431, '2023-03-03'),
(1626, 5, 2, 5, 132, '2023-03-04'),
(1627, 3, 8, 11, 742, '2023-03-05'),
(1628, 4, 1, 19, 879, '2023-03-06'),
(1629, 2, 5, 13, 619, '2023-03-07'),
(1630, 1, 3, 28, 595, '2023-03-08'),
(1631, 4, 7, 6, 312, '2023-03-09'),
(1632, 3, 4, 25, 517, '2023-03-10'),
(1633, 5, 9, 15, 823, '2023-03-11'),
(1634, 2, 10, 3, 786, '2023-03-12'),
(1635, 4, 5, 8, 560, '2023-03-13'),
(1636, 1, 6, 24, 892, '2023-03-14'),
(1637, 3, 2, 12, 102, '2023-03-15'),
(1638, 4, 7, 18, 544, '2023-03-16'),
(1639, 2, 3, 9, 619, '2023-03-17'),
(1640, 5, 8, 26, 795, '2023-03-18'),
(1641, 3, 4, 20, 472, '2023-03-19'),
(1642, 1, 5, 22, 305, '2023-03-20'),
(1643, 4, 1, 8, 614, '2023-03-21'),
(1644, 2, 6, 13, 457, '2023-03-22'),
(1645, 5, 9, 7, 829, '2023-03-23'),
(1646, 3, 3, 29, 358, '2023-03-24'),
(1647, 4, 7, 14, 905, '2023-03-25'),
(1648, 1, 8, 21, 72, '2023-03-26'),
(1649, 5, 2, 17, 436, '2023-03-27'),
(1650, 3, 6, 25, 593, '2023-03-28'),
(1651, 4, 10, 12, 237, '2023-03-29'),
(1652, 2, 4, 30, 719, '2023-03-30'),
(1653, 5, 1, 16, 497, '2023-03-31'),
(1654, 3, 6, 24, 695, '2023-03-01'),
(1655, 4, 5, 10, 122, '2023-03-02'),
(1656, 2, 9, 22, 381, '2023-03-03'),
(1657, 1, 8, 19, 488, '2023-03-04'),
(1658, 3, 2, 8, 250, '2023-03-05'),
(1659, 4, 7, 27, 634, '2023-03-06'),
(1660, 2, 4, 18, 926, '2023-03-07'),
(1661, 5, 1, 12, 390, '2023-03-08'),
(1662, 3, 3, 16, 716, '2023-03-09'),
(1663, 4, 6, 13, 594, '2023-03-10'),
(1664, 2, 5, 29, 778, '2023-03-11'),
(1665, 1, 9, 7, 206, '2023-03-12'),
(1666, 5, 10, 19, 356, '2023-03-13'),
(1667, 3, 4, 9, 644, '2023-03-14'),
(1668, 4, 2, 23, 804, '2023-03-15'),
(1669, 2, 8, 17, 514, '2023-03-16'),
(1670, 5, 1, 26, 641, '2023-03-17'),
(1671, 3, 2, 19, 872, '2023-04-01'),
(1672, 4, 5, 22, 711, '2023-04-02'),
(1673, 2, 9, 18, 304, '2023-04-03'),
(1674, 5, 1, 15, 895, '2023-04-04'),
(1675, 3, 7, 23, 175, '2023-04-05'),
(1676, 4, 4, 10, 548, '2023-04-06'),
(1677, 2, 3, 27, 696, '2023-04-07'),
(1678, 1, 10, 13, 583, '2023-04-08'),
(1679, 5, 6, 24, 435, '2023-04-09'),
(1680, 3, 8, 11, 387, '2023-04-10'),
(1681, 4, 5, 19, 839, '2023-04-11'),
(1682, 2, 2, 7, 641, '2023-04-12'),
(1683, 1, 9, 25, 156, '2023-04-13'),
(1684, 4, 1, 29, 315, '2023-04-14'),
(1685, 3, 7, 6, 94, '2023-04-15'),
(1686, 5, 4, 21, 423, '2023-04-16'),
(1687, 2, 6, 16, 830, '2023-04-17'),
(1688, 4, 3, 17, 549, '2023-04-18'),
(1689, 1, 5, 12, 328, '2023-04-19'),
(1690, 3, 8, 20, 671, '2023-04-20'),
(1691, 2, 10, 14, 717, '2023-04-21'),
(1692, 5, 2, 30, 611, '2023-04-22'),
(1693, 4, 7, 27, 820, '2023-04-23'),
(1694, 3, 6, 25, 516, '2023-04-24'),
(1695, 1, 1, 18, 208, '2023-04-25'),
(1696, 4, 9, 11, 935, '2023-04-26'),
(1697, 2, 4, 28, 544, '2023-04-27'),
(1698, 5, 3, 12, 510, '2023-04-28'),
(1699, 3, 2, 19, 671, '2023-04-29'),
(1700, 4, 5, 13, 802, '2023-04-30'),
(1701, 1, 6, 20, 702, '2023-04-01'),
(1702, 3, 9, 25, 435, '2023-04-02'),
(1703, 4, 2, 23, 97, '2023-04-03'),
(1704, 2, 8, 12, 347, '2023-04-04'),
(1705, 5, 10, 28, 520, '2023-04-05'),
(1706, 3, 7, 15, 889, '2023-04-06'),
(1707, 4, 4, 21, 788, '2023-04-07'),
(1708, 2, 3, 19, 206, '2023-04-08'),
(1709, 5, 1, 30, 249, '2023-04-09'),
(1710, 3, 6, 7, 333, '2023-04-10'),
(1711, 4, 2, 18, 525, '2023-04-11'),
(1712, 1, 9, 17, 935, '2023-04-12'),
(1713, 4, 7, 12, 490, '2023-04-13'),
(1714, 3, 8, 14, 168, '2023-04-14'),
(1715, 2, 5, 22, 710, '2023-04-15'),
(1716, 5, 3, 11, 599, '2023-04-16'),
(1717, 3, 9, 13, 752, '2023-04-17'),
(1718, 4, 1, 9, 148, '2023-04-18'),
(1719, 2, 10, 19, 736, '2023-04-19'),
(1720, 5, 7, 24, 885, '2023-04-20'),
(1721, 3, 2, 26, 730, '2023-04-21'),
(1722, 4, 6, 16, 194, '2023-04-22'),
(1723, 2, 3, 17, 263, '2023-04-23'),
(1724, 1, 8, 25, 537, '2023-04-24'),
(1725, 4, 5, 12, 641, '2023-04-25'),
(1726, 3, 4, 23, 369, '2023-04-26'),
(1727, 5, 1, 10, 559, '2023-04-27'),
(1728, 2, 9, 19, 645, '2023-04-28'),
(1729, 4, 7, 22, 450, '2023-04-29'),
(1730, 3, 6, 18, 794, '2023-04-30'),
(1731, 3, 2, 22, 783, '2023-04-01'),
(1732, 5, 9, 28, 263, '2023-04-02'),
(1733, 4, 1, 16, 572, '2023-04-03'),
(1734, 2, 7, 30, 694, '2023-04-04'),
(1735, 1, 10, 23, 399, '2023-04-05'),
(1736, 4, 4, 18, 220, '2023-04-06'),
(1737, 5, 3, 15, 521, '2023-04-07'),
(1738, 2, 6, 12, 289, '2023-04-08'),
(1739, 3, 8, 27, 758, '2023-04-09'),
(1740, 4, 5, 20, 189, '2023-04-10'),
(1741, 1, 2, 17, 812, '2023-04-11'),
(1742, 5, 10, 7, 194, '2023-04-12'),
(1743, 2, 7, 26, 476, '2023-04-13'),
(1744, 4, 1, 14, 575, '2023-04-14'),
(1745, 3, 6, 9, 814, '2023-04-15'),
(1746, 1, 8, 21, 293, '2023-04-16'),
(1747, 5, 9, 25, 306, '2023-04-17'),
(1748, 2, 3, 23, 836, '2023-04-18'),
(1749, 4, 4, 19, 694, '2023-04-19'),
(1750, 3, 7, 28, 490, '2023-04-20'),
(1751, 1, 5, 24, 345, '2023-04-21'),
(1752, 5, 2, 12, 422, '2023-04-22'),
(1753, 3, 10, 20, 723, '2023-04-23'),
(1754, 4, 6, 14, 837, '2023-04-24'),
(1755, 2, 8, 27, 576, '2023-04-25'),
(1756, 5, 1, 11, 415, '2023-04-26'),
(1757, 3, 5, 16, 134, '2023-04-27'),
(1758, 1, 4, 22, 748, '2023-04-28'),
(1759, 4, 9, 18, 539, '2023-04-29'),
(1760, 2, 6, 17, 412, '2023-04-30'),
(1761, 3, 7, 23, 263, '2023-04-01'),
(1762, 5, 3, 26, 647, '2023-04-02'),
(1763, 4, 10, 19, 104, '2023-04-03'),
(1764, 2, 5, 20, 368, '2023-04-04'),
(1765, 1, 8, 28, 810, '2023-04-05'),
(1766, 4, 2, 24, 752, '2023-04-06'),
(1767, 5, 7, 15, 356, '2023-04-07'),
(1768, 3, 1, 21, 951, '2023-04-08'),
(1769, 2, 9, 16, 302, '2023-04-09'),
(1770, 4, 4, 23, 478, '2023-04-10'),
(1771, 1, 6, 19, 241, '2023-04-11'),
(1772, 3, 3, 17, 592, '2023-04-12'),
(1773, 5, 5, 25, 693, '2023-04-13'),
(1774, 2, 7, 18, 567, '2023-04-14'),
(1775, 4, 1, 29, 204, '2023-04-15'),
(1776, 3, 8, 26, 648, '2023-04-16'),
(1777, 1, 10, 11, 516, '2023-04-17'),
(1778, 5, 2, 28, 517, '2023-04-18'),
(1779, 4, 9, 24, 472, '2023-04-19'),
(1780, 2, 6, 22, 620, '2023-04-20'),
(1781, 3, 4, 12, 824, '2023-04-21'),
(1782, 4, 7, 29, 486, '2023-04-22'),
(1783, 1, 3, 17, 527, '2023-04-23'),
(1784, 5, 8, 14, 739, '2023-04-24'),
(1785, 2, 2, 25, 695, '2023-04-25'),
(1786, 3, 9, 11, 210, '2023-04-26'),
(1787, 4, 5, 19, 397, '2023-04-27'),
(1788, 1, 6, 13, 104, '2023-04-28'),
(1789, 3, 7, 20, 533, '2023-04-29'),
(1790, 5, 10, 16, 408, '2023-04-30'),
(1791, 2, 4, 12, 514, '2023-04-01'),
(1792, 4, 8, 18, 279, '2023-04-02'),
(1793, 1, 7, 13, 307, '2023-04-03'),
(1794, 5, 1, 16, 623, '2023-04-04'),
(1795, 3, 3, 17, 773, '2023-04-05'),
(1796, 3, 2, 20, 314, '2023-04-01'),
(1797, 4, 5, 28, 475, '2023-04-02'),
(1798, 2, 8, 22, 648, '2023-04-03'),
(1799, 1, 6, 19, 269, '2023-04-04'),
(1800, 5, 4, 15, 512, '2023-04-05'),
(1801, 3, 2, 19, 365, '2023-05-01'),
(1802, 4, 7, 12, 631, '2023-05-02'),
(1803, 2, 1, 23, 476, '2023-05-03'),
(1804, 5, 6, 28, 912, '2023-05-04'),
(1805, 3, 9, 25, 379, '2023-05-05'),
(1806, 4, 4, 11, 527, '2023-05-06'),
(1807, 2, 3, 17, 402, '2023-05-07'),
(1808, 5, 8, 20, 139, '2023-05-08'),
(1809, 1, 5, 16, 317, '2023-05-09'),
(1810, 3, 10, 24, 893, '2023-05-10'),
(1811, 4, 2, 19, 521, '2023-05-11'),
(1812, 2, 6, 21, 348, '2023-05-12'),
(1813, 5, 7, 22, 609, '2023-05-13'),
(1814, 3, 4, 23, 651, '2023-05-14'),
(1815, 4, 8, 17, 233, '2023-05-15'),
(1816, 1, 9, 27, 442, '2023-05-16'),
(1817, 2, 5, 15, 788, '2023-05-17'),
(1818, 3, 7, 30, 815, '2023-05-18'),
(1819, 4, 3, 18, 146, '2023-05-19'),
(1820, 2, 6, 26, 609, '2023-05-20'),
(1821, 5, 10, 24, 722, '2023-05-21'),
(1822, 3, 1, 12, 654, '2023-05-22'),
(1823, 4, 2, 19, 131, '2023-05-23'),
(1824, 2, 8, 23, 420, '2023-05-24'),
(1825, 1, 3, 16, 508, '2023-05-25'),
(1826, 5, 9, 25, 804, '2023-05-26'),
(1827, 3, 4, 14, 336, '2023-05-27'),
(1828, 4, 7, 12, 441, '2023-05-28'),
(1829, 2, 6, 28, 602, '2023-05-29'),
(1830, 5, 2, 20, 635, '2023-05-30'),
(1831, 3, 10, 13, 101, '2023-05-31'),
(1832, 4, 1, 25, 853, '2023-05-01'),
(1833, 2, 9, 22, 452, '2023-05-02'),
(1834, 5, 5, 14, 722, '2023-05-03'),
(1835, 3, 8, 16, 486, '2023-05-04'),
(1836, 4, 6, 19, 661, '2023-05-05'),
(1837, 1, 4, 28, 197, '2023-05-06'),
(1838, 2, 7, 27, 912, '2023-05-07'),
(1839, 3, 2, 21, 499, '2023-05-08'),
(1840, 5, 3, 13, 341, '2023-05-09'),
(1841, 4, 1, 12, 248, '2023-05-10'),
(1842, 2, 6, 30, 612, '2023-05-11'),
(1843, 5, 9, 25, 706, '2023-05-12'),
(1844, 3, 10, 14, 527, '2023-05-13'),
(1845, 4, 4, 11, 698, '2023-05-14'),
(1846, 1, 8, 22, 516, '2023-05-15'),
(1847, 2, 7, 19, 346, '2023-05-16'),
(1848, 5, 1, 18, 805, '2023-05-17'),
(1849, 3, 5, 26, 421, '2023-05-18'),
(1850, 4, 9, 17, 943, '2023-05-19'),
(1851, 3, 2, 22, 731, '2023-05-20'),
(1852, 4, 5, 18, 645, '2023-05-21'),
(1853, 2, 6, 14, 498, '2023-05-22'),
(1854, 5, 7, 16, 320, '2023-05-23'),
(1855, 3, 8, 26, 107, '2023-05-24'),
(1856, 4, 1, 11, 731, '2023-05-25'),
(1857, 2, 10, 15, 588, '2023-05-26'),
(1858, 5, 3, 23, 461, '2023-05-27'),
(1859, 3, 4, 20, 250, '2023-05-28'),
(1860, 4, 9, 17, 368, '2023-05-29'),
(1861, 2, 2, 28, 522, '2023-05-30'),
(1862, 5, 5, 24, 641, '2023-05-31'),
(1863, 3, 7, 13, 719, '2023-05-01'),
(1864, 4, 3, 16, 903, '2023-05-02'),
(1865, 1, 6, 22, 541, '2023-05-03'),
(1866, 3, 10, 25, 120, '2023-05-04'),
(1867, 2, 4, 18, 410, '2023-05-05'),
(1868, 5, 8, 21, 370, '2023-05-06'),
(1869, 4, 1, 11, 220, '2023-05-07'),
(1870, 2, 9, 17, 483, '2023-05-08'),
(1871, 3, 3, 24, 599, '2023-05-09'),
(1872, 5, 6, 15, 685, '2023-05-10'),
(1873, 4, 8, 13, 701, '2023-05-11'),
(1874, 1, 7, 16, 512, '2023-05-12'),
(1875, 3, 2, 28, 370, '2023-05-13'),
(1876, 4, 5, 21, 275, '2023-05-14'),
(1877, 2, 6, 17, 850, '2023-05-15'),
(1878, 5, 9, 22, 620, '2023-05-16'),
(1879, 3, 4, 13, 492, '2023-05-17'),
(1880, 4, 3, 24, 659, '2023-05-18'),
(1881, 2, 8, 19, 788, '2023-05-19'),
(1882, 5, 7, 26, 158, '2023-05-20'),
(1883, 3, 1, 22, 604, '2023-05-21'),
(1884, 4, 10, 14, 327, '2023-05-22'),
(1885, 2, 5, 11, 573, '2023-05-23'),
(1886, 5, 6, 19, 842, '2023-05-24'),
(1887, 3, 2, 13, 521, '2023-05-25'),
(1888, 4, 9, 22, 341, '2023-05-26'),
(1889, 1, 7, 18, 704, '2023-05-27'),
(1890, 3, 6, 25, 269, '2023-05-28'),
(1891, 3, 4, 11, 658, '2023-06-01'),
(1892, 5, 1, 22, 416, '2023-06-02'),
(1893, 2, 5, 19, 289, '2023-06-03'),
(1894, 4, 9, 16, 738, '2023-06-04'),
(1895, 3, 6, 15, 120, '2023-06-05'),
(1896, 5, 8, 24, 399, '2023-06-06'),
(1897, 1, 2, 20, 612, '2023-06-07'),
(1898, 4, 3, 18, 455, '2023-06-08'),
(1899, 2, 7, 25, 181, '2023-06-09'),
(1900, 3, 4, 12, 980, '2023-06-10'),
(1901, 5, 10, 17, 623, '2023-06-11'),
(1902, 2, 6, 21, 345, '2023-06-12'),
(1903, 4, 1, 14, 178, '2023-06-13'),
(1904, 3, 9, 23, 742, '2023-06-14'),
(1905, 5, 3, 16, 501, '2023-06-15'),
(1906, 1, 5, 19, 845, '2023-06-16'),
(1907, 4, 7, 22, 392, '2023-06-17'),
(1908, 2, 10, 12, 635, '2023-06-18'),
(1909, 3, 2, 26, 704, '2023-06-19'),
(1910, 5, 6, 17, 533, '2023-06-20'),
(1911, 4, 8, 15, 410, '2023-06-21'),
(1912, 2, 4, 13, 601, '2023-06-22'),
(1913, 3, 1, 24, 332, '2023-06-23'),
(1914, 5, 9, 18, 291, '2023-06-24'),
(1915, 4, 3, 16, 877, '2023-06-25'),
(1916, 2, 5, 11, 824, '2023-06-26'),
(1917, 3, 7, 14, 291, '2023-06-27'),
(1918, 5, 6, 25, 519, '2023-06-28'),
(1919, 1, 8, 12, 694, '2023-06-29'),
(1920, 4, 9, 17, 389, '2023-06-30'),
(1921, 3, 2, 23, 640, '2023-06-01'),
(1922, 5, 10, 14, 751, '2023-06-02'),
(1923, 2, 4, 16, 115, '2023-06-03'),
(1924, 4, 1, 12, 621, '2023-06-04'),
(1925, 3, 6, 17, 824, '2023-06-05'),
(1926, 5, 7, 25, 441, '2023-06-06'),
(1927, 2, 3, 14, 287, '2023-06-07'),
(1928, 4, 9, 22, 746, '2023-06-08'),
(1929, 3, 5, 18, 610, '2023-06-09'),
(1930, 5, 2, 11, 502, '2023-06-10'),
(1931, 2, 8, 25, 467, '2023-06-11'),
(1932, 4, 10, 13, 528, '2023-06-12'),
(1933, 3, 7, 19, 659, '2023-06-13'),
(1934, 5, 1, 17, 253, '2023-06-14'),
(1935, 4, 6, 14, 507, '2023-06-15'),
(1936, 2, 5, 22, 641, '2023-06-16'),
(1937, 3, 9, 18, 405, '2023-06-17'),
(1938, 5, 3, 25, 789, '2023-06-18'),
(1939, 1, 4, 16, 275, '2023-06-19'),
(1940, 4, 8, 11, 623, '2023-06-20'),
(1941, 3, 1, 5, 715, '2023-06-25'),
(1942, 4, 2, 18, 130, '2023-06-26'),
(1943, 2, 3, 7, 245, '2023-06-27'),
(1944, 5, 4, 22, 562, '2023-06-28'),
(1945, 1, 5, 13, 820, '2023-06-29'),
(1946, 4, 6, 14, 320, '2023-06-30'),
(1947, 3, 7, 10, 105, '2023-06-01'),
(1948, 5, 8, 25, 871, '2023-06-02'),
(1949, 2, 9, 9, 637, '2023-06-03'),
(1950, 4, 10, 21, 497, '2023-06-04'),
(1951, 3, 1, 23, 725, '2023-06-05'),
(1952, 5, 2, 16, 688, '2023-06-06'),
(1953, 2, 3, 11, 102, '2023-06-07'),
(1954, 4, 4, 24, 410, '2023-06-08'),
(1955, 1, 5, 19, 259, '2023-06-09'),
(1956, 3, 6, 17, 431, '2023-06-10'),
(1957, 4, 7, 20, 219, '2023-06-11'),
(1958, 2, 8, 13, 833, '2023-06-12'),
(1959, 5, 9, 15, 561, '2023-06-13'),
(1960, 3, 10, 18, 459, '2023-06-14'),
(1961, 4, 1, 12, 613, '2023-06-15'),
(1962, 2, 2, 23, 890, '2023-06-16'),
(1963, 5, 3, 14, 763, '2023-06-17'),
(1964, 4, 4, 11, 417, '2023-06-18'),
(1965, 3, 5, 22, 349, '2023-06-19'),
(1966, 1, 6, 10, 564, '2023-06-20'),
(1967, 4, 7, 19, 120, '2023-06-21'),
(1968, 3, 8, 25, 714, '2023-06-22'),
(1969, 2, 9, 12, 639, '2023-06-23'),
(1970, 5, 10, 16, 555, '2023-06-24'),
(1971, 4, 1, 18, 422, '2023-06-25'),
(1972, 2, 2, 14, 782, '2023-06-26'),
(1973, 5, 3, 20, 328, '2023-06-27'),
(1974, 3, 4, 9, 456, '2023-06-28'),
(1975, 4, 5, 21, 198, '2023-06-29'),
(1976, 2, 6, 17, 629, '2023-06-30'),
(1977, 5, 7, 23, 410, '2023-06-01'),
(1978, 3, 8, 13, 592, '2023-06-02'),
(1979, 4, 9, 16, 823, '2023-06-03'),
(1980, 2, 10, 14, 702, '2023-06-04'),
(1981, 5, 1, 22, 438, '2023-06-05'),
(1982, 3, 2, 25, 507, '2023-06-06'),
(1983, 4, 3, 12, 631, '2023-06-07'),
(1984, 2, 4, 17, 250, '2023-06-08'),
(1985, 5, 5, 18, 680, '2023-06-09'),
(1986, 3, 6, 16, 520, '2023-06-10'),
(1987, 4, 7, 20, 396, '2023-06-11'),
(1988, 2, 8, 15, 758, '2023-06-12'),
(1989, 5, 9, 14, 326, '2023-06-13'),
(1990, 3, 1, 20, 492, '2023-06-14'),
(1991, 5, 2, 16, 581, '2023-06-15'),
(1992, 2, 3, 12, 350, '2023-06-16'),
(1993, 4, 4, 14, 693, '2023-06-17'),
(1994, 3, 5, 19, 847, '2023-06-18'),
(1995, 2, 6, 18, 496, '2023-06-19'),
(1996, 4, 7, 13, 726, '2023-06-20'),
(1997, 5, 8, 21, 315, '2023-06-21'),
(1998, 3, 9, 22, 465, '2023-06-22'),
(1999, 2, 10, 17, 541, '2023-06-23'),
(2000, 4, 1, 20, 341, '2023-06-24'),
(2001, 5, 2, 15, 478, '2023-06-25'),
(2002, 3, 3, 24, 162, '2023-06-26'),
(2003, 2, 4, 19, 393, '2023-06-27'),
(2004, 4, 5, 13, 539, '2023-06-28'),
(2005, 3, 6, 11, 821, '2023-06-29'),
(2006, 5, 7, 22, 125, '2023-06-30'),
(2007, 2, 8, 17, 702, '2023-06-01'),
(2008, 4, 9, 16, 556, '2023-06-02'),
(2009, 3, 10, 13, 673, '2023-06-03'),
(2010, 4, 1, 18, 492, '2023-06-04'),
(2011, 3, 1, 5, 512, '2023-07-01'),
(2012, 4, 2, 18, 371, '2023-07-02'),
(2013, 2, 3, 7, 828, '2023-07-03'),
(2014, 5, 4, 22, 403, '2023-07-04'),
(2015, 1, 5, 13, 286, '2023-07-05'),
(2016, 4, 6, 14, 732, '2023-07-06'),
(2017, 3, 7, 10, 649, '2023-07-07'),
(2018, 5, 8, 25, 215, '2023-07-08'),
(2019, 2, 9, 9, 493, '2023-07-09'),
(2020, 4, 10, 21, 507, '2023-07-10'),
(2021, 3, 1, 23, 615, '2023-07-11'),
(2022, 5, 2, 16, 684, '2023-07-12'),
(2023, 2, 3, 11, 932, '2023-07-13'),
(2024, 4, 4, 24, 126, '2023-07-14'),
(2025, 1, 5, 19, 521, '2023-07-15'),
(2026, 3, 6, 17, 234, '2023-07-16'),
(2027, 4, 7, 20, 643, '2023-07-17'),
(2028, 2, 8, 13, 182, '2023-07-18'),
(2029, 5, 9, 15, 125, '2023-07-19'),
(2030, 3, 10, 18, 732, '2023-07-20'),
(2031, 4, 1, 12, 890, '2023-07-21'),
(2032, 2, 2, 23, 345, '2023-07-22'),
(2033, 5, 3, 14, 817, '2023-07-23'),
(2034, 4, 4, 11, 528, '2023-07-24'),
(2035, 3, 5, 22, 618, '2023-07-25'),
(2036, 1, 6, 10, 191, '2023-07-26'),
(2037, 4, 7, 19, 587, '2023-07-27'),
(2038, 3, 8, 25, 332, '2023-07-28'),
(2039, 2, 9, 12, 689, '2023-07-29'),
(2040, 5, 10, 16, 123, '2023-07-30'),
(2041, 4, 1, 18, 456, '2023-07-31'),
(2042, 3, 2, 25, 312, '2023-07-01'),
(2043, 4, 3, 12, 403, '2023-07-02'),
(2044, 5, 4, 17, 593, '2023-07-03'),
(2045, 2, 5, 14, 234, '2023-07-04'),
(2046, 3, 6, 22, 455, '2023-07-05'),
(2047, 4, 7, 13, 687, '2023-07-06'),
(2048, 5, 8, 19, 541, '2023-07-07'),
(2049, 1, 9, 21, 798, '2023-07-08'),
(2050, 4, 10, 16, 162, '2023-07-09'),
(2051, 2, 1, 25, 315, '2023-07-10'),
(2052, 3, 2, 14, 453, '2023-07-11'),
(2053, 5, 3, 17, 841, '2023-07-12'),
(2054, 4, 4, 13, 234, '2023-07-13'),
(2055, 2, 5, 18, 473, '2023-07-14'),
(2056, 3, 6, 11, 378, '2023-07-15'),
(2057, 4, 7, 19, 253, '2023-07-16'),
(2058, 5, 8, 23, 490, '2023-07-17'),
(2059, 2, 9, 12, 539, '2023-07-18'),
(2060, 4, 10, 22, 128, '2023-07-19'),
(2061, 3, 1, 16, 315, '2023-07-20'),
(2062, 5, 2, 14, 402, '2023-07-21'),
(2063, 4, 3, 25, 501, '2023-07-22'),
(2064, 2, 4, 19, 634, '2023-07-23'),
(2065, 3, 5, 17, 543, '2023-07-24'),
(2066, 4, 6, 21, 319, '2023-07-25'),
(2067, 2, 7, 12, 584, '2023-07-26'),
(2068, 3, 8, 18, 274, '2023-07-27'),
(2069, 5, 9, 22, 682, '2023-07-28'),
(2070, 4, 10, 13, 743, '2023-07-29'),
(2071, 2, 1, 15, 905, '2023-07-30'),
(2072, 3, 2, 20, 196, '2023-07-31'),
(2073, 4, 3, 11, 264, '2023-07-01'),
(2074, 5, 4, 17, 381, '2023-07-02'),
(2075, 2, 5, 22, 573, '2023-07-03'),
(2076, 3, 6, 14, 457, '2023-07-04'),
(2077, 4, 7, 19, 361, '2023-07-05'),
(2078, 5, 8, 12, 641, '2023-07-06'),
(2079, 2, 9, 25, 238, '2023-07-07'),
(2080, 3, 10, 13, 522, '2023-07-08'),
(2081, 4, 1, 18, 605, '2023-07-09'),
(2082, 2, 2, 15, 402, '2023-07-10'),
(2083, 5, 3, 22, 276, '2023-07-11'),
(2084, 3, 4, 21, 412, '2023-07-12'),
(2085, 4, 5, 14, 361, '2023-07-13'),
(2086, 2, 6, 13, 523, '2023-07-14'),
(2087, 3, 7, 17, 435, '2023-07-15'),
(2088, 5, 8, 19, 617, '2023-07-16'),
(2089, 2, 9, 16, 289, '2023-07-17'),
(2090, 4, 10, 21, 364, '2023-07-18'),
(2091, 3, 1, 20, 459, '2023-07-19'),
(2092, 5, 2, 18, 283, '2023-07-20'),
(2093, 2, 3, 19, 673, '2023-07-21'),
(2094, 4, 4, 13, 504, '2023-07-22'),
(2095, 3, 5, 22, 520, '2023-07-23'),
(2096, 3, 6, 18, 234, '2023-07-24'),
(2097, 4, 7, 22, 478, '2023-07-25'),
(2098, 2, 8, 11, 690, '2023-07-26'),
(2099, 5, 9, 16, 345, '2023-07-27'),
(2100, 3, 10, 13, 581, '2023-07-28'),
(2101, 4, 1, 19, 693, '2023-07-29'),
(2102, 2, 2, 14, 408, '2023-07-30'),
(2103, 5, 3, 20, 563, '2023-07-31'),
(2104, 3, 4, 17, 623, '2023-07-01'),
(2105, 4, 5, 22, 491, '2023-07-02'),
(2106, 2, 6, 15, 736, '2023-07-03'),
(2107, 3, 7, 18, 415, '2023-07-04'),
(2108, 4, 8, 13, 592, '2023-07-05'),
(2109, 5, 9, 20, 362, '2023-07-06'),
(2110, 2, 10, 16, 290, '2023-07-07'),
(2111, 3, 1, 14, 567, '2023-07-08'),
(2112, 4, 2, 22, 318, '2023-07-09'),
(2113, 5, 3, 18, 724, '2023-07-10'),
(2114, 2, 4, 16, 491, '2023-07-11'),
(2115, 3, 5, 13, 562, '2023-07-12'),
(2116, 4, 6, 15, 479, '2023-07-13'),
(2117, 5, 7, 17, 528, '2023-07-14'),
(2118, 2, 8, 21, 637, '2023-07-15'),
(2119, 3, 9, 12, 532, '2023-07-16'),
(2120, 4, 10, 13, 628, '2023-07-17'),
(2121, 2, 1, 14, 351, '2023-07-18'),
(2122, 5, 2, 16, 712, '2023-07-19'),
(2123, 3, 3, 19, 459, '2023-07-20'),
(2124, 4, 4, 17, 519, '2023-07-21'),
(2125, 5, 5, 11, 682, '2023-07-22'),
(2126, 2, 6, 15, 395, '2023-07-23'),
(2127, 3, 7, 13, 431, '2023-07-24'),
(2128, 4, 8, 22, 507, '2023-07-25'),
(2129, 5, 9, 21, 636, '2023-07-26'),
(2130, 2, 10, 18, 263, '2023-07-27'),
(2131, 3, 1, 16, 381, '2023-07-28'),
(2132, 4, 2, 14, 451, '2023-07-29'),
(2133, 5, 3, 19, 593, '2023-07-30'),
(2134, 2, 4, 15, 515, '2023-07-31'),
(2135, 3, 5, 18, 490, '2023-07-01'),
(2136, 4, 6, 13, 692, '2023-07-02'),
(2137, 5, 7, 21, 583, '2023-07-03'),
(2138, 2, 8, 14, 512, '2023-07-04'),
(2139, 3, 9, 19, 473, '2023-07-05'),
(2140, 4, 10, 22, 591, '2023-07-06'),
(2141, 2, 1, 15, 350, '2023-07-07'),
(2142, 5, 2, 11, 453, '2023-07-08'),
(2143, 3, 3, 18, 536, '2023-07-09'),
(2144, 4, 4, 13, 412, '2023-07-10'),
(2145, 2, 5, 20, 616, '2023-07-11'),
(2146, 5, 6, 16, 591, '2023-07-12'),
(2147, 3, 7, 19, 532, '2023-07-13'),
(2148, 4, 8, 14, 358, '2023-07-14'),
(2149, 5, 9, 12, 677, '2023-07-15'),
(2150, 2, 10, 18, 531, '2023-07-16'),
(2151, 3, 1, 21, 521, '2023-07-17'),
(2152, 4, 2, 22, 433, '2023-07-18'),
(2153, 5, 3, 20, 276, '2023-07-19'),
(2154, 2, 4, 14, 357, '2023-07-20'),
(2155, 3, 5, 17, 402, '2023-07-21'),
(2156, 4, 6, 19, 621, '2023-07-22'),
(2157, 5, 7, 16, 705, '2023-07-23'),
(2158, 2, 8, 18, 312, '2023-07-24'),
(2159, 3, 9, 22, 463, '2023-07-25'),
(2160, 4, 10, 14, 509, '2023-07-26'),
(2161, 4, 1, 8, 233, '2023-08-01'),
(2162, 3, 2, 15, 451, '2023-08-02'),
(2163, 2, 3, 19, 579, '2023-08-03'),
(2164, 5, 4, 20, 378, '2023-08-04'),
(2165, 1, 5, 3, 642, '2023-08-05'),
(2166, 4, 6, 7, 123, '2023-08-06'),
(2167, 3, 7, 13, 512, '2023-08-07'),
(2168, 2, 8, 9, 236, '2023-08-08'),
(2169, 5, 9, 14, 398, '2023-08-09'),
(2170, 1, 10, 16, 570, '2023-08-10'),
(2171, 4, 1, 12, 285, '2023-08-11'),
(2172, 3, 2, 18, 682, '2023-08-12'),
(2173, 2, 3, 10, 509, '2023-08-13'),
(2174, 5, 4, 6, 112, '2023-08-14'),
(2175, 1, 5, 17, 648, '2023-08-15'),
(2176, 4, 6, 11, 534, '2023-08-16'),
(2177, 3, 7, 15, 326, '2023-08-17'),
(2178, 2, 8, 13, 418, '2023-08-18'),
(2179, 5, 9, 20, 738, '2023-08-19'),
(2180, 1, 10, 5, 562, '2023-08-20'),
(2181, 4, 1, 9, 392, '2023-08-21'),
(2182, 3, 2, 17, 640, '2023-08-22'),
(2183, 2, 3, 14, 540, '2023-08-23'),
(2184, 5, 4, 16, 613, '2023-08-24'),
(2185, 1, 5, 19, 472, '2023-08-25'),
(2186, 4, 6, 11, 235, '2023-08-26'),
(2187, 3, 7, 8, 363, '2023-08-27'),
(2188, 2, 8, 21, 486, '2023-08-28'),
(2189, 5, 9, 12, 621, '2023-08-29'),
(2190, 1, 10, 14, 561, '2023-08-30'),
(2191, 4, 1, 10, 424, '2023-08-31'),
(2192, 3, 2, 7, 335, '2023-08-01'),
(2193, 2, 3, 13, 704, '2023-08-02'),
(2194, 5, 4, 16, 342, '2023-08-03'),
(2195, 1, 5, 6, 698, '2023-08-04'),
(2196, 4, 6, 20, 522, '2023-08-05'),
(2197, 3, 7, 9, 659, '2023-08-06'),
(2198, 2, 8, 18, 437, '2023-08-07'),
(2199, 5, 9, 15, 579, '2023-08-08'),
(2200, 1, 10, 5, 336, '2023-08-09'),
(2201, 4, 1, 14, 443, '2023-08-10'),
(2202, 3, 2, 12, 682, '2023-08-11'),
(2203, 2, 3, 19, 258, '2023-08-12'),
(2204, 5, 4, 8, 477, '2023-08-13'),
(2205, 1, 5, 3, 539, '2023-08-14'),
(2206, 4, 6, 21, 615, '2023-08-15'),
(2207, 3, 7, 17, 618, '2023-08-16'),
(2208, 2, 8, 10, 748, '2023-08-17'),
(2209, 5, 9, 16, 637, '2023-08-18'),
(2210, 1, 10, 7, 490, '2023-08-19'),
(2211, 4, 1, 11, 507, '2023-08-20'),
(2212, 3, 2, 14, 633, '2023-08-21'),
(2213, 2, 3, 18, 525, '2023-08-22'),
(2214, 5, 4, 9, 466, '2023-08-23'),
(2215, 1, 5, 6, 374, '2023-08-24'),
(2216, 4, 6, 20, 535, '2023-08-25'),
(2217, 3, 7, 12, 632, '2023-08-26'),
(2218, 2, 8, 17, 711, '2023-08-27'),
(2219, 5, 9, 13, 556, '2023-08-28'),
(2220, 1, 10, 18, 498, '2023-08-29'),
(2221, 4, 1, 9, 688, '2023-08-30'),
(2222, 3, 2, 16, 531, '2023-08-31'),
(2223, 2, 3, 15, 319, '2023-08-01'),
(2224, 5, 4, 14, 745, '2023-08-02'),
(2225, 1, 5, 11, 612, '2023-08-03'),
(2226, 4, 6, 10, 549, '2023-08-04'),
(2227, 3, 7, 9, 667, '2023-08-05'),
(2228, 2, 8, 7, 531, '2023-08-06'),
(2229, 5, 9, 5, 580, '2023-08-07'),
(2230, 1, 10, 12, 468, '2023-08-08'),
(2231, 4, 1, 17, 626, '2023-08-09'),
(2232, 3, 2, 13, 450, '2023-08-10'),
(2233, 2, 3, 16, 379, '2023-08-11'),
(2234, 5, 4, 14, 530, '2023-08-12'),
(2235, 1, 5, 18, 567, '2023-08-13'),
(2236, 4, 6, 8, 694, '2023-08-14'),
(2237, 3, 7, 15, 674, '2023-08-15'),
(2238, 2, 8, 17, 506, '2023-08-16'),
(2239, 5, 9, 11, 384, '2023-08-17'),
(2240, 1, 10, 6, 389, '2023-08-18'),
(2241, 4, 1, 8, 732, '2023-08-19'),
(2242, 3, 2, 10, 573, '2023-08-20'),
(2243, 2, 3, 9, 593, '2023-08-21'),
(2244, 5, 4, 12, 635, '2023-08-22'),
(2245, 1, 5, 14, 452, '2023-08-23'),
(2246, 4, 6, 16, 428, '2023-08-24'),
(2247, 3, 7, 20, 581, '2023-08-25'),
(2248, 2, 8, 19, 350, '2023-08-26'),
(2249, 5, 9, 18, 535, '2023-08-27'),
(2250, 1, 10, 13, 648, '2023-08-28'),
(2251, 3, 1, 5, 711, '2023-08-29'),
(2252, 4, 2, 10, 562, '2023-08-30'),
(2253, 2, 3, 7, 395, '2023-08-31'),
(2254, 5, 4, 14, 533, '2023-08-01'),
(2255, 1, 5, 11, 649, '2023-08-02'),
(2256, 4, 6, 13, 616, '2023-08-03'),
(2257, 3, 7, 12, 692, '2023-08-04'),
(2258, 2, 8, 16, 543, '2023-08-05'),
(2259, 5, 9, 8, 632, '2023-08-06'),
(2260, 1, 10, 6, 411, '2023-08-07'),
(2261, 4, 1, 5, 73, '2023-09-01'),
(2262, 3, 2, 17, 394, '2023-09-02'),
(2263, 2, 3, 8, 532, '2023-09-03'),
(2264, 5, 4, 12, 783, '2023-09-04'),
(2265, 1, 5, 9, 137, '2023-09-05'),
(2266, 4, 6, 13, 354, '2023-09-06'),
(2267, 3, 7, 16, 420, '2023-09-07'),
(2268, 2, 8, 20, 517, '2023-09-08'),
(2269, 5, 9, 14, 612, '2023-09-09'),
(2270, 1, 10, 10, 375, '2023-09-10'),
(2271, 4, 1, 7, 470, '2023-09-11'),
(2272, 3, 2, 3, 711, '2023-09-12'),
(2273, 2, 3, 21, 513, '2023-09-13'),
(2274, 5, 4, 15, 215, '2023-09-14'),
(2275, 1, 5, 18, 671, '2023-09-15'),
(2276, 4, 6, 6, 537, '2023-09-16'),
(2277, 3, 7, 19, 262, '2023-09-17'),
(2278, 2, 8, 2, 632, '2023-09-18'),
(2279, 5, 9, 4, 401, '2023-09-19'),
(2280, 1, 10, 22, 590, '2023-09-20'),
(2281, 4, 1, 17, 682, '2023-09-21'),
(2282, 3, 2, 12, 548, '2023-09-22'),
(2283, 2, 3, 11, 312, '2023-09-23'),
(2284, 5, 4, 9, 472, '2023-09-24'),
(2285, 1, 5, 18, 421, '2023-09-25'),
(2286, 4, 6, 8, 535, '2023-09-26'),
(2287, 3, 7, 3, 645, '2023-09-27'),
(2288, 2, 8, 16, 338, '2023-09-28'),
(2289, 5, 9, 13, 473, '2023-09-29'),
(2290, 1, 10, 15, 603, '2023-09-30'),
(2291, 4, 1, 5, 274, '2023-09-01'),
(2292, 3, 2, 6, 531, '2023-09-02'),
(2293, 2, 3, 7, 463, '2023-09-03'),
(2294, 5, 4, 2, 578, '2023-09-04'),
(2295, 1, 5, 10, 421, '2023-09-05'),
(2296, 4, 6, 19, 712, '2023-09-06'),
(2297, 3, 7, 12, 460, '2023-09-07'),
(2298, 2, 8, 15, 578, '2023-09-08'),
(2299, 5, 9, 14, 383, '2023-09-09'),
(2300, 1, 10, 18, 520, '2023-09-10'),
(2301, 4, 1, 11, 603, '2023-09-11'),
(2302, 3, 2, 14, 326, '2023-09-12'),
(2303, 2, 3, 21, 412, '2023-09-13'),
(2304, 5, 4, 13, 297, '2023-09-14'),
(2305, 1, 5, 7, 649, '2023-09-15'),
(2306, 4, 6, 8, 642, '2023-09-16'),
(2307, 3, 7, 16, 273, '2023-09-17'),
(2308, 2, 8, 4, 580, '2023-09-18'),
(2309, 5, 9, 12, 432, '2023-09-19'),
(2310, 1, 10, 19, 662, '2023-09-20'),
(2311, 4, 1, 3, 523, '2023-09-21'),
(2312, 3, 2, 17, 315, '2023-09-22'),
(2313, 2, 3, 8, 664, '2023-09-23'),
(2314, 5, 4, 14, 352, '2023-09-24'),
(2315, 1, 5, 13, 511, '2023-09-25'),
(2316, 4, 6, 10, 682, '2023-09-26'),
(2317, 3, 7, 9, 302, '2023-09-27'),
(2318, 2, 8, 16, 432, '2023-09-28'),
(2319, 5, 9, 14, 238, '2023-09-29'),
(2320, 1, 10, 5, 643, '2023-09-30'),
(2321, 4, 1, 12, 423, '2023-09-01'),
(2322, 3, 2, 16, 541, '2023-09-02'),
(2323, 2, 3, 20, 614, '2023-09-03'),
(2324, 5, 4, 19, 255, '2023-09-04'),
(2325, 1, 5, 2, 463, '2023-09-05'),
(2326, 4, 6, 11, 423, '2023-09-06'),
(2327, 3, 7, 8, 534, '2023-09-07'),
(2328, 2, 8, 14, 678, '2023-09-08'),
(2329, 5, 9, 13, 423, '2023-09-09'),
(2330, 1, 10, 18, 547, '2023-09-10'),
(2331, 4, 1, 7, 521, '2023-09-11'),
(2332, 3, 2, 5, 618, '2023-09-12'),
(2333, 2, 3, 16, 263, '2023-09-13'),
(2334, 5, 4, 17, 681, '2023-09-14'),
(2335, 1, 5, 9, 573, '2023-09-15'),
(2336, 4, 6, 3, 583, '2023-09-16'),
(2337, 3, 7, 12, 591, '2023-09-17'),
(2338, 2, 8, 5, 411, '2023-09-18'),
(2339, 5, 9, 8, 513, '2023-09-19'),
(2340, 1, 10, 6, 546, '2023-09-20'),
(2341, 4, 1, 15, 391, '2023-09-21'),
(2342, 3, 2, 17, 539, '2023-09-22'),
(2343, 2, 3, 10, 530, '2023-09-23'),
(2344, 5, 4, 12, 659, '2023-09-24'),
(2345, 1, 5, 4, 591, '2023-09-25'),
(2346, 4, 6, 2, 659, '2023-09-26'),
(2347, 3, 7, 19, 327, '2023-09-27'),
(2348, 2, 8, 6, 612, '2023-09-28'),
(2349, 5, 9, 14, 374, '2023-09-29'),
(2350, 1, 10, 18, 412, '2023-09-30'),
(2351, 4, 1, 30, 517, '2023-09-01'),
(2352, 3, 2, 32, 392, '2023-09-02'),
(2353, 5, 3, 33, 583, '2023-09-03'),
(2354, 2, 4, 34, 402, '2023-09-04'),
(2355, 1, 5, 35, 411, '2023-09-05'),
(2356, 4, 6, 30, 476, '2023-09-06'),
(2357, 3, 7, 31, 345, '2023-09-07'),
(2358, 2, 8, 32, 491, '2023-09-08'),
(2359, 5, 9, 33, 521, '2023-09-09'),
(2360, 1, 10, 34, 478, '2023-09-10'),
(2361, 4, 1, 35, 492, '2023-09-11'),
(2362, 3, 2, 30, 467, '2023-09-12'),
(2363, 2, 3, 31, 312, '2023-09-13'),
(2364, 5, 4, 32, 467, '2023-09-14'),
(2365, 1, 5, 33, 595, '2023-09-15'),
(2366, 4, 6, 34, 383, '2023-09-16'),
(2367, 3, 7, 35, 510, '2023-09-17'),
(2368, 2, 8, 30, 407, '2023-09-18'),
(2369, 5, 9, 31, 623, '2023-09-19'),
(2370, 1, 10, 32, 491, '2023-09-20'),
(2371, 4, 1, 33, 515, '2023-09-21'),
(2372, 3, 2, 34, 509, '2023-09-22'),
(2373, 2, 3, 35, 621, '2023-09-23'),
(2374, 5, 4, 30, 452, '2023-09-24'),
(2375, 1, 5, 31, 604, '2023-09-25'),
(2376, 4, 6, 32, 498, '2023-09-26'),
(2377, 3, 7, 33, 547, '2023-09-27'),
(2378, 2, 8, 34, 602, '2023-09-28'),
(2379, 5, 9, 35, 411, '2023-09-29'),
(2380, 1, 10, 30, 560, '2023-09-30'),
(2381, 4, 1, 1, 18, '2023-10-01'),
(2382, 3, 2, 2, 42, '2023-10-02'),
(2383, 5, 3, 3, 58, '2023-10-03'),
(2384, 2, 4, 4, 69, '2023-10-04'),
(2385, 1, 5, 5, 72, '2023-10-05'),
(2386, 4, 6, 6, 99, '2023-10-06'),
(2387, 3, 7, 7, 134, '2023-10-07'),
(2388, 2, 8, 8, 161, '2023-10-08'),
(2389, 5, 9, 9, 183, '2023-10-09'),
(2390, 1, 10, 10, 210, '2023-10-10'),
(2391, 4, 1, 11, 214, '2023-10-11'),
(2392, 3, 2, 12, 236, '2023-10-12'),
(2393, 2, 3, 13, 262, '2023-10-13'),
(2394, 5, 4, 14, 279, '2023-10-14'),
(2395, 1, 5, 15, 294, '2023-10-15'),
(2396, 4, 6, 16, 311, '2023-10-16'),
(2397, 3, 7, 17, 332, '2023-10-17'),
(2398, 2, 8, 18, 349, '2023-10-18'),
(2399, 5, 9, 19, 357, '2023-10-19'),
(2400, 1, 10, 20, 369, '2023-10-20'),
(2401, 4, 1, 21, 384, '2023-10-21'),
(2402, 3, 2, 22, 399, '2023-10-22'),
(2403, 2, 3, 23, 412, '2023-10-23'),
(2404, 5, 4, 24, 426, '2023-10-24'),
(2405, 1, 5, 25, 445, '2023-10-25'),
(2406, 4, 6, 26, 461, '2023-10-26'),
(2407, 3, 7, 27, 472, '2023-10-27'),
(2408, 2, 8, 28, 483, '2023-10-28'),
(2409, 5, 9, 29, 499, '2023-10-29'),
(2410, 1, 10, 30, 506, '2023-10-30'),
(2411, 4, 1, 31, 511, '2023-10-31'),
(2412, 3, 2, 32, 520, '2023-10-01'),
(2413, 2, 3, 33, 534, '2023-10-02'),
(2414, 5, 4, 34, 545, '2023-10-03'),
(2415, 1, 5, 35, 553, '2023-10-04'),
(2416, 4, 6, 36, 563, '2023-10-05'),
(2417, 3, 7, 1, 577, '2023-10-06'),
(2418, 2, 8, 2, 585, '2023-10-07'),
(2419, 5, 9, 3, 599, '2023-10-08'),
(2420, 1, 10, 4, 612, '2023-10-09'),
(2421, 4, 1, 5, 625, '2023-10-10'),
(2422, 3, 2, 6, 638, '2023-10-11'),
(2423, 2, 3, 7, 650, '2023-10-12'),
(2424, 5, 4, 8, 661, '2023-10-13'),
(2425, 1, 5, 9, 672, '2023-10-14'),
(2426, 4, 6, 10, 683, '2023-10-15'),
(2427, 3, 7, 11, 697, '2023-10-16'),
(2428, 2, 8, 12, 707, '2023-10-17'),
(2429, 5, 9, 13, 719, '2023-10-18'),
(2430, 1, 10, 14, 732, '2023-10-19'),
(2431, 4, 1, 15, 744, '2023-10-20'),
(2432, 3, 2, 16, 756, '2023-10-21'),
(2433, 2, 3, 17, 764, '2023-10-22'),
(2434, 5, 4, 18, 775, '2023-10-23'),
(2435, 1, 5, 19, 787, '2023-10-24'),
(2436, 4, 6, 20, 799, '2023-10-25'),
(2437, 3, 7, 21, 811, '2023-10-26'),
(2438, 2, 8, 22, 824, '2023-10-27'),
(2439, 5, 9, 23, 836, '2023-10-28'),
(2440, 1, 10, 24, 848, '2023-10-29'),
(2441, 4, 1, 25, 860, '2023-10-30'),
(2442, 3, 2, 26, 873, '2023-10-31'),
(2443, 2, 3, 27, 885, '2023-10-01'),
(2444, 5, 4, 28, 897, '2023-10-02'),
(2445, 1, 5, 29, 905, '2023-10-03'),
(2446, 4, 6, 30, 917, '2023-10-04'),
(2447, 3, 7, 31, 931, '2023-10-05'),
(2448, 2, 8, 1, 944, '2023-10-06'),
(2449, 5, 9, 2, 953, '2023-10-07'),
(2450, 1, 10, 3, 965, '2023-10-08'),
(2451, 4, 1, 4, 978, '2023-10-09'),
(2452, 3, 2, 5, 982, '2023-10-10'),
(2453, 2, 3, 6, 996, '2023-10-11'),
(2454, 5, 4, 7, 1007, '2023-10-12'),
(2455, 1, 5, 8, 1012, '2023-10-13'),
(2456, 4, 6, 9, 990, '2023-10-14'),
(2457, 3, 7, 10, 951, '2023-10-15'),
(2458, 2, 8, 11, 947, '2023-10-16'),
(2459, 5, 9, 12, 935, '2023-10-17'),
(2460, 1, 10, 13, 921, '2023-10-18'),
(2461, 4, 1, 14, 899, '2023-10-19'),
(2462, 3, 2, 15, 876, '2023-10-20'),
(2463, 2, 3, 16, 860, '2023-10-21'),
(2464, 5, 4, 17, 843, '2023-10-22'),
(2465, 1, 5, 18, 831, '2023-10-23'),
(2466, 4, 6, 19, 810, '2023-10-24'),
(2467, 3, 7, 20, 799, '2023-10-25'),
(2468, 2, 8, 21, 779, '2023-10-26'),
(2469, 5, 9, 22, 758, '2023-10-27'),
(2470, 1, 10, 23, 736, '2023-10-28'),
(2471, 4, 1, 1, 89, '2023-11-01'),
(2472, 3, 2, 2, 102, '2023-11-02'),
(2473, 5, 3, 3, 156, '2023-11-03'),
(2474, 2, 4, 4, 205, '2023-11-04'),
(2475, 1, 5, 5, 233, '2023-11-05'),
(2476, 4, 6, 6, 245, '2023-11-06'),
(2477, 3, 7, 7, 267, '2023-11-07'),
(2478, 2, 8, 8, 305, '2023-11-08'),
(2479, 5, 9, 9, 341, '2023-11-09'),
(2480, 1, 10, 10, 379, '2023-11-10'),
(2481, 4, 1, 11, 388, '2023-11-11'),
(2482, 3, 2, 12, 399, '2023-11-12'),
(2483, 2, 3, 13, 421, '2023-11-13'),
(2484, 5, 4, 14, 438, '2023-11-14'),
(2485, 1, 5, 15, 456, '2023-11-15'),
(2486, 4, 6, 16, 467, '2023-11-16'),
(2487, 3, 7, 17, 478, '2023-11-17'),
(2488, 2, 8, 18, 505, '2023-11-18'),
(2489, 5, 9, 19, 521, '2023-11-19'),
(2490, 1, 10, 20, 542, '2023-11-20'),
(2491, 4, 1, 21, 559, '2023-11-21'),
(2492, 3, 2, 22, 573, '2023-11-22'),
(2493, 2, 3, 23, 598, '2023-11-23'),
(2494, 5, 4, 24, 615, '2023-11-24'),
(2495, 1, 5, 25, 626, '2023-11-25'),
(2496, 4, 6, 26, 642, '2023-11-26'),
(2497, 3, 7, 27, 654, '2023-11-27'),
(2498, 2, 8, 28, 671, '2023-11-28'),
(2499, 5, 9, 29, 689, '2023-11-29'),
(2500, 1, 10, 30, 703, '2023-11-30'),
(2501, 4, 1, 31, 712, '2023-11-01'),
(2502, 3, 2, 1, 723, '2023-11-02'),
(2503, 2, 3, 2, 734, '2023-11-03'),
(2504, 5, 4, 3, 745, '2023-11-04'),
(2505, 1, 5, 4, 756, '2023-11-05'),
(2506, 4, 6, 5, 767, '2023-11-06'),
(2507, 3, 7, 6, 778, '2023-11-07'),
(2508, 2, 8, 7, 789, '2023-11-08'),
(2509, 5, 9, 8, 800, '2023-11-09'),
(2510, 1, 10, 9, 811, '2023-11-10'),
(2511, 4, 1, 10, 822, '2023-11-11'),
(2512, 3, 2, 11, 833, '2023-11-12'),
(2513, 2, 3, 12, 844, '2023-11-13'),
(2514, 5, 4, 13, 855, '2023-11-14'),
(2515, 1, 5, 14, 866, '2023-11-15'),
(2516, 4, 6, 15, 877, '2023-11-16'),
(2517, 3, 7, 16, 888, '2023-11-17'),
(2518, 2, 8, 17, 899, '2023-11-18'),
(2519, 5, 9, 18, 910, '2023-11-19'),
(2520, 1, 10, 19, 921, '2023-11-20'),
(2521, 4, 1, 20, 932, '2023-11-21'),
(2522, 3, 2, 21, 943, '2023-11-22'),
(2523, 2, 3, 22, 954, '2023-11-23'),
(2524, 5, 4, 23, 965, '2023-11-24'),
(2525, 1, 5, 24, 976, '2023-11-25'),
(2526, 4, 6, 25, 987, '2023-11-26'),
(2527, 3, 7, 26, 998, '2023-11-27'),
(2528, 2, 8, 27, 1009, '2023-11-28'),
(2529, 5, 9, 28, 1000, '2023-11-29'),
(2530, 1, 10, 29, 1011, '2023-11-30'),
(2531, 4, 1, 30, 1012, '2023-11-01'),
(2532, 3, 2, 31, 1003, '2023-11-02'),
(2533, 2, 3, 1, 1004, '2023-11-03'),
(2534, 5, 4, 2, 1005, '2023-11-04'),
(2535, 1, 5, 3, 1006, '2023-11-05'),
(2536, 4, 6, 4, 1007, '2023-11-06'),
(2537, 3, 7, 5, 1008, '2023-11-07'),
(2538, 2, 8, 6, 1009, '2023-11-08'),
(2539, 5, 9, 7, 1000, '2023-11-09'),
(2540, 1, 10, 8, 1011, '2023-11-10'),
(2541, 4, 1, 9, 1012, '2023-11-11'),
(2542, 3, 2, 10, 1003, '2023-11-12'),
(2543, 2, 3, 11, 1004, '2023-11-13'),
(2544, 5, 4, 12, 15, '2023-11-14'),
(2545, 1, 5, 13, 16, '2023-11-15'),
(2546, 4, 6, 14, 17, '2023-11-16'),
(2547, 3, 7, 15, 128, '2023-11-17'),
(2548, 2, 8, 16, 129, '2023-11-18'),
(2549, 5, 9, 17, 120, '2023-11-19'),
(2550, 1, 10, 18, 121, '2023-11-20'),
(2551, 3, 1, 1, 200, '2023-11-01'),
(2552, 4, 2, 2, 221, '2023-11-02'),
(2553, 2, 3, 3, 242, '2023-11-03'),
(2554, 5, 4, 4, 263, '2023-11-04'),
(2555, 3, 5, 5, 284, '2023-11-05'),
(2556, 4, 6, 6, 305, '2023-11-06'),
(2557, 2, 7, 7, 326, '2023-11-07'),
(2558, 5, 8, 8, 347, '2023-11-08'),
(2559, 1, 9, 9, 368, '2023-11-09'),
(2560, 4, 10, 10, 389, '2023-11-10'),
(2561, 4, 1, 1, 301, '2023-12-01'),
(2562, 3, 2, 2, 322, '2023-12-02'),
(2563, 2, 3, 3, 343, '2023-12-03'),
(2564, 5, 4, 4, 364, '2023-12-04'),
(2565, 1, 5, 5, 385, '2023-12-05'),
(2566, 4, 6, 6, 406, '2023-12-06'),
(2567, 3, 7, 7, 427, '2023-12-07'),
(2568, 2, 8, 8, 448, '2023-12-08'),
(2569, 5, 9, 9, 469, '2023-12-09'),
(2570, 1, 10, 10, 490, '2023-12-10'),
(2571, 4, 1, 11, 511, '2023-12-11'),
(2572, 3, 2, 12, 532, '2023-12-12'),
(2573, 2, 3, 13, 553, '2023-12-13'),
(2574, 5, 4, 14, 574, '2023-12-14'),
(2575, 1, 5, 15, 595, '2023-12-15'),
(2576, 4, 6, 16, 616, '2023-12-16'),
(2577, 3, 7, 17, 637, '2023-12-17'),
(2578, 2, 8, 18, 658, '2023-12-18'),
(2579, 5, 9, 19, 679, '2023-12-19'),
(2580, 1, 10, 20, 700, '2023-12-20'),
(2581, 4, 1, 21, 721, '2023-12-21'),
(2582, 3, 2, 22, 742, '2023-12-22'),
(2583, 2, 3, 23, 763, '2023-12-23'),
(2584, 5, 4, 24, 784, '2023-12-24'),
(2585, 1, 5, 25, 805, '2023-12-25'),
(2586, 4, 6, 26, 826, '2023-12-26'),
(2587, 3, 7, 27, 847, '2023-12-27'),
(2588, 2, 8, 28, 868, '2023-12-28'),
(2589, 5, 9, 29, 889, '2023-12-29'),
(2590, 1, 10, 30, 910, '2023-12-30'),
(2591, 4, 1, 31, 931, '2023-12-31'),
(2592, 3, 2, 1, 501, '2023-12-01'),
(2593, 2, 3, 2, 522, '2023-12-02'),
(2594, 5, 4, 3, 543, '2023-12-03'),
(2595, 1, 5, 4, 564, '2023-12-04'),
(2596, 4, 6, 5, 585, '2023-12-05'),
(2597, 3, 7, 6, 606, '2023-12-06'),
(2598, 2, 8, 7, 627, '2023-12-07'),
(2599, 5, 9, 8, 648, '2023-12-08'),
(2600, 1, 10, 9, 669, '2023-12-09'),
(2601, 4, 1, 10, 690, '2023-12-10'),
(2602, 3, 2, 11, 711, '2023-12-11'),
(2603, 2, 3, 12, 732, '2023-12-12'),
(2604, 5, 4, 13, 753, '2023-12-13'),
(2605, 1, 5, 14, 774, '2023-12-14'),
(2606, 4, 6, 15, 795, '2023-12-15'),
(2607, 3, 7, 16, 816, '2023-12-16'),
(2608, 2, 8, 17, 837, '2023-12-17'),
(2609, 5, 9, 18, 858, '2023-12-18'),
(2610, 1, 10, 19, 879, '2023-12-19'),
(2611, 4, 1, 20, 900, '2023-12-20'),
(2612, 3, 2, 21, 921, '2023-12-21'),
(2613, 2, 3, 22, 942, '2023-12-22'),
(2614, 5, 4, 23, 963, '2023-12-23'),
(2615, 1, 5, 24, 984, '2023-12-24'),
(2616, 4, 6, 25, 1005, '2023-12-25'),
(2617, 3, 7, 26, 126, '2023-12-26'),
(2618, 2, 8, 27, 147, '2023-12-27'),
(2619, 5, 9, 28, 168, '2023-12-28'),
(2620, 1, 10, 29, 109, '2023-12-29'),
(2621, 4, 1, 30, 110, '2023-12-30'),
(2622, 3, 2, 31, 1001, '2023-12-31'),
(2623, 2, 3, 1, 601, '2023-12-01'),
(2624, 5, 4, 2, 622, '2023-12-02'),
(2625, 1, 5, 3, 643, '2023-12-03'),
(2626, 4, 6, 4, 664, '2023-12-04'),
(2627, 3, 7, 5, 685, '2023-12-05'),
(2628, 2, 8, 6, 706, '2023-12-06'),
(2629, 5, 9, 7, 727, '2023-12-07'),
(2630, 1, 10, 8, 748, '2023-12-08'),
(2631, 4, 1, 9, 769, '2023-12-09'),
(2632, 3, 2, 10, 790, '2023-12-10'),
(2633, 2, 3, 11, 811, '2023-12-11'),
(2634, 5, 4, 12, 832, '2023-12-12'),
(2635, 1, 5, 13, 853, '2023-12-13'),
(2636, 4, 6, 14, 874, '2023-12-14'),
(2637, 3, 7, 15, 895, '2023-12-15'),
(2638, 2, 8, 16, 916, '2023-12-16'),
(2639, 5, 9, 17, 937, '2023-12-17'),
(2640, 1, 10, 18, 958, '2023-12-18'),
(2641, 4, 1, 19, 979, '2023-12-19'),
(2642, 3, 2, 20, 1000, '2023-12-20'),
(2643, 2, 3, 21, 21, '2023-12-21'),
(2644, 5, 4, 22, 42, '2023-12-22'),
(2645, 1, 5, 23, 63, '2023-12-23'),
(2646, 4, 6, 24, 14, '2023-12-24'),
(2647, 3, 7, 25, 105, '2023-12-25'),
(2648, 2, 8, 26, 26, '2023-12-26'),
(2649, 5, 9, 27, 47, '2023-12-27'),
(2650, 1, 10, 28, 18, '2023-12-28'),
(2651, 4, 1, 29, 89, '2023-12-29'),
(2652, 3, 2, 30, 10, '2023-12-30'),
(2653, 2, 3, 31, 31, '2023-12-31'),
(2654, 5, 4, 1, 52, '2023-12-01'),
(2655, 1, 5, 2, 73, '2023-12-02'),
(2656, 4, 6, 3, 94, '2023-12-03'),
(2657, 3, 7, 4, 115, '2023-12-04'),
(2658, 2, 8, 5, 36, '2023-12-05'),
(2659, 5, 9, 6, 57, '2023-12-06'),
(2660, 1, 10, 7, 78, '2023-12-07'),
(2661, 3, 2, 5, 200, '2022-01-01'),
(2662, 4, 7, 9, 600, '2022-01-02'),
(2663, 2, 4, 15, 320, '2022-01-03'),
(2664, 1, 5, 8, 785, '2022-01-04'),
(2665, 3, 9, 3, 415, '2022-01-05'),
(2666, 4, 6, 14, 901, '2022-01-06'),
(2667, 2, 3, 4, 720, '2022-01-07'),
(2668, 5, 10, 7, 512, '2022-01-08'),
(2669, 1, 8, 10, 644, '2022-01-09'),
(2670, 3, 1, 2, 880, '2022-01-10'),
(2671, 4, 2, 12, 123, '2022-01-11'),
(2672, 2, 6, 13, 333, '2022-01-12'),
(2673, 5, 7, 11, 555, '2022-01-13'),
(2674, 1, 4, 6, 666, '2022-01-14'),
(2675, 3, 9, 5, 777, '2022-01-15'),
(2676, 2, 5, 1, 888, '2022-01-16'),
(2677, 4, 6, 16, 999, '2022-01-17'),
(2678, 3, 2, 3, 222, '2022-01-18'),
(2679, 1, 8, 4, 444, '2022-01-19'),
(2680, 5, 1, 7, 111, '2022-01-20'),
(2681, 4, 3, 10, 333, '2022-01-21'),
(2682, 3, 7, 13, 555, '2022-01-22'),
(2683, 2, 10, 11, 777, '2022-01-23'),
(2684, 1, 6, 8, 888, '2022-01-24'),
(2685, 5, 5, 2, 999, '2022-01-25'),
(2686, 4, 4, 12, 220, '2022-01-26'),
(2687, 3, 8, 1, 444, '2022-01-27'),
(2688, 2, 9, 16, 666, '2022-01-28'),
(2689, 1, 7, 14, 777, '2022-01-29'),
(2690, 5, 3, 6, 888, '2022-01-30'),
(2691, 3, 10, 9, 999, '2022-01-31'),
(2692, 4, 2, 10, 400, '2022-01-01'),
(2693, 3, 5, 7, 420, '2022-01-02'),
(2694, 2, 8, 13, 440, '2022-01-03'),
(2695, 1, 6, 4, 460, '2022-01-04'),
(2696, 5, 9, 16, 480, '2022-01-05'),
(2697, 3, 7, 11, 500, '2022-01-06'),
(2698, 4, 4, 1, 520, '2022-01-07'),
(2699, 2, 3, 15, 540, '2022-01-08'),
(2700, 1, 10, 14, 560, '2022-01-09'),
(2701, 5, 6, 2, 580, '2022-01-10'),
(2702, 3, 2, 12, 600, '2022-01-11'),
(2703, 4, 5, 3, 620, '2022-01-12'),
(2704, 2, 8, 6, 640, '2022-01-13'),
(2705, 1, 9, 10, 660, '2022-01-14'),
(2706, 5, 1, 5, 680, '2022-01-15'),
(2707, 3, 7, 16, 700, '2022-01-16'),
(2708, 4, 6, 8, 720, '2022-01-17'),
(2709, 2, 3, 14, 740, '2022-01-18'),
(2710, 1, 10, 13, 760, '2022-01-19'),
(2711, 5, 5, 7, 780, '2022-01-20'),
(2712, 3, 4, 9, 800, '2022-01-21'),
(2713, 4, 9, 1, 820, '2022-01-22'),
(2714, 2, 8, 12, 840, '2022-01-23'),
(2715, 1, 6, 5, 860, '2022-01-24'),
(2716, 5, 7, 14, 880, '2022-01-25'),
(2717, 3, 2, 3, 900, '2022-01-26'),
(2718, 4, 1, 16, 920, '2022-01-27'),
(2719, 2, 3, 2, 940, '2022-01-28'),
(2720, 1, 5, 10, 960, '2022-01-29'),
(2721, 5, 6, 7, 980, '2022-01-30'),
(2722, 3, 8, 11, 10, '2022-01-31'),
(2723, 4, 9, 4, 20, '2022-01-01'),
(2724, 2, 7, 8, 40, '2022-01-02'),
(2725, 1, 10, 15, 100, '2022-01-03'),
(2726, 5, 6, 1, 100, '2022-01-04'),
(2727, 3, 4, 14, 110, '2022-01-05'),
(2728, 4, 8, 2, 112, '2022-01-06'),
(2729, 2, 5, 12, 114, '2022-01-07'),
(2730, 1, 3, 13, 116, '2022-01-08'),
(2731, 5, 9, 6, 180, '2022-01-09'),
(2732, 3, 2, 7, 200, '2022-01-10'),
(2733, 4, 10, 16, 220, '2022-01-11'),
(2734, 2, 6, 3, 1000, '2022-01-12'),
(2735, 1, 8, 11, 160, '2022-01-13'),
(2736, 5, 7, 10, 180, '2022-01-14'),
(2737, 3, 4, 8, 100, '2022-01-15'),
(2738, 4, 9, 12, 120, '2022-01-16'),
(2739, 2, 5, 5, 140, '2022-01-17'),
(2740, 1, 10, 6, 130, '2022-01-18'),
(2741, 3, 1, 14, 10, '2022-01-19'),
(2742, 4, 2, 9, 14, '2022-01-20'),
(2743, 2, 4, 5, 20, '2022-01-21'),
(2744, 1, 5, 13, 40, '2022-01-22'),
(2745, 5, 6, 7, 60, '2022-01-23'),
(2746, 3, 7, 6, 80, '2022-01-24'),
(2747, 4, 8, 4, 100, '2022-01-25'),
(2748, 2, 9, 11, 20, '2022-01-26'),
(2749, 1, 10, 8, 10, '2022-01-27'),
(2750, 5, 3, 10, 1, '2022-01-28'),
(2751, 3, 2, 31, 250, '2022-02-01'),
(2752, 4, 7, 32, 500, '2022-02-02'),
(2753, 2, 4, 33, 750, '2022-02-03'),
(2754, 1, 5, 34, 1000, '2022-02-04'),
(2755, 3, 9, 35, 200, '2022-02-05'),
(2756, 4, 6, 36, 300, '2022-02-06'),
(2757, 2, 3, 31, 550, '2022-02-07'),
(2758, 5, 10, 32, 400, '2022-02-08'),
(2759, 1, 8, 33, 600, '2022-02-09'),
(2760, 3, 1, 34, 700, '2022-02-10'),
(2761, 4, 2, 35, 800, '2022-02-11'),
(2762, 2, 6, 36, 900, '2022-02-12'),
(2763, 5, 7, 31, 350, '2022-02-13'),
(2764, 3, 4, 32, 450, '2022-02-14'),
(2765, 1, 9, 33, 550, '2022-02-15'),
(2766, 4, 5, 34, 650, '2022-02-16'),
(2767, 2, 10, 35, 750, '2022-02-17'),
(2768, 3, 6, 36, 850, '2022-02-18'),
(2769, 4, 3, 31, 950, '2022-02-19'),
(2770, 5, 8, 32, 100, '2022-02-20'),
(2771, 2, 1, 33, 150, '2022-02-21'),
(2772, 1, 2, 34, 200, '2022-02-22'),
(2773, 3, 7, 35, 250, '2022-02-23'),
(2774, 4, 4, 36, 300, '2022-02-24'),
(2775, 2, 10, 31, 350, '2022-02-25'),
(2776, 1, 5, 32, 400, '2022-02-26'),
(2777, 3, 3, 33, 450, '2022-02-27'),
(2778, 4, 6, 34, 500, '2022-02-28'),
(2779, 5, 9, 35, 550, '2022-02-01'),
(2780, 3, 2, 36, 600, '2022-02-02'),
(2781, 4, 7, 31, 650, '2022-02-03'),
(2782, 2, 4, 32, 700, '2022-02-04'),
(2783, 1, 5, 33, 750, '2022-02-05'),
(2784, 3, 9, 34, 800, '2022-02-06'),
(2785, 4, 6, 35, 850, '2022-02-07'),
(2786, 2, 3, 36, 900, '2022-02-08'),
(2787, 5, 10, 31, 950, '2022-02-09'),
(2788, 1, 8, 32, 100, '2022-02-10'),
(2789, 3, 1, 33, 150, '2022-02-11'),
(2790, 4, 2, 34, 200, '2022-02-12'),
(2791, 2, 6, 35, 250, '2022-02-13'),
(2792, 5, 7, 36, 300, '2022-02-14'),
(2793, 1, 4, 31, 350, '2022-02-15'),
(2794, 3, 9, 32, 400, '2022-02-16'),
(2795, 4, 5, 33, 450, '2022-02-17'),
(2796, 2, 10, 34, 500, '2022-02-18'),
(2797, 5, 6, 35, 550, '2022-02-19'),
(2798, 3, 2, 36, 600, '2022-02-20'),
(2799, 4, 7, 31, 650, '2022-02-21'),
(2800, 2, 4, 32, 700, '2022-02-22'),
(2801, 1, 5, 33, 750, '2022-02-23'),
(2802, 3, 9, 34, 800, '2022-02-24'),
(2803, 4, 6, 35, 850, '2022-02-25'),
(2804, 2, 3, 36, 900, '2022-02-26'),
(2805, 5, 10, 31, 950, '2022-02-27'),
(2806, 1, 8, 32, 100, '2022-02-28'),
(2807, 3, 1, 33, 150, '2022-02-01'),
(2808, 4, 2, 34, 200, '2022-02-02'),
(2809, 2, 6, 35, 250, '2022-02-03'),
(2810, 5, 7, 36, 300, '2022-02-04'),
(2811, 1, 4, 31, 350, '2022-02-05'),
(2812, 3, 9, 32, 400, '2022-02-06'),
(2813, 4, 5, 33, 450, '2022-02-07'),
(2814, 2, 10, 34, 500, '2022-02-08'),
(2815, 5, 6, 35, 550, '2022-02-09'),
(2816, 3, 2, 36, 600, '2022-02-10'),
(2817, 4, 7, 31, 650, '2022-02-11'),
(2818, 2, 4, 32, 700, '2022-02-12'),
(2819, 1, 5, 33, 750, '2022-02-13'),
(2820, 3, 9, 34, 800, '2022-02-14'),
(2821, 4, 6, 35, 850, '2022-02-15'),
(2822, 2, 3, 36, 900, '2022-02-16'),
(2823, 5, 10, 31, 950, '2022-02-17'),
(2824, 1, 8, 32, 100, '2022-02-18'),
(2825, 3, 1, 33, 150, '2022-02-19'),
(2826, 4, 2, 34, 200, '2022-02-20'),
(2827, 2, 6, 35, 250, '2022-02-21'),
(2828, 5, 7, 36, 300, '2022-02-22'),
(2829, 1, 4, 31, 350, '2022-02-23'),
(2830, 3, 9, 32, 400, '2022-02-24'),
(2831, 4, 5, 33, 450, '2022-02-25'),
(2832, 2, 10, 34, 500, '2022-02-26'),
(2833, 5, 6, 35, 550, '2022-02-27'),
(2834, 3, 2, 36, 600, '2022-02-28'),
(2835, 3, 5, 36, 550, '2022-02-01'),
(2836, 4, 2, 31, 200, '2022-02-02'),
(2837, 2, 8, 32, 300, '2022-02-03'),
(2838, 1, 6, 33, 450, '2022-02-04'),
(2839, 5, 9, 34, 500, '2022-02-05'),
(2840, 3, 7, 35, 650, '2022-02-06'),
(2841, 4, 3, 31, 700, '2022-02-07'),
(2842, 2, 4, 32, 800, '2022-02-08'),
(2843, 1, 10, 33, 850, '2022-02-09'),
(2844, 3, 6, 34, 900, '2022-02-10'),
(2845, 4, 1, 35, 100, '2022-02-11'),
(2846, 2, 5, 36, 450, '2022-02-12'),
(2847, 5, 7, 31, 500, '2022-02-13'),
(2848, 3, 9, 32, 600, '2022-02-14'),
(2849, 4, 3, 33, 700, '2022-02-15'),
(2850, 2, 6, 34, 750, '2022-02-16'),
(2851, 4, 8, 16, 350, '2022-03-01'),
(2852, 2, 3, 21, 100, '2022-03-02'),
(2853, 3, 10, 27, 657, '2022-03-03'),
(2854, 5, 6, 10, 982, '2022-03-04'),
(2855, 1, 4, 11, 47, '2022-03-05'),
(2856, 2, 7, 22, 564, '2022-03-06'),
(2857, 4, 2, 14, 785, '2022-03-07'),
(2858, 5, 5, 35, 335, '2022-03-08'),
(2859, 3, 9, 19, 612, '2022-03-09'),
(2860, 2, 1, 6, 125, '2022-03-10'),
(2861, 1, 10, 17, 888, '2022-03-11'),
(2862, 3, 6, 12, 444, '2022-03-12'),
(2863, 4, 4, 29, 722, '2022-03-13'),
(2864, 2, 7, 30, 129, '2022-03-14'),
(2865, 5, 8, 3, 209, '2022-03-15'),
(2866, 3, 5, 20, 943, '2022-03-16'),
(2867, 4, 3, 26, 800, '2022-03-17'),
(2868, 1, 2, 16, 650, '2022-03-18'),
(2869, 2, 9, 4, 513, '2022-03-19'),
(2870, 5, 4, 18, 625, '2022-03-20'),
(2871, 3, 1, 33, 499, '2022-03-21'),
(2872, 4, 8, 31, 900, '2022-03-22'),
(2873, 2, 7, 24, 336, '2022-03-23'),
(2874, 1, 6, 25, 487, '2022-03-24'),
(2875, 3, 3, 36, 512, '2022-03-25'),
(2876, 5, 10, 23, 729, '2022-03-26'),
(2877, 2, 5, 2, 710, '2022-03-27'),
(2878, 1, 9, 34, 301, '2022-03-28'),
(2879, 4, 2, 13, 652, '2022-03-29'),
(2880, 3, 4, 28, 205, '2022-03-30'),
(2881, 5, 6, 15, 438, '2022-03-31'),
(2882, 2, 8, 31, 411, '2022-03-01'),
(2883, 4, 1, 19, 712, '2022-03-02'),
(2884, 3, 10, 24, 904, '2022-03-03'),
(2885, 5, 7, 12, 136, '2022-03-04'),
(2886, 2, 5, 11, 517, '2022-03-05'),
(2887, 1, 3, 32, 243, '2022-03-06'),
(2888, 3, 6, 14, 945, '2022-03-07'),
(2889, 4, 8, 10, 582, '2022-03-08'),
(2890, 5, 2, 27, 760, '2022-03-09'),
(2891, 3, 4, 6, 308, '2022-03-10'),
(2892, 2, 9, 33, 698, '2022-03-11'),
(2893, 1, 5, 3, 743, '2022-03-12'),
(2894, 4, 3, 18, 400, '2022-03-13'),
(2895, 3, 10, 17, 831, '2022-03-14'),
(2896, 2, 6, 15, 511, '2022-03-15'),
(2897, 5, 1, 5, 257, '2022-03-16'),
(2898, 4, 7, 13, 604, '2022-03-17'),
(2899, 3, 2, 34, 870, '2022-03-18'),
(2900, 2, 8, 9, 437, '2022-03-19'),
(2901, 1, 9, 32, 906, '2022-03-20'),
(2902, 5, 4, 30, 732, '2022-03-21'),
(2903, 4, 5, 20, 808, '2022-03-22'),
(2904, 3, 6, 22, 576, '2022-03-23'),
(2905, 2, 3, 14, 514, '2022-03-24');
INSERT INTO `satislar` (`satis_id`, `satis_adedi`, `sube_id`, `urun_id`, `musteri_id`, `satis_tarihi`) VALUES
(2906, 1, 7, 11, 865, '2022-03-25'),
(2907, 3, 10, 13, 282, '2022-03-26'),
(2908, 4, 2, 12, 690, '2022-03-27'),
(2909, 5, 5, 25, 455, '2022-03-28'),
(2910, 2, 1, 28, 625, '2022-03-29'),
(2911, 1, 6, 17, 789, '2022-03-30'),
(2912, 3, 8, 16, 328, '2022-03-31'),
(2913, 4, 5, 22, 254, '2022-03-01'),
(2914, 2, 7, 3, 174, '2022-03-02'),
(2915, 5, 10, 8, 513, '2022-03-03'),
(2916, 3, 2, 33, 415, '2022-03-04'),
(2917, 1, 3, 6, 864, '2022-03-05'),
(2918, 2, 9, 26, 402, '2022-03-06'),
(2919, 4, 8, 25, 498, '2022-03-07'),
(2920, 5, 2, 30, 314, '2022-03-08'),
(2921, 3, 5, 28, 627, '2022-03-09'),
(2922, 2, 4, 34, 517, '2022-03-10'),
(2923, 1, 6, 23, 233, '2022-03-11'),
(2924, 4, 3, 16, 394, '2022-03-12'),
(2925, 3, 10, 15, 752, '2022-03-13'),
(2926, 2, 2, 19, 809, '2022-03-14'),
(2927, 5, 7, 33, 159, '2022-03-15'),
(2928, 3, 5, 12, 296, '2022-03-16'),
(2929, 4, 9, 10, 414, '2022-03-17'),
(2930, 1, 8, 31, 690, '2022-03-18'),
(2931, 2, 1, 24, 707, '2022-03-19'),
(2932, 5, 6, 18, 512, '2022-03-20'),
(2933, 3, 7, 29, 137, '2022-03-21'),
(2934, 4, 10, 13, 278, '2022-03-22'),
(2935, 1, 9, 22, 624, '2022-03-23'),
(2936, 2, 3, 5, 865, '2022-03-24'),
(2937, 5, 6, 35, 532, '2022-03-25'),
(2938, 3, 8, 7, 414, '2022-03-26'),
(2939, 4, 2, 36, 823, '2022-03-27'),
(2940, 1, 4, 9, 745, '2022-03-28'),
(2941, 3, 7, 25, 563, '2022-03-29'),
(2942, 2, 10, 32, 215, '2022-03-30'),
(2943, 5, 2, 12, 831, '2022-03-31'),
(2944, 1, 6, 28, 124, '2022-03-01'),
(2945, 3, 8, 33, 718, '2022-03-02'),
(2946, 4, 5, 21, 602, '2022-03-03'),
(2947, 2, 4, 19, 523, '2022-03-04'),
(2948, 5, 9, 7, 303, '2022-03-05'),
(2949, 3, 3, 13, 876, '2022-03-06'),
(2950, 1, 7, 30, 456, '2022-03-07'),
(2951, 4, 7, 25, 563, '2022-04-01'),
(2952, 2, 1, 9, 831, '2022-04-02'),
(2953, 3, 10, 13, 718, '2022-04-03'),
(2954, 1, 3, 28, 235, '2022-04-04'),
(2955, 4, 5, 32, 129, '2022-04-05'),
(2956, 2, 8, 24, 456, '2022-04-06'),
(2957, 3, 2, 12, 907, '2022-04-07'),
(2958, 1, 6, 19, 212, '2022-04-08'),
(2959, 5, 4, 26, 387, '2022-04-09'),
(2960, 2, 7, 21, 812, '2022-04-10'),
(2961, 3, 1, 15, 524, '2022-04-11'),
(2962, 4, 3, 18, 732, '2022-04-12'),
(2963, 1, 9, 6, 567, '2022-04-13'),
(2964, 2, 8, 14, 134, '2022-04-14'),
(2965, 5, 6, 11, 875, '2022-04-15'),
(2966, 3, 10, 30, 613, '2022-04-16'),
(2967, 1, 2, 23, 411, '2022-04-17'),
(2968, 4, 4, 33, 256, '2022-04-18'),
(2969, 2, 5, 29, 879, '2022-04-19'),
(2970, 3, 7, 31, 564, '2022-04-20'),
(2971, 4, 9, 16, 657, '2022-04-21'),
(2972, 1, 3, 25, 470, '2022-04-22'),
(2973, 2, 6, 19, 634, '2022-04-23'),
(2974, 3, 8, 24, 823, '2022-04-24'),
(2975, 5, 4, 22, 111, '2022-04-25'),
(2976, 2, 10, 14, 498, '2022-04-26'),
(2977, 3, 1, 7, 901, '2022-04-27'),
(2978, 4, 3, 27, 576, '2022-04-28'),
(2979, 1, 5, 30, 772, '2022-04-29'),
(2980, 2, 8, 18, 655, '2022-04-30'),
(2981, 3, 7, 5, 468, '2022-04-01'),
(2982, 4, 2, 12, 230, '2022-04-02'),
(2983, 1, 4, 23, 322, '2022-04-03'),
(2984, 2, 6, 16, 876, '2022-04-04'),
(2985, 3, 1, 11, 613, '2022-04-05'),
(2986, 5, 7, 22, 440, '2022-04-06'),
(2987, 1, 3, 5, 812, '2022-04-07'),
(2988, 2, 10, 17, 567, '2022-04-08'),
(2989, 4, 8, 19, 432, '2022-04-09'),
(2990, 3, 2, 30, 321, '2022-04-10'),
(2991, 5, 5, 28, 718, '2022-04-11'),
(2992, 1, 9, 7, 824, '2022-04-12'),
(2993, 2, 6, 26, 256, '2022-04-13'),
(2994, 3, 4, 22, 194, '2022-04-14'),
(2995, 4, 2, 20, 524, '2022-04-15'),
(2996, 1, 8, 21, 135, '2022-04-16'),
(2997, 2, 10, 17, 934, '2022-04-17'),
(2998, 3, 3, 25, 666, '2022-04-18'),
(2999, 5, 1, 31, 811, '2022-04-19'),
(3000, 2, 6, 14, 387, '2022-04-20'),
(3001, 4, 7, 8, 597, '2022-04-21'),
(3002, 1, 5, 24, 560, '2022-04-22'),
(3003, 3, 9, 16, 602, '2022-04-23'),
(3004, 2, 8, 18, 509, '2022-04-24'),
(3005, 5, 6, 22, 634, '2022-04-25'),
(3006, 3, 1, 15, 187, '2022-04-26'),
(3007, 4, 4, 11, 712, '2022-04-27'),
(3008, 1, 10, 23, 823, '2022-04-28'),
(3009, 2, 9, 19, 296, '2022-04-29'),
(3010, 3, 7, 30, 500, '2022-04-30'),
(3011, 4, 2, 6, 149, '2022-04-01'),
(3012, 5, 5, 12, 657, '2022-04-02'),
(3013, 3, 8, 25, 301, '2022-04-03'),
(3014, 2, 1, 28, 480, '2022-04-04'),
(3015, 4, 10, 33, 694, '2022-04-05'),
(3016, 1, 3, 16, 132, '2022-04-06'),
(3017, 3, 4, 15, 547, '2022-04-07'),
(3018, 5, 7, 30, 853, '2022-04-08'),
(3019, 2, 2, 5, 473, '2022-04-09'),
(3020, 4, 9, 18, 216, '2022-04-10'),
(3021, 3, 6, 12, 331, '2022-04-11'),
(3022, 1, 10, 22, 287, '2022-04-12'),
(3023, 2, 7, 17, 552, '2022-04-13'),
(3024, 5, 1, 24, 405, '2022-04-14'),
(3025, 4, 5, 10, 279, '2022-04-15'),
(3026, 1, 6, 9, 155, '2022-04-16'),
(3027, 3, 3, 33, 907, '2022-04-17'),
(3028, 2, 8, 6, 740, '2022-04-18'),
(3029, 5, 9, 11, 268, '2022-04-19'),
(3030, 4, 4, 23, 357, '2022-04-20'),
(3031, 1, 2, 13, 520, '2022-04-21'),
(3032, 2, 5, 7, 413, '2022-04-22'),
(3033, 5, 6, 30, 634, '2022-04-23'),
(3034, 3, 1, 22, 452, '2022-04-24'),
(3035, 4, 10, 27, 188, '2022-04-25'),
(3036, 1, 8, 12, 764, '2022-04-26'),
(3037, 2, 9, 26, 836, '2022-04-27'),
(3038, 5, 7, 19, 327, '2022-04-28'),
(3039, 4, 2, 6, 415, '2022-04-29'),
(3040, 3, 5, 31, 232, '2022-04-30'),
(3041, 3, 8, 14, 132, '2022-04-01'),
(3042, 4, 3, 27, 452, '2022-04-02'),
(3043, 1, 6, 16, 634, '2022-04-03'),
(3044, 5, 7, 10, 824, '2022-04-04'),
(3045, 2, 2, 22, 195, '2022-04-05'),
(3046, 3, 9, 19, 687, '2022-04-06'),
(3047, 4, 10, 5, 234, '2022-04-07'),
(3048, 1, 1, 33, 421, '2022-04-08'),
(3049, 5, 5, 25, 527, '2022-04-09'),
(3050, 2, 4, 11, 918, '2022-04-10'),
(3051, 3, 8, 15, 731, '2022-04-11'),
(3052, 4, 2, 19, 403, '2022-04-12'),
(3053, 1, 7, 12, 912, '2022-04-13'),
(3054, 2, 3, 20, 620, '2022-04-14'),
(3055, 3, 5, 22, 311, '2022-04-15'),
(3056, 4, 9, 7, 530, '2022-04-16'),
(3057, 1, 10, 27, 618, '2022-04-17'),
(3058, 2, 4, 17, 202, '2022-04-18'),
(3059, 5, 6, 30, 859, '2022-04-19'),
(3060, 3, 1, 8, 304, '2022-04-20'),
(3061, 4, 7, 13, 718, '2022-04-21'),
(3062, 2, 8, 26, 431, '2022-04-22'),
(3063, 5, 2, 11, 555, '2022-04-23'),
(3064, 3, 6, 29, 621, '2022-04-24'),
(3065, 1, 4, 16, 903, '2022-04-25'),
(3066, 2, 10, 14, 150, '2022-04-26'),
(3067, 4, 3, 18, 445, '2022-04-27'),
(3068, 3, 5, 9, 512, '2022-04-28'),
(3069, 5, 8, 33, 763, '2022-04-29'),
(3070, 1, 6, 21, 376, '2022-04-30'),
(3071, 4, 2, 28, 619, '2022-04-01'),
(3072, 2, 9, 24, 497, '2022-04-02'),
(3073, 3, 4, 6, 350, '2022-04-03'),
(3074, 5, 1, 25, 514, '2022-04-04'),
(3075, 1, 7, 10, 823, '2022-04-05'),
(3076, 4, 3, 19, 456, '2022-04-06'),
(3077, 2, 5, 11, 347, '2022-04-07'),
(3078, 3, 9, 32, 181, '2022-04-08'),
(3079, 1, 8, 16, 231, '2022-04-09'),
(3080, 5, 10, 14, 773, '2022-04-10'),
(3081, 2, 4, 23, 505, '2022-04-11'),
(3082, 3, 6, 20, 314, '2022-04-12'),
(3083, 4, 1, 27, 128, '2022-04-13'),
(3084, 1, 7, 18, 205, '2022-04-14'),
(3085, 2, 9, 11, 467, '2022-04-15'),
(3086, 5, 3, 33, 32, '2022-04-16'),
(3087, 4, 5, 24, 59, '2022-04-17'),
(3088, 1, 10, 29, 31, '2022-04-18'),
(3089, 3, 8, 17, 28, '2022-04-19'),
(3090, 2, 6, 14, 16, '2022-04-20'),
(3091, 5, 1, 30, 539, '2022-04-21'),
(3092, 4, 3, 16, 61, '2022-04-22'),
(3093, 1, 4, 13, 392, '2022-04-23'),
(3094, 2, 7, 20, 43, '2022-04-24'),
(3095, 3, 9, 11, 52, '2022-04-25'),
(3096, 4, 10, 22, 20, '2022-04-26'),
(3097, 5, 5, 30, 27, '2022-04-27'),
(3098, 1, 6, 21, 783, '2022-04-28'),
(3099, 3, 2, 29, 654, '2022-04-29'),
(3100, 2, 8, 17, 53, '2022-04-30'),
(3101, 3, 2, 12, 537, '2022-05-01'),
(3102, 4, 9, 28, 561, '2022-05-02'),
(3103, 1, 5, 10, 709, '2022-05-03'),
(3104, 2, 3, 19, 412, '2022-05-04'),
(3105, 3, 1, 27, 268, '2022-05-05'),
(3106, 4, 8, 14, 354, '2022-05-06'),
(3107, 2, 4, 22, 632, '2022-05-07'),
(3108, 5, 7, 16, 470, '2022-05-08'),
(3109, 1, 10, 23, 598, '2022-05-09'),
(3110, 2, 6, 11, 744, '2022-05-10'),
(3111, 4, 2, 9, 486, '2022-05-11'),
(3112, 3, 5, 30, 318, '2022-05-12'),
(3113, 1, 9, 18, 274, '2022-05-13'),
(3114, 2, 3, 25, 585, '2022-05-14'),
(3115, 3, 4, 15, 207, '2022-05-15'),
(3116, 4, 7, 12, 762, '2022-05-16'),
(3117, 1, 2, 16, 634, '2022-05-17'),
(3118, 5, 8, 17, 450, '2022-05-18'),
(3119, 2, 1, 29, 693, '2022-05-19'),
(3120, 3, 5, 24, 210, '2022-05-20'),
(3121, 1, 6, 19, 340, '2022-05-21'),
(3122, 4, 9, 21, 498, '2022-05-22'),
(3123, 2, 7, 11, 572, '2022-05-23'),
(3124, 5, 3, 25, 128, '2022-05-24'),
(3125, 1, 2, 10, 597, '2022-05-25'),
(3126, 4, 10, 30, 726, '2022-05-26'),
(3127, 3, 6, 13, 314, '2022-05-27'),
(3128, 2, 4, 27, 393, '2022-05-28'),
(3129, 5, 9, 18, 832, '2022-05-29'),
(3130, 1, 8, 14, 716, '2022-05-30'),
(3131, 4, 2, 16, 561, '2022-05-31'),
(3132, 3, 1, 29, 849, '2022-05-01'),
(3133, 5, 7, 22, 437, '2022-05-02'),
(3134, 2, 3, 18, 301, '2022-05-03'),
(3135, 4, 9, 24, 288, '2022-05-04'),
(3136, 3, 6, 19, 575, '2022-05-05'),
(3137, 1, 5, 27, 25, '2022-05-06'),
(3138, 2, 8, 13, 647, '2022-05-07'),
(3139, 4, 7, 25, 750, '2022-05-08'),
(3140, 3, 2, 11, 54, '2022-05-09'),
(3141, 5, 1, 22, 582, '2022-05-10'),
(3142, 1, 10, 28, 47, '2022-05-11'),
(3143, 4, 6, 15, 76, '2022-05-12'),
(3144, 3, 9, 20, 62, '2022-05-13'),
(3145, 2, 5, 13, 10, '2022-05-14'),
(3146, 5, 4, 17, 51, '2022-05-15'),
(3147, 1, 3, 11, 43, '2022-05-16'),
(3148, 4, 7, 19, 36, '2022-05-17'),
(3149, 2, 6, 10, 64, '2022-05-18'),
(3150, 3, 8, 12, 22, '2022-05-19'),
(3151, 3, 2, 25, 132, '2022-05-20'),
(3152, 4, 9, 19, 298, '2022-05-21'),
(3153, 1, 7, 17, 602, '2022-05-22'),
(3154, 2, 3, 10, 356, '2022-05-23'),
(3155, 3, 5, 20, 417, '2022-05-24'),
(3156, 4, 6, 18, 157, '2022-05-25'),
(3157, 1, 8, 15, 439, '2022-05-26'),
(3158, 5, 2, 11, 542, '2022-05-27'),
(3159, 2, 10, 24, 238, '2022-05-28'),
(3160, 3, 4, 23, 561, '2022-05-29'),
(3161, 4, 1, 13, 668, '2022-05-30'),
(3162, 1, 6, 12, 283, '2022-05-31'),
(3163, 2, 9, 14, 735, '2022-05-01'),
(3164, 3, 5, 30, 419, '2022-05-02'),
(3165, 4, 7, 10, 583, '2022-05-03'),
(3166, 1, 2, 18, 284, '2022-05-04'),
(3167, 5, 3, 23, 604, '2022-05-05'),
(3168, 3, 8, 26, 367, '2022-05-06'),
(3169, 4, 6, 21, 721, '2022-05-07'),
(3170, 1, 10, 22, 289, '2022-05-08'),
(3171, 2, 4, 19, 456, '2022-05-09'),
(3172, 5, 7, 17, 678, '2022-05-10'),
(3173, 3, 5, 14, 410, '2022-05-11'),
(3174, 4, 9, 12, 832, '2022-05-12'),
(3175, 1, 2, 11, 257, '2022-05-13'),
(3176, 2, 3, 13, 469, '2022-05-14'),
(3177, 5, 4, 17, 312, '2022-05-15'),
(3178, 3, 6, 24, 520, '2022-05-16'),
(3179, 4, 1, 28, 673, '2022-05-17'),
(3180, 1, 8, 22, 204, '2022-05-18'),
(3181, 3, 2, 19, 369, '2022-05-19'),
(3182, 2, 7, 20, 509, '2022-05-20'),
(3183, 5, 9, 26, 745, '2022-05-21'),
(3184, 4, 6, 14, 389, '2022-05-22'),
(3185, 1, 3, 18, 149, '2022-05-23'),
(3186, 2, 5, 15, 380, '2022-05-24'),
(3187, 3, 4, 23, 723, '2022-05-25'),
(3188, 4, 8, 17, 478, '2022-05-26'),
(3189, 5, 2, 11, 261, '2022-05-27'),
(3190, 3, 10, 29, 554, '2022-05-28'),
(3191, 1, 5, 13, 506, '2022-05-29'),
(3192, 2, 6, 25, 642, '2022-05-30'),
(3193, 4, 7, 12, 447, '2022-05-31'),
(3194, 5, 8, 22, 731, '2022-05-01'),
(3195, 3, 9, 30, 639, '2022-05-02'),
(3196, 4, 1, 17, 186, '2022-05-03'),
(3197, 1, 2, 13, 555, '2022-05-04'),
(3198, 5, 4, 18, 256, '2022-05-05'),
(3199, 3, 6, 25, 689, '2022-05-06'),
(3200, 4, 10, 30, 618, '2022-05-07'),
(3201, 1, 3, 28, 412, '2022-05-08'),
(3202, 2, 5, 22, 376, '2022-05-09'),
(3203, 3, 7, 18, 317, '2022-05-10'),
(3204, 4, 8, 15, 621, '2022-05-11'),
(3205, 1, 2, 24, 540, '2022-05-12'),
(3206, 5, 9, 14, 702, '2022-05-13'),
(3207, 2, 6, 17, 572, '2022-05-14'),
(3208, 3, 3, 22, 488, '2022-05-15'),
(3209, 4, 10, 29, 562, '2022-05-16'),
(3210, 1, 4, 13, 431, '2022-05-17'),
(3211, 2, 3, 10, 599, '2022-06-01'),
(3212, 4, 6, 25, 487, '2022-06-02'),
(3213, 1, 9, 17, 745, '2022-06-03'),
(3214, 3, 2, 12, 459, '2022-06-04'),
(3215, 5, 8, 19, 276, '2022-06-05'),
(3216, 4, 7, 22, 537, '2022-06-06'),
(3217, 1, 10, 28, 412, '2022-06-07'),
(3218, 2, 1, 23, 653, '2022-06-08'),
(3219, 3, 4, 13, 302, '2022-06-09'),
(3220, 1, 5, 26, 508, '2022-06-10'),
(3221, 4, 2, 30, 631, '2022-06-11'),
(3222, 2, 7, 15, 488, '2022-06-12'),
(3223, 5, 9, 11, 597, '2022-06-13'),
(3224, 3, 6, 20, 285, '2022-06-14'),
(3225, 1, 3, 16, 731, '2022-06-15'),
(3226, 4, 8, 18, 617, '2022-06-16'),
(3227, 2, 5, 12, 465, '2022-06-17'),
(3228, 3, 4, 23, 320, '2022-06-18'),
(3229, 1, 6, 21, 562, '2022-06-19'),
(3230, 2, 7, 19, 492, '2022-06-20'),
(3231, 5, 1, 27, 578, '2022-06-21'),
(3232, 3, 8, 14, 496, '2022-06-22'),
(3233, 4, 9, 30, 276, '2022-06-23'),
(3234, 1, 2, 24, 632, '2022-06-24'),
(3235, 2, 6, 22, 421, '2022-06-25'),
(3236, 3, 7, 13, 685, '2022-06-26'),
(3237, 5, 1, 28, 546, '2022-06-27'),
(3238, 4, 5, 17, 294, '2022-06-28'),
(3239, 1, 8, 26, 474, '2022-06-29'),
(3240, 3, 2, 19, 623, '2022-06-30'),
(3241, 2, 10, 18, 734, '2022-06-01'),
(3242, 4, 3, 21, 560, '2022-06-02'),
(3243, 1, 6, 25, 715, '2022-06-03'),
(3244, 5, 7, 14, 538, '2022-06-04'),
(3245, 3, 8, 29, 482, '2022-06-05'),
(3246, 2, 9, 23, 647, '2022-06-06'),
(3247, 4, 1, 22, 331, '2022-06-07'),
(3248, 1, 4, 19, 595, '2022-06-08'),
(3249, 3, 5, 11, 478, '2022-06-09'),
(3250, 5, 2, 27, 636, '2022-06-10'),
(3251, 4, 10, 30, 514, '2022-06-11'),
(3252, 1, 3, 12, 635, '2022-06-12'),
(3253, 2, 8, 15, 503, '2022-06-13'),
(3254, 3, 9, 29, 462, '2022-06-14'),
(3255, 4, 1, 26, 629, '2022-06-15'),
(3256, 1, 6, 23, 751, '2022-06-16'),
(3257, 2, 2, 28, 439, '2022-06-17'),
(3258, 3, 7, 19, 599, '2022-06-18'),
(3259, 4, 5, 17, 516, '2022-06-19'),
(3260, 5, 8, 16, 281, '2022-06-20'),
(3261, 2, 9, 14, 550, '2022-06-21'),
(3262, 3, 1, 18, 416, '2022-06-22'),
(3263, 4, 10, 30, 295, '2022-06-23'),
(3264, 1, 6, 25, 570, '2022-06-24'),
(3265, 5, 7, 22, 504, '2022-06-25'),
(3266, 2, 5, 12, 541, '2022-06-26'),
(3267, 4, 8, 29, 312, '2022-06-27'),
(3268, 3, 3, 18, 462, '2022-06-28'),
(3269, 1, 4, 27, 443, '2022-06-29'),
(3270, 5, 9, 25, 299, '2022-06-30'),
(3271, 2, 7, 23, 484, '2022-06-01'),
(3272, 3, 5, 14, 615, '2022-06-02'),
(3273, 4, 2, 20, 315, '2022-06-03'),
(3274, 1, 6, 18, 463, '2022-06-04'),
(3275, 5, 10, 30, 516, '2022-06-05'),
(3276, 2, 1, 13, 741, '2022-06-06'),
(3277, 3, 8, 22, 483, '2022-06-07'),
(3278, 4, 9, 19, 501, '2022-06-08'),
(3279, 1, 5, 25, 554, '2022-06-09'),
(3280, 2, 3, 17, 598, '2022-06-10'),
(3281, 3, 7, 16, 419, '2022-06-11'),
(3282, 4, 6, 22, 387, '2022-06-12'),
(3283, 1, 2, 13, 670, '2022-06-13'),
(3284, 2, 4, 23, 456, '2022-06-14'),
(3285, 5, 1, 19, 614, '2022-06-15'),
(3286, 3, 5, 36, 352, '2022-06-16'),
(3287, 4, 7, 32, 295, '2022-06-17'),
(3288, 1, 10, 29, 412, '2022-06-18'),
(3289, 2, 3, 17, 628, '2022-06-19'),
(3290, 5, 4, 32, 694, '2022-06-20'),
(3291, 4, 8, 35, 342, '2022-06-21'),
(3292, 1, 6, 27, 541, '2022-06-22'),
(3293, 3, 9, 35, 418, '2022-06-23'),
(3294, 2, 7, 29, 510, '2022-06-24'),
(3295, 5, 10, 36, 431, '2022-06-25'),
(3296, 1, 5, 28, 392, '2022-06-26'),
(3297, 4, 2, 32, 552, '2022-06-27'),
(3298, 2, 1, 34, 603, '2022-06-28'),
(3299, 3, 3, 33, 549, '2022-06-29'),
(3300, 5, 9, 30, 701, '2022-06-30'),
(3301, 3, 6, 32, 492, '2022-06-01'),
(3302, 4, 4, 36, 587, '2022-06-02'),
(3303, 2, 3, 35, 411, '2022-06-03'),
(3304, 1, 2, 30, 375, '2022-06-04'),
(3305, 5, 5, 31, 492, '2022-06-05'),
(3306, 3, 8, 18, 621, '2022-06-06'),
(3307, 4, 7, 28, 501, '2022-06-07'),
(3308, 1, 1, 33, 632, '2022-06-08'),
(3309, 2, 6, 17, 532, '2022-06-09'),
(3310, 3, 9, 32, 420, '2022-06-10'),
(3311, 4, 10, 36, 510, '2022-06-11'),
(3312, 2, 5, 30, 487, '2022-06-12'),
(3313, 1, 4, 18, 503, '2022-06-13'),
(3314, 5, 2, 27, 560, '2022-06-14'),
(3315, 3, 1, 32, 621, '2022-06-15'),
(3316, 2, 8, 29, 469, '2022-06-16'),
(3317, 4, 7, 11, 398, '2022-06-17'),
(3318, 1, 6, 25, 354, '2022-06-18'),
(3319, 3, 5, 14, 590, '2022-06-19'),
(3320, 2, 10, 12, 555, '2022-06-20'),
(3321, 4, 3, 3, 570, '2022-06-21'),
(3322, 1, 2, 1, 631, '2022-06-22'),
(3323, 5, 9, 2, 547, '2022-06-23'),
(3324, 3, 4, 3, 512, '2022-06-24'),
(3325, 2, 6, 1, 487, '2022-06-25'),
(3326, 1, 7, 1, 555, '2022-06-26'),
(3327, 4, 5, 19, 432, '2022-06-27'),
(3328, 3, 8, 26, 501, '2022-06-28'),
(3329, 2, 3, 14, 623, '2022-06-29'),
(3330, 1, 4, 1, 550, '2022-06-30'),
(3331, 3, 1, 1, 1, '2022-07-01'),
(3332, 4, 2, 2, 2, '2022-07-02'),
(3333, 2, 3, 3, 3, '2022-07-03'),
(3334, 1, 4, 4, 4, '2022-07-04'),
(3335, 5, 5, 5, 5, '2022-07-05'),
(3336, 3, 6, 6, 6, '2022-07-06'),
(3337, 4, 7, 7, 7, '2022-07-07'),
(3338, 2, 8, 8, 8, '2022-07-08'),
(3339, 1, 9, 9, 9, '2022-07-09'),
(3340, 5, 10, 10, 10, '2022-07-10'),
(3341, 3, 1, 11, 11, '2022-07-11'),
(3342, 4, 2, 12, 12, '2022-07-12'),
(3343, 2, 3, 13, 13, '2022-07-13'),
(3344, 1, 4, 14, 14, '2022-07-14'),
(3345, 5, 5, 15, 15, '2022-07-15'),
(3346, 3, 6, 16, 16, '2022-07-16'),
(3347, 4, 7, 17, 17, '2022-07-17'),
(3348, 2, 8, 18, 18, '2022-07-18'),
(3349, 1, 9, 19, 19, '2022-07-19'),
(3350, 5, 10, 20, 20, '2022-07-20'),
(3351, 3, 1, 21, 21, '2022-07-21'),
(3352, 4, 2, 22, 22, '2022-07-22'),
(3353, 2, 3, 23, 23, '2022-07-23'),
(3354, 1, 4, 24, 24, '2022-07-24'),
(3355, 5, 5, 25, 25, '2022-07-25'),
(3356, 3, 6, 26, 26, '2022-07-26'),
(3357, 4, 7, 27, 27, '2022-07-27'),
(3358, 2, 8, 28, 28, '2022-07-28'),
(3359, 1, 9, 29, 29, '2022-07-29'),
(3360, 5, 10, 30, 30, '2022-07-30'),
(3361, 3, 1, 31, 31, '2022-07-31'),
(3362, 4, 2, 32, 32, '2022-07-01'),
(3363, 2, 3, 33, 33, '2022-07-02'),
(3364, 1, 4, 34, 34, '2022-07-03'),
(3365, 5, 5, 35, 35, '2022-07-04'),
(3366, 3, 6, 36, 36, '2022-07-05'),
(3367, 4, 7, 1, 37, '2022-07-06'),
(3368, 2, 8, 2, 38, '2022-07-07'),
(3369, 1, 9, 3, 39, '2022-07-08'),
(3370, 5, 10, 4, 40, '2022-07-09'),
(3371, 3, 1, 5, 41, '2022-07-10'),
(3372, 4, 2, 6, 42, '2022-07-11'),
(3373, 2, 3, 7, 43, '2022-07-12'),
(3374, 1, 4, 8, 44, '2022-07-13'),
(3375, 5, 5, 9, 45, '2022-07-14'),
(3376, 3, 6, 10, 46, '2022-07-15'),
(3377, 4, 7, 11, 47, '2022-07-16'),
(3378, 2, 8, 12, 48, '2022-07-17'),
(3379, 1, 9, 13, 49, '2022-07-18'),
(3380, 5, 10, 14, 50, '2022-07-19'),
(3381, 3, 1, 15, 51, '2022-07-20'),
(3382, 4, 2, 16, 52, '2022-07-21'),
(3383, 2, 3, 17, 53, '2022-07-22'),
(3384, 1, 4, 18, 54, '2022-07-23'),
(3385, 5, 5, 19, 55, '2022-07-24'),
(3386, 3, 6, 20, 56, '2022-07-25'),
(3387, 4, 7, 21, 57, '2022-07-26'),
(3388, 2, 8, 22, 58, '2022-07-27'),
(3389, 1, 9, 23, 59, '2022-07-28'),
(3390, 5, 10, 24, 60, '2022-07-29'),
(3391, 3, 1, 25, 61, '2022-07-01'),
(3392, 4, 2, 26, 62, '2022-07-02'),
(3393, 2, 3, 27, 63, '2022-07-03'),
(3394, 1, 4, 28, 64, '2022-07-04'),
(3395, 5, 5, 29, 65, '2022-07-05'),
(3396, 3, 6, 30, 66, '2022-07-06'),
(3397, 4, 7, 31, 67, '2022-07-07'),
(3398, 2, 8, 32, 68, '2022-07-08'),
(3399, 1, 9, 33, 69, '2022-07-09'),
(3400, 5, 10, 34, 70, '2022-07-10'),
(3401, 3, 1, 35, 71, '2022-07-11'),
(3402, 4, 2, 36, 72, '2022-07-12'),
(3403, 2, 3, 1, 73, '2022-07-13'),
(3404, 1, 4, 2, 74, '2022-07-14'),
(3405, 5, 5, 3, 75, '2022-07-15'),
(3406, 3, 6, 4, 76, '2022-07-16'),
(3407, 4, 7, 5, 77, '2022-07-17'),
(3408, 2, 8, 6, 78, '2022-07-18'),
(3409, 1, 9, 7, 79, '2022-07-19'),
(3410, 5, 10, 8, 80, '2022-07-20'),
(3411, 3, 1, 9, 81, '2022-07-21'),
(3412, 4, 2, 10, 82, '2022-07-22'),
(3413, 2, 3, 11, 83, '2022-07-23'),
(3414, 1, 4, 12, 84, '2022-07-24'),
(3415, 5, 5, 13, 85, '2022-07-25'),
(3416, 3, 6, 14, 86, '2022-07-26'),
(3417, 4, 7, 15, 87, '2022-07-27'),
(3418, 2, 8, 16, 88, '2022-07-28'),
(3419, 1, 9, 17, 89, '2022-07-29'),
(3420, 5, 10, 18, 90, '2022-07-30'),
(3421, 3, 1, 19, 91, '2022-07-31'),
(3422, 4, 2, 20, 92, '2022-07-01'),
(3423, 2, 3, 21, 93, '2022-07-02'),
(3424, 1, 4, 22, 94, '2022-07-03'),
(3425, 5, 5, 23, 95, '2022-07-04'),
(3426, 3, 6, 24, 96, '2022-07-05'),
(3427, 4, 7, 25, 97, '2022-07-06'),
(3428, 2, 8, 26, 98, '2022-07-07'),
(3429, 1, 9, 27, 99, '2022-07-08'),
(3430, 5, 10, 28, 100, '2022-07-09'),
(3431, 3, 1, 29, 101, '2022-07-01'),
(3432, 4, 1, 30, 102, '2022-07-02'),
(3433, 2, 2, 31, 103, '2022-07-03'),
(3434, 1, 2, 32, 104, '2022-07-04'),
(3435, 5, 3, 33, 105, '2022-07-05'),
(3436, 3, 3, 34, 106, '2022-07-06'),
(3437, 4, 4, 35, 107, '2022-07-07'),
(3438, 2, 4, 36, 108, '2022-07-08'),
(3439, 1, 5, 1, 109, '2022-07-09'),
(3440, 5, 5, 2, 110, '2022-07-10'),
(3441, 3, 6, 3, 111, '2022-07-11'),
(3442, 4, 6, 4, 112, '2022-07-12'),
(3443, 2, 7, 5, 113, '2022-07-13'),
(3444, 1, 7, 6, 114, '2022-07-14'),
(3445, 5, 8, 7, 115, '2022-07-15'),
(3446, 3, 8, 8, 116, '2022-07-16'),
(3447, 4, 9, 9, 117, '2022-07-17'),
(3448, 2, 9, 10, 118, '2022-07-18'),
(3449, 1, 10, 11, 119, '2022-07-19'),
(3450, 5, 10, 12, 120, '2022-07-20'),
(3451, 3, 1, 13, 121, '2022-07-21'),
(3452, 4, 1, 14, 122, '2022-07-22'),
(3453, 2, 2, 15, 123, '2022-07-23'),
(3454, 1, 2, 16, 124, '2022-07-24'),
(3455, 5, 3, 17, 125, '2022-07-25'),
(3456, 3, 3, 18, 126, '2022-07-26'),
(3457, 4, 4, 19, 127, '2022-07-27'),
(3458, 2, 4, 20, 128, '2022-07-28'),
(3459, 1, 5, 21, 129, '2022-07-29'),
(3460, 5, 5, 22, 130, '2022-07-30'),
(3461, 3, 6, 23, 131, '2022-07-31'),
(3462, 4, 6, 24, 132, '2022-07-01'),
(3463, 2, 7, 25, 133, '2022-07-02'),
(3464, 1, 7, 26, 134, '2022-07-03'),
(3465, 5, 8, 27, 135, '2022-07-04'),
(3466, 3, 8, 28, 136, '2022-07-05'),
(3467, 4, 9, 29, 137, '2022-07-06'),
(3468, 2, 9, 30, 138, '2022-07-07'),
(3469, 1, 10, 31, 139, '2022-07-08'),
(3470, 5, 10, 32, 140, '2022-07-09'),
(3471, 3, 5, 11, 280, '2022-08-01'),
(3472, 4, 9, 32, 102, '2022-08-02'),
(3473, 2, 7, 15, 612, '2022-08-03'),
(3474, 1, 6, 23, 802, '2022-08-04'),
(3475, 5, 5, 30, 45, '2022-08-05'),
(3476, 3, 8, 28, 421, '2022-08-06'),
(3477, 4, 9, 21, 513, '2022-08-07'),
(3478, 2, 3, 16, 236, '2022-08-08'),
(3479, 1, 2, 12, 380, '2022-08-09'),
(3480, 5, 4, 7, 715, '2022-08-10'),
(3481, 3, 8, 26, 122, '2022-08-11'),
(3482, 4, 1, 18, 528, '2022-08-12'),
(3483, 2, 10, 17, 34, '2022-08-13'),
(3484, 1, 7, 22, 191, '2022-08-14'),
(3485, 5, 5, 29, 804, '2022-08-15'),
(3486, 3, 6, 20, 402, '2022-08-16'),
(3487, 4, 3, 25, 115, '2022-08-17'),
(3488, 2, 4, 8, 96, '2022-08-18'),
(3489, 1, 10, 33, 734, '2022-08-19'),
(3490, 5, 9, 31, 609, '2022-08-20'),
(3491, 3, 6, 19, 323, '2022-08-21'),
(3492, 4, 1, 24, 913, '2022-08-22'),
(3493, 2, 7, 13, 544, '2022-08-23'),
(3494, 1, 3, 27, 765, '2022-08-24'),
(3495, 5, 4, 6, 332, '2022-08-25'),
(3496, 3, 8, 10, 559, '2022-08-26'),
(3497, 4, 5, 9, 887, '2022-08-27'),
(3498, 2, 2, 4, 431, '2022-08-28'),
(3499, 1, 6, 14, 283, '2022-08-29'),
(3500, 5, 3, 5, 136, '2022-08-30'),
(3501, 3, 9, 12, 90, '2022-08-31'),
(3502, 4, 7, 11, 742, '2022-08-01'),
(3503, 2, 10, 26, 573, '2022-08-02'),
(3504, 1, 5, 8, 634, '2022-08-03'),
(3505, 5, 4, 9, 912, '2022-08-04'),
(3506, 3, 1, 27, 104, '2022-08-05'),
(3507, 4, 7, 16, 530, '2022-08-06'),
(3508, 2, 9, 24, 152, '2022-08-07'),
(3509, 1, 8, 23, 615, '2022-08-08'),
(3510, 5, 10, 30, 771, '2022-08-09'),
(3511, 3, 2, 25, 679, '2022-08-10'),
(3512, 4, 1, 6, 25, '2022-08-11'),
(3513, 2, 4, 13, 742, '2022-08-12'),
(3514, 1, 7, 22, 689, '2022-08-13'),
(3515, 5, 5, 20, 803, '2022-08-14'),
(3516, 3, 8, 18, 149, '2022-08-15'),
(3517, 4, 9, 7, 25, '2022-08-16'),
(3518, 2, 3, 31, 288, '2022-08-17'),
(3519, 1, 6, 12, 431, '2022-08-18'),
(3520, 5, 4, 28, 525, '2022-08-19'),
(3521, 3, 5, 21, 831, '2022-08-20'),
(3522, 4, 2, 3, 937, '2022-08-21'),
(3523, 2, 8, 4, 516, '2022-08-22'),
(3524, 1, 9, 17, 612, '2022-08-23'),
(3525, 5, 10, 25, 132, '2022-08-24'),
(3526, 3, 1, 19, 422, '2022-08-25'),
(3527, 4, 3, 23, 983, '2022-08-26'),
(3528, 2, 6, 18, 437, '2022-08-27'),
(3529, 1, 4, 16, 309, '2022-08-28'),
(3530, 5, 8, 14, 795, '2022-08-29'),
(3531, 3, 7, 9, 150, '2022-08-30'),
(3532, 4, 2, 6, 543, '2022-08-31'),
(3533, 2, 9, 5, 612, '2022-08-01'),
(3534, 1, 10, 2, 753, '2022-08-02'),
(3535, 5, 6, 3, 415, '2022-08-03'),
(3536, 3, 4, 11, 289, '2022-08-04'),
(3537, 4, 8, 10, 234, '2022-08-05'),
(3538, 2, 9, 12, 507, '2022-08-06'),
(3539, 1, 5, 14, 562, '2022-08-07'),
(3540, 5, 7, 9, 697, '2022-08-08'),
(3541, 3, 2, 8, 100, '2022-08-09'),
(3542, 4, 5, 18, 210, '2022-08-10'),
(3543, 2, 7, 21, 311, '2022-08-11'),
(3544, 1, 6, 23, 451, '2022-08-12'),
(3545, 5, 3, 17, 512, '2022-08-13'),
(3546, 3, 8, 26, 613, '2022-08-14'),
(3547, 4, 9, 30, 721, '2022-08-15'),
(3548, 2, 4, 15, 832, '2022-08-16'),
(3549, 1, 10, 2, 943, '2022-08-17'),
(3550, 5, 1, 7, 54, '2022-08-18'),
(3551, 3, 3, 5, 762, '2022-08-19'),
(3552, 4, 2, 8, 15, '2022-08-20'),
(3553, 2, 4, 25, 123, '2022-08-21'),
(3554, 1, 6, 13, 243, '2022-08-22'),
(3555, 5, 7, 22, 354, '2022-08-23'),
(3556, 3, 8, 19, 465, '2022-08-24'),
(3557, 4, 9, 14, 576, '2022-08-25'),
(3558, 2, 3, 9, 687, '2022-08-26'),
(3559, 1, 2, 10, 798, '2022-08-27'),
(3560, 5, 4, 16, 909, '2022-08-28'),
(3561, 3, 5, 11, 111, '2022-08-29'),
(3562, 4, 7, 20, 222, '2022-08-30'),
(3563, 2, 6, 18, 333, '2022-08-31'),
(3564, 1, 1, 3, 444, '2022-08-01'),
(3565, 5, 9, 14, 555, '2022-08-02'),
(3566, 3, 5, 12, 666, '2022-08-03'),
(3567, 4, 2, 7, 777, '2022-08-04'),
(3568, 2, 6, 5, 888, '2022-08-05'),
(3569, 1, 10, 16, 999, '2022-08-06'),
(3570, 3, 8, 12, 111, '2022-08-07'),
(3571, 3, 2, 14, 320, '2022-09-01'),
(3572, 4, 3, 19, 410, '2022-09-02'),
(3573, 2, 1, 24, 500, '2022-09-03'),
(3574, 1, 5, 26, 591, '2022-09-04'),
(3575, 5, 8, 30, 682, '2022-09-05'),
(3576, 3, 7, 21, 773, '2022-09-06'),
(3577, 4, 4, 15, 864, '2022-09-07'),
(3578, 2, 6, 23, 955, '2022-09-08'),
(3579, 1, 9, 13, 104, '2022-09-09'),
(3580, 5, 2, 20, 195, '2022-09-10'),
(3581, 3, 1, 22, 286, '2022-09-11'),
(3582, 4, 7, 16, 377, '2022-09-12'),
(3583, 2, 10, 28, 468, '2022-09-13'),
(3584, 1, 3, 18, 559, '2022-09-14'),
(3585, 5, 5, 14, 650, '2022-09-15'),
(3586, 3, 8, 9, 741, '2022-09-16'),
(3587, 4, 6, 12, 832, '2022-09-17'),
(3588, 2, 2, 25, 923, '2022-09-18'),
(3589, 1, 9, 6, 1011, '2022-09-19'),
(3590, 5, 4, 8, 105, '2022-09-20'),
(3591, 3, 7, 19, 206, '2022-09-21'),
(3592, 4, 1, 30, 307, '2022-09-22'),
(3593, 2, 5, 21, 408, '2022-09-23'),
(3594, 1, 10, 13, 509, '2022-09-24'),
(3595, 5, 6, 17, 610, '2022-09-25'),
(3596, 3, 4, 16, 711, '2022-09-26'),
(3597, 4, 3, 11, 812, '2022-09-27'),
(3598, 2, 2, 25, 913, '2022-09-28'),
(3599, 1, 9, 20, 102, '2022-09-29'),
(3600, 5, 8, 18, 215, '2022-09-30'),
(3601, 3, 4, 29, 314, '2022-09-01'),
(3602, 4, 10, 22, 415, '2022-09-02'),
(3603, 2, 7, 24, 516, '2022-09-03'),
(3604, 1, 1, 16, 617, '2022-09-04'),
(3605, 5, 9, 10, 718, '2022-09-05'),
(3606, 3, 5, 23, 819, '2022-09-06'),
(3607, 4, 2, 13, 920, '2022-09-07'),
(3608, 2, 8, 14, 21, '2022-09-08'),
(3609, 1, 7, 25, 122, '2022-09-09'),
(3610, 5, 6, 22, 223, '2022-09-10'),
(3611, 3, 3, 11, 324, '2022-09-11'),
(3612, 4, 10, 16, 425, '2022-09-12'),
(3613, 2, 5, 27, 526, '2022-09-13'),
(3614, 1, 9, 19, 627, '2022-09-14'),
(3615, 5, 4, 9, 728, '2022-09-15'),
(3616, 3, 8, 24, 829, '2022-09-16'),
(3617, 4, 7, 11, 930, '2022-09-17'),
(3618, 2, 2, 30, 31, '2022-09-18'),
(3619, 1, 6, 18, 132, '2022-09-19'),
(3620, 5, 3, 17, 233, '2022-09-20'),
(3621, 3, 1, 22, 334, '2022-09-21'),
(3622, 4, 10, 13, 435, '2022-09-22'),
(3623, 2, 5, 14, 536, '2022-09-23'),
(3624, 1, 7, 16, 637, '2022-09-24'),
(3625, 5, 8, 12, 738, '2022-09-25'),
(3626, 3, 4, 25, 839, '2022-09-26'),
(3627, 4, 3, 21, 940, '2022-09-27'),
(3628, 2, 9, 6, 41, '2022-09-28'),
(3629, 1, 5, 19, 142, '2022-09-29'),
(3630, 5, 2, 17, 243, '2022-09-30'),
(3631, 3, 7, 14, 344, '2022-09-01'),
(3632, 4, 1, 8, 445, '2022-09-02'),
(3633, 2, 6, 23, 546, '2022-09-03'),
(3634, 1, 8, 19, 647, '2022-09-04'),
(3635, 5, 4, 21, 748, '2022-09-05'),
(3636, 3, 9, 16, 849, '2022-09-06'),
(3637, 4, 2, 18, 950, '2022-09-07'),
(3638, 2, 5, 27, 51, '2022-09-08'),
(3639, 1, 3, 25, 152, '2022-09-09'),
(3640, 5, 7, 14, 253, '2022-09-10'),
(3641, 3, 1, 22, 354, '2022-09-11'),
(3642, 4, 10, 9, 455, '2022-09-12'),
(3643, 2, 6, 19, 556, '2022-09-13'),
(3644, 1, 4, 23, 657, '2022-09-14'),
(3645, 5, 3, 21, 758, '2022-09-15'),
(3646, 3, 8, 12, 859, '2022-09-16'),
(3647, 4, 7, 15, 960, '2022-09-17'),
(3648, 2, 2, 14, 61, '2022-09-18'),
(3649, 1, 9, 18, 162, '2022-09-19'),
(3650, 5, 5, 17, 263, '2022-09-20'),
(3651, 4, 5, 16, 163, '2022-09-21'),
(3652, 2, 3, 25, 264, '2022-09-22'),
(3653, 1, 8, 14, 365, '2022-09-23'),
(3654, 5, 6, 17, 466, '2022-09-24'),
(3655, 3, 2, 19, 567, '2022-09-25'),
(3656, 4, 9, 15, 668, '2022-09-26'),
(3657, 2, 4, 23, 769, '2022-09-27'),
(3658, 1, 7, 18, 870, '2022-09-28'),
(3659, 5, 1, 12, 971, '2022-09-29'),
(3660, 3, 10, 21, 72, '2022-09-30'),
(3661, 4, 6, 22, 173, '2022-09-01'),
(3662, 2, 8, 24, 274, '2022-09-02'),
(3663, 1, 5, 13, 375, '2022-09-03'),
(3664, 5, 7, 14, 476, '2022-09-04'),
(3665, 3, 3, 25, 577, '2022-09-05'),
(3666, 4, 9, 17, 678, '2022-09-06'),
(3667, 2, 4, 22, 779, '2022-09-07'),
(3668, 1, 6, 20, 880, '2022-09-08'),
(3669, 5, 2, 18, 981, '2022-09-09'),
(3670, 3, 4, 12, 82, '2022-09-10'),
(3671, 4, 5, 19, 183, '2022-09-11'),
(3672, 2, 9, 24, 284, '2022-09-12'),
(3673, 1, 3, 14, 385, '2022-09-13'),
(3674, 5, 7, 16, 486, '2022-09-14'),
(3675, 3, 2, 23, 587, '2022-09-15'),
(3676, 4, 8, 25, 688, '2022-09-16'),
(3677, 2, 6, 22, 789, '2022-09-17'),
(3678, 1, 10, 18, 890, '2022-09-18'),
(3679, 5, 1, 13, 991, '2022-09-19'),
(3680, 3, 4, 20, 92, '2022-09-20'),
(3681, 4, 3, 12, 92, '2022-10-01'),
(3682, 2, 5, 21, 193, '2022-10-02'),
(3683, 1, 7, 18, 294, '2022-10-03'),
(3684, 5, 2, 16, 395, '2022-10-04'),
(3685, 3, 9, 14, 496, '2022-10-05'),
(3686, 4, 6, 19, 597, '2022-10-06'),
(3687, 2, 8, 17, 698, '2022-10-07'),
(3688, 1, 1, 22, 799, '2022-10-08'),
(3689, 5, 3, 23, 900, '2022-10-09'),
(3690, 3, 4, 15, 1001, '2022-10-10'),
(3691, 4, 5, 24, 102, '2022-10-11'),
(3692, 2, 6, 13, 203, '2022-10-12'),
(3693, 1, 7, 21, 304, '2022-10-13'),
(3694, 5, 2, 18, 405, '2022-10-14'),
(3695, 3, 3, 17, 506, '2022-10-15'),
(3696, 4, 8, 19, 607, '2022-10-16'),
(3697, 2, 10, 22, 708, '2022-10-17'),
(3698, 1, 5, 14, 809, '2022-10-18'),
(3699, 5, 1, 23, 910, '2022-10-19'),
(3700, 3, 9, 20, 11, '2022-10-20'),
(3701, 4, 6, 19, 112, '2022-10-21'),
(3702, 2, 8, 16, 213, '2022-10-22'),
(3703, 1, 4, 14, 314, '2022-10-23'),
(3704, 5, 3, 22, 415, '2022-10-24'),
(3705, 3, 7, 15, 516, '2022-10-25'),
(3706, 4, 5, 24, 617, '2022-10-26'),
(3707, 2, 9, 23, 718, '2022-10-27'),
(3708, 1, 10, 16, 819, '2022-10-28'),
(3709, 5, 2, 13, 920, '2022-10-29'),
(3710, 3, 8, 14, 21, '2022-10-30'),
(3711, 4, 1, 22, 122, '2022-10-31'),
(3712, 2, 6, 15, 223, '2022-10-01'),
(3713, 1, 7, 20, 324, '2022-10-02'),
(3714, 5, 3, 18, 425, '2022-10-03'),
(3715, 3, 9, 16, 526, '2022-10-04'),
(3716, 4, 5, 19, 627, '2022-10-05'),
(3717, 2, 8, 17, 728, '2022-10-06'),
(3718, 1, 1, 20, 829, '2022-10-07'),
(3719, 5, 3, 22, 930, '2022-10-08'),
(3720, 3, 4, 23, 31, '2022-10-09'),
(3721, 4, 2, 15, 132, '2022-10-10'),
(3722, 2, 6, 24, 233, '2022-10-11'),
(3723, 1, 7, 13, 334, '2022-10-12'),
(3724, 5, 10, 21, 435, '2022-10-13'),
(3725, 3, 5, 18, 536, '2022-10-14'),
(3726, 4, 8, 19, 637, '2022-10-15'),
(3727, 2, 3, 17, 738, '2022-10-16'),
(3728, 1, 9, 16, 839, '2022-10-17'),
(3729, 5, 2, 14, 940, '2022-10-18'),
(3730, 3, 4, 23, 41, '2022-10-19'),
(3731, 4, 5, 22, 142, '2022-10-20'),
(3732, 2, 6, 13, 243, '2022-10-21'),
(3733, 1, 7, 18, 344, '2022-10-22'),
(3734, 5, 3, 21, 445, '2022-10-23'),
(3735, 3, 10, 19, 546, '2022-10-24'),
(3736, 4, 1, 24, 647, '2022-10-25'),
(3737, 2, 8, 23, 748, '2022-10-26'),
(3738, 1, 2, 15, 849, '2022-10-27'),
(3739, 5, 9, 22, 950, '2022-10-28'),
(3740, 3, 4, 19, 51, '2022-10-29'),
(3741, 4, 7, 16, 152, '2022-10-30'),
(3742, 2, 5, 21, 253, '2022-10-31'),
(3743, 1, 6, 18, 354, '2022-10-01'),
(3744, 5, 1, 23, 455, '2022-10-02'),
(3745, 3, 9, 24, 556, '2022-10-03'),
(3746, 4, 2, 13, 657, '2022-10-04'),
(3747, 2, 7, 22, 758, '2022-10-05'),
(3748, 1, 3, 18, 859, '2022-10-06'),
(3749, 5, 10, 14, 960, '2022-10-07'),
(3750, 3, 4, 19, 61, '2022-10-08'),
(3751, 4, 8, 23, 162, '2022-10-09'),
(3752, 2, 1, 16, 263, '2022-10-10'),
(3753, 1, 6, 21, 364, '2022-10-11'),
(3754, 5, 7, 14, 465, '2022-10-12'),
(3755, 3, 5, 19, 566, '2022-10-13'),
(3756, 4, 9, 23, 667, '2022-10-14'),
(3757, 2, 8, 22, 768, '2022-10-15'),
(3758, 1, 4, 13, 869, '2022-10-16'),
(3759, 5, 3, 21, 970, '2022-10-17'),
(3760, 3, 7, 16, 71, '2022-10-18'),
(3761, 4, 2, 24, 172, '2022-10-19'),
(3762, 2, 9, 23, 273, '2022-10-20'),
(3763, 1, 1, 15, 374, '2022-10-21'),
(3764, 5, 5, 22, 475, '2022-10-22'),
(3765, 3, 8, 19, 576, '2022-10-23'),
(3766, 4, 7, 24, 677, '2022-10-24'),
(3767, 2, 3, 13, 778, '2022-10-25'),
(3768, 1, 10, 21, 879, '2022-10-26'),
(3769, 5, 4, 14, 980, '2022-10-27'),
(3770, 3, 9, 23, 81, '2022-10-28'),
(3771, 3, 5, 12, 95, '2022-11-01'),
(3772, 4, 2, 18, 196, '2022-11-02'),
(3773, 2, 6, 14, 297, '2022-11-03'),
(3774, 5, 9, 22, 398, '2022-11-04'),
(3775, 1, 3, 23, 499, '2022-11-05'),
(3776, 3, 8, 15, 600, '2022-11-06'),
(3777, 4, 10, 21, 701, '2022-11-07'),
(3778, 2, 7, 13, 802, '2022-11-08'),
(3779, 1, 4, 16, 903, '2022-11-09'),
(3780, 5, 1, 17, 1004, '2022-11-10'),
(3781, 3, 5, 19, 105, '2022-11-11'),
(3782, 4, 6, 14, 206, '2022-11-12'),
(3783, 2, 3, 22, 307, '2022-11-13'),
(3784, 1, 9, 13, 408, '2022-11-14'),
(3785, 5, 2, 16, 509, '2022-11-15'),
(3786, 3, 7, 21, 610, '2022-11-16'),
(3787, 4, 8, 23, 711, '2022-11-17'),
(3788, 2, 1, 14, 812, '2022-11-18'),
(3789, 1, 4, 17, 913, '2022-11-19'),
(3790, 5, 10, 19, 14, '2022-11-20'),
(3791, 3, 6, 15, 115, '2022-11-21'),
(3792, 4, 9, 22, 216, '2022-11-22'),
(3793, 2, 5, 13, 317, '2022-11-23'),
(3794, 1, 3, 21, 418, '2022-11-24'),
(3795, 5, 7, 16, 519, '2022-11-25'),
(3796, 3, 8, 23, 620, '2022-11-26'),
(3797, 4, 2, 19, 721, '2022-11-27'),
(3798, 2, 6, 14, 822, '2022-11-28'),
(3799, 1, 10, 17, 923, '2022-11-29'),
(3800, 5, 1, 22, 24, '2022-11-30'),
(3801, 3, 5, 15, 125, '2022-11-01'),
(3802, 4, 9, 14, 226, '2022-11-02'),
(3803, 2, 7, 16, 327, '2022-11-03'),
(3804, 1, 6, 21, 428, '2022-11-04'),
(3805, 5, 4, 23, 529, '2022-11-05'),
(3806, 3, 2, 13, 630, '2022-11-06'),
(3807, 4, 8, 22, 731, '2022-11-07'),
(3808, 2, 10, 19, 832, '2022-11-08'),
(3809, 1, 4, 15, 933, '2022-11-09'),
(3810, 5, 3, 16, 34, '2022-11-10'),
(3811, 3, 5, 17, 135, '2022-11-11'),
(3812, 4, 9, 18, 236, '2022-11-12'),
(3813, 2, 6, 23, 337, '2022-11-13'),
(3814, 1, 7, 21, 438, '2022-11-14'),
(3815, 5, 1, 13, 539, '2022-11-15'),
(3816, 3, 2, 24, 640, '2022-11-16'),
(3817, 4, 3, 16, 741, '2022-11-17'),
(3818, 2, 8, 19, 842, '2022-11-18'),
(3819, 1, 5, 15, 943, '2022-11-19'),
(3820, 5, 6, 23, 44, '2022-11-20'),
(3821, 3, 9, 18, 145, '2022-11-21'),
(3822, 4, 2, 21, 246, '2022-11-22'),
(3823, 2, 8, 13, 347, '2022-11-23'),
(3824, 1, 10, 16, 448, '2022-11-24'),
(3825, 5, 4, 17, 549, '2022-11-25'),
(3826, 3, 1, 22, 650, '2022-11-26'),
(3827, 4, 7, 19, 751, '2022-11-27'),
(3828, 2, 5, 14, 852, '2022-11-28'),
(3829, 1, 3, 18, 953, '2022-11-29'),
(3830, 5, 9, 23, 54, '2022-11-30'),
(3831, 3, 6, 21, 155, '2022-11-01'),
(3832, 4, 10, 15, 256, '2022-11-02'),
(3833, 2, 4, 16, 357, '2022-11-03'),
(3834, 1, 8, 13, 458, '2022-11-04'),
(3835, 5, 2, 21, 559, '2022-11-05'),
(3836, 3, 9, 19, 660, '2022-11-06'),
(3837, 4, 6, 23, 761, '2022-11-07'),
(3838, 2, 5, 14, 862, '2022-11-08'),
(3839, 1, 7, 18, 963, '2022-11-09'),
(3840, 5, 3, 22, 64, '2022-11-10'),
(3841, 3, 4, 13, 165, '2022-11-11'),
(3842, 4, 8, 21, 266, '2022-11-12'),
(3843, 2, 2, 17, 367, '2022-11-13'),
(3844, 1, 6, 19, 468, '2022-11-14'),
(3845, 5, 9, 23, 569, '2022-11-15'),
(3846, 3, 10, 15, 670, '2022-11-16'),
(3847, 4, 5, 22, 771, '2022-11-17'),
(3848, 2, 3, 16, 872, '2022-11-18'),
(3849, 1, 7, 13, 973, '2022-11-19'),
(3850, 5, 4, 23, 74, '2022-11-20'),
(3851, 3, 5, 12, 105, '2022-12-01'),
(3852, 4, 7, 16, 206, '2022-12-02'),
(3853, 1, 9, 18, 307, '2022-12-03'),
(3854, 5, 3, 14, 408, '2022-12-04'),
(3855, 2, 4, 21, 509, '2022-12-05'),
(3856, 4, 2, 19, 610, '2022-12-06'),
(3857, 3, 8, 17, 711, '2022-12-07'),
(3858, 5, 1, 22, 812, '2022-12-08'),
(3859, 2, 6, 23, 913, '2022-12-09'),
(3860, 4, 10, 14, 14, '2022-12-10'),
(3861, 3, 5, 16, 115, '2022-12-11'),
(3862, 2, 7, 19, 216, '2022-12-12'),
(3863, 1, 4, 21, 317, '2022-12-13'),
(3864, 5, 9, 22, 418, '2022-12-14'),
(3865, 3, 3, 17, 519, '2022-12-15'),
(3866, 4, 8, 18, 620, '2022-12-16'),
(3867, 2, 1, 14, 721, '2022-12-17'),
(3868, 1, 10, 19, 822, '2022-12-18'),
(3869, 5, 6, 23, 923, '2022-12-19'),
(3870, 3, 4, 15, 24, '2022-12-20'),
(3871, 4, 7, 21, 125, '2022-12-21'),
(3872, 2, 2, 18, 226, '2022-12-22'),
(3873, 1, 5, 13, 327, '2022-12-23'),
(3874, 5, 8, 22, 428, '2022-12-24'),
(3875, 3, 9, 16, 529, '2022-12-25'),
(3876, 4, 1, 14, 630, '2022-12-26'),
(3877, 2, 6, 21, 731, '2022-12-27'),
(3878, 1, 4, 17, 832, '2022-12-28'),
(3879, 5, 10, 19, 933, '2022-12-29'),
(3880, 3, 3, 22, 34, '2022-12-30'),
(3881, 4, 8, 23, 135, '2022-12-31'),
(3882, 2, 2, 16, 236, '2022-12-01'),
(3883, 1, 9, 14, 337, '2022-12-02'),
(3884, 5, 7, 19, 438, '2022-12-03'),
(3885, 3, 5, 21, 539, '2022-12-04'),
(3886, 4, 3, 15, 640, '2022-12-05'),
(3887, 2, 6, 22, 741, '2022-12-06'),
(3888, 1, 4, 13, 842, '2022-12-07'),
(3889, 5, 8, 17, 943, '2022-12-08'),
(3890, 3, 7, 16, 44, '2022-12-09'),
(3891, 4, 2, 18, 145, '2022-12-10'),
(3892, 2, 10, 23, 246, '2022-12-11'),
(3893, 1, 6, 15, 347, '2022-12-12'),
(3894, 5, 3, 19, 448, '2022-12-13'),
(3895, 3, 5, 17, 549, '2022-12-14'),
(3896, 4, 1, 14, 650, '2022-12-15'),
(3897, 2, 7, 21, 751, '2022-12-16'),
(3898, 1, 9, 22, 852, '2022-12-17'),
(3899, 5, 10, 16, 953, '2022-12-18'),
(3900, 3, 8, 23, 54, '2022-12-19'),
(3901, 4, 5, 13, 155, '2022-12-20'),
(3902, 2, 4, 19, 256, '2022-12-21'),
(3903, 1, 6, 22, 357, '2022-12-22'),
(3904, 5, 7, 14, 458, '2022-12-23'),
(3905, 3, 3, 18, 559, '2022-12-24'),
(3906, 4, 9, 21, 660, '2022-12-25'),
(3907, 2, 1, 16, 761, '2022-12-26'),
(3908, 1, 10, 17, 862, '2022-12-27'),
(3909, 5, 2, 19, 963, '2022-12-28'),
(3910, 3, 8, 23, 64, '2022-12-29'),
(3911, 4, 6, 13, 165, '2022-12-30'),
(3912, 2, 5, 14, 266, '2022-12-31'),
(3913, 1, 9, 16, 367, '2022-12-01'),
(3914, 5, 2, 22, 468, '2022-12-02'),
(3915, 3, 10, 21, 569, '2022-12-03'),
(3916, 4, 6, 18, 670, '2022-12-04'),
(3917, 2, 5, 17, 771, '2022-12-05'),
(3918, 1, 4, 13, 872, '2022-12-06'),
(3919, 5, 7, 16, 973, '2022-12-07'),
(3920, 3, 9, 14, 74, '2022-12-08'),
(3921, 4, 10, 19, 175, '2022-12-09'),
(3922, 2, 6, 21, 276, '2022-12-10'),
(3923, 1, 8, 23, 377, '2022-12-11'),
(3924, 5, 4, 17, 478, '2022-12-12'),
(3925, 3, 3, 16, 579, '2022-12-13'),
(3926, 4, 9, 22, 680, '2022-12-14'),
(3927, 2, 2, 15, 781, '2022-12-15'),
(3928, 1, 7, 14, 882, '2022-12-16'),
(3929, 5, 6, 16, 983, '2022-12-17'),
(3930, 3, 5, 19, 84, '2022-12-18'),
(3931, 4, 8, 23, 185, '2022-12-19'),
(3932, 2, 7, 14, 286, '2022-12-20'),
(3933, 1, 6, 18, 387, '2022-12-21'),
(3934, 5, 2, 17, 488, '2022-12-22'),
(3935, 3, 10, 19, 589, '2022-12-23'),
(3936, 4, 1, 22, 690, '2022-12-24'),
(3937, 2, 9, 14, 791, '2022-12-25'),
(3938, 1, 3, 15, 892, '2022-12-26'),
(3939, 5, 4, 17, 993, '2022-12-27'),
(3940, 3, 8, 23, 94, '2022-12-28'),
(3941, 4, 6, 19, 195, '2022-12-29'),
(3942, 2, 2, 22, 296, '2022-12-30'),
(3943, 1, 7, 16, 397, '2022-12-31'),
(3944, 5, 5, 14, 498, '2022-12-01'),
(3945, 3, 9, 21, 599, '2022-12-02'),
(3946, 4, 3, 17, 700, '2022-12-03'),
(3947, 2, 6, 16, 801, '2022-12-04'),
(3948, 1, 4, 19, 902, '2022-12-05'),
(3949, 5, 2, 23, 3, '2022-12-06'),
(3950, 3, 10, 14, 104, '2022-12-07'),
(3951, 4, 8, 18, 205, '2022-12-08'),
(3952, 2, 7, 22, 306, '2022-12-09'),
(3953, 1, 6, 17, 407, '2022-12-10'),
(3954, 5, 3, 19, 508, '2022-12-11'),
(3955, 3, 9, 23, 609, '2022-12-12'),
(3956, 4, 5, 14, 710, '2022-12-13'),
(3957, 2, 7, 21, 811, '2022-12-14'),
(3958, 1, 4, 18, 912, '2022-12-15'),
(3959, 5, 8, 19, 13, '2022-12-16'),
(3960, 3, 3, 15, 114, '2022-12-17'),
(3961, 3, 6, 11, 128, '2021-01-01'),
(3962, 4, 2, 19, 239, '2021-01-02'),
(3963, 2, 7, 14, 341, '2021-01-03'),
(3964, 5, 9, 16, 443, '2021-01-04'),
(3965, 3, 1, 22, 545, '2021-01-05'),
(3966, 4, 3, 17, 647, '2021-01-06'),
(3967, 2, 5, 23, 749, '2021-01-07'),
(3968, 1, 8, 14, 851, '2021-01-08'),
(3969, 5, 2, 19, 953, '2021-01-09'),
(3970, 3, 4, 21, 55, '2021-01-10'),
(3971, 4, 10, 18, 157, '2021-01-11'),
(3972, 2, 6, 22, 259, '2021-01-12'),
(3973, 1, 7, 23, 361, '2021-01-13'),
(3974, 5, 3, 14, 463, '2021-01-14'),
(3975, 3, 9, 16, 565, '2021-01-15'),
(3976, 4, 2, 19, 667, '2021-01-16'),
(3977, 2, 4, 18, 769, '2021-01-17'),
(3978, 1, 8, 22, 871, '2021-01-18'),
(3979, 5, 6, 14, 973, '2021-01-19'),
(3980, 3, 1, 19, 75, '2021-01-20'),
(3981, 4, 5, 23, 177, '2021-01-21'),
(3982, 2, 10, 16, 279, '2021-01-22'),
(3983, 1, 3, 22, 381, '2021-01-23'),
(3984, 5, 7, 19, 483, '2021-01-24'),
(3985, 3, 2, 14, 585, '2021-01-25'),
(3986, 4, 9, 21, 687, '2021-01-26'),
(3987, 2, 6, 23, 789, '2021-01-27'),
(3988, 1, 10, 19, 891, '2021-01-28'),
(3989, 5, 4, 14, 993, '2021-01-29'),
(3990, 3, 8, 17, 95, '2021-01-30'),
(3991, 4, 1, 22, 197, '2021-01-31'),
(3992, 2, 7, 14, 299, '2021-01-01'),
(3993, 1, 5, 16, 401, '2021-01-02'),
(3994, 5, 9, 23, 503, '2021-01-03'),
(3995, 3, 4, 19, 605, '2021-01-04'),
(3996, 4, 6, 14, 707, '2021-01-05'),
(3997, 2, 10, 22, 809, '2021-01-06'),
(3998, 1, 2, 17, 911, '2021-01-07'),
(3999, 5, 8, 23, 13, '2021-01-08'),
(4000, 3, 1, 19, 115, '2021-01-09'),
(4001, 4, 7, 21, 217, '2021-01-10'),
(4002, 2, 5, 14, 319, '2021-01-11'),
(4003, 1, 6, 22, 421, '2021-01-12'),
(4004, 5, 4, 19, 523, '2021-01-13'),
(4005, 3, 8, 16, 625, '2021-01-14'),
(4006, 4, 2, 23, 727, '2021-01-15'),
(4007, 2, 7, 17, 829, '2021-01-16'),
(4008, 1, 3, 21, 931, '2021-01-17'),
(4009, 5, 9, 14, 33, '2021-01-18'),
(4010, 3, 10, 18, 135, '2021-01-19'),
(4011, 4, 6, 19, 237, '2021-01-20'),
(4012, 2, 1, 23, 339, '2021-01-21'),
(4013, 1, 5, 17, 441, '2021-01-22'),
(4014, 5, 7, 16, 543, '2021-01-23'),
(4015, 3, 2, 21, 645, '2021-01-24'),
(4016, 4, 8, 19, 747, '2021-01-25'),
(4017, 2, 9, 14, 849, '2021-01-26'),
(4018, 1, 3, 16, 951, '2021-01-27'),
(4019, 5, 4, 22, 53, '2021-01-28'),
(4020, 3, 5, 19, 155, '2021-01-29'),
(4021, 4, 1, 14, 257, '2021-01-30'),
(4022, 2, 10, 23, 359, '2021-01-31'),
(4023, 1, 7, 21, 461, '2021-01-01'),
(4024, 5, 8, 18, 563, '2021-01-02'),
(4025, 3, 6, 22, 665, '2021-01-03'),
(4026, 4, 2, 14, 767, '2021-01-04'),
(4027, 2, 9, 16, 869, '2021-01-05'),
(4028, 1, 7, 23, 971, '2021-01-06'),
(4029, 5, 5, 14, 73, '2021-01-07'),
(4030, 3, 10, 22, 175, '2021-01-08'),
(4031, 4, 4, 21, 277, '2021-01-09'),
(4032, 2, 3, 17, 379, '2021-01-10'),
(4033, 1, 6, 19, 481, '2021-01-11'),
(4034, 5, 7, 14, 583, '2021-01-12'),
(4035, 3, 2, 23, 685, '2021-01-13'),
(4036, 4, 8, 16, 787, '2021-01-14'),
(4037, 2, 10, 1, 889, '2021-01-15'),
(4038, 1, 3, 34, 991, '2021-01-16'),
(4039, 5, 9, 31, 93, '2021-01-17'),
(4040, 3, 1, 32, 195, '2021-01-18'),
(4041, 4, 6, 33, 297, '2021-01-19'),
(4042, 2, 5, 34, 399, '2021-01-20'),
(4043, 1, 7, 1, 501, '2021-01-21'),
(4044, 5, 8, 31, 603, '2021-01-22'),
(4045, 3, 10, 32, 705, '2021-01-23'),
(4046, 4, 2, 1, 807, '2021-01-24'),
(4047, 2, 9, 1, 909, '2021-01-25'),
(4048, 1, 5, 34, 11, '2021-01-26'),
(4049, 5, 6, 32, 113, '2021-01-27'),
(4050, 3, 4, 36, 215, '2021-01-28'),
(4051, 4, 8, 14, 101, '2021-01-29'),
(4052, 2, 4, 23, 203, '2021-01-30'),
(4053, 5, 7, 21, 305, '2021-01-31'),
(4054, 3, 2, 18, 407, '2021-01-01'),
(4055, 1, 5, 14, 509, '2021-01-02'),
(4056, 4, 9, 16, 611, '2021-01-03'),
(4057, 2, 10, 22, 713, '2021-01-04'),
(4058, 5, 3, 19, 815, '2021-01-05'),
(4059, 3, 6, 21, 917, '2021-01-06'),
(4060, 4, 1, 14, 19, '2021-01-07'),
(4061, 5, 1, 1, 101, '2021-02-01'),
(4062, 4, 2, 2, 203, '2021-02-02'),
(4063, 3, 3, 3, 305, '2021-02-03'),
(4064, 2, 4, 4, 407, '2021-02-04'),
(4065, 1, 5, 5, 509, '2021-02-05'),
(4066, 4, 6, 6, 611, '2021-02-06'),
(4067, 5, 7, 7, 713, '2021-02-07'),
(4068, 3, 8, 8, 815, '2021-02-08'),
(4069, 4, 9, 9, 917, '2021-02-09'),
(4070, 2, 10, 10, 19, '2021-02-10'),
(4071, 1, 1, 11, 101, '2021-02-11'),
(4072, 5, 2, 12, 203, '2021-02-12'),
(4073, 3, 3, 13, 305, '2021-02-13'),
(4074, 4, 4, 14, 407, '2021-02-14'),
(4075, 2, 5, 15, 509, '2021-02-15'),
(4076, 1, 6, 16, 611, '2021-02-16'),
(4077, 4, 7, 17, 713, '2021-02-17'),
(4078, 5, 8, 18, 815, '2021-02-18'),
(4079, 3, 9, 19, 917, '2021-02-19'),
(4080, 4, 10, 20, 19, '2021-02-20'),
(4081, 2, 1, 21, 101, '2021-02-21'),
(4082, 5, 2, 22, 203, '2021-02-22'),
(4083, 3, 3, 23, 305, '2021-02-23'),
(4084, 4, 4, 24, 407, '2021-02-24'),
(4085, 1, 5, 25, 509, '2021-02-25'),
(4086, 5, 6, 26, 611, '2021-02-26'),
(4087, 4, 7, 27, 713, '2021-02-27'),
(4088, 2, 8, 28, 815, '2021-02-28'),
(4089, 3, 9, 29, 917, '0000-00-00'),
(4090, 4, 10, 30, 19, '2021-02-01'),
(4091, 5, 1, 31, 101, '2021-02-02'),
(4092, 2, 2, 32, 203, '2021-02-03'),
(4093, 3, 3, 33, 305, '2021-02-04'),
(4094, 4, 4, 34, 407, '2021-02-05'),
(4095, 1, 5, 35, 509, '2021-02-06'),
(4096, 5, 6, 36, 611, '2021-02-07'),
(4097, 4, 7, 1, 713, '2021-02-08'),
(4098, 3, 8, 2, 815, '2021-02-09'),
(4099, 2, 9, 3, 917, '2021-02-10'),
(4100, 5, 10, 4, 19, '2021-02-11'),
(4101, 4, 1, 5, 101, '2021-02-12'),
(4102, 3, 2, 6, 203, '2021-02-13'),
(4103, 2, 3, 7, 305, '2021-02-14'),
(4104, 5, 4, 8, 407, '2021-02-15'),
(4105, 4, 5, 9, 509, '2021-02-16'),
(4106, 1, 6, 10, 611, '2021-02-17'),
(4107, 5, 7, 11, 713, '2021-02-18'),
(4108, 4, 8, 12, 815, '2021-02-19'),
(4109, 2, 9, 13, 917, '2021-02-20'),
(4110, 1, 10, 14, 19, '2021-02-21'),
(4111, 5, 1, 15, 101, '2021-02-22'),
(4112, 4, 2, 16, 203, '2021-02-23'),
(4113, 3, 3, 17, 305, '2021-02-24'),
(4114, 2, 4, 18, 407, '2021-02-25'),
(4115, 5, 5, 19, 509, '2021-02-26'),
(4116, 4, 6, 20, 611, '2021-02-27'),
(4117, 3, 7, 21, 713, '2021-02-28'),
(4118, 2, 8, 22, 815, '0000-00-00'),
(4119, 5, 9, 23, 917, '2021-02-01'),
(4120, 4, 10, 24, 19, '2021-02-02'),
(4121, 3, 1, 25, 101, '2021-02-03'),
(4122, 2, 2, 26, 203, '2021-02-04'),
(4123, 5, 3, 27, 305, '2021-02-05'),
(4124, 4, 4, 28, 407, '2021-02-06'),
(4125, 3, 5, 29, 509, '2021-02-07'),
(4126, 2, 6, 30, 611, '2021-02-08'),
(4127, 5, 7, 31, 713, '2021-02-09'),
(4128, 4, 8, 32, 815, '2021-02-10'),
(4129, 3, 9, 33, 97, '2021-02-11'),
(4130, 2, 10, 34, 1, '2021-02-12'),
(4131, 1, 1, 35, 10, '2021-02-13'),
(4132, 5, 2, 36, 20, '2021-02-14'),
(4133, 4, 3, 1, 5, '2021-02-15'),
(4134, 3, 4, 2, 7, '2021-02-16'),
(4135, 2, 5, 3, 9, '2021-02-17'),
(4136, 1, 6, 4, 6, '2021-02-18'),
(4137, 5, 7, 5, 73, '2021-02-19'),
(4138, 4, 8, 6, 5, '2021-02-20'),
(4139, 3, 9, 7, 7, '2021-02-21'),
(4140, 2, 10, 8, 9, '2021-02-22'),
(4141, 5, 1, 9, 11, '2021-02-23'),
(4142, 4, 2, 10, 23, '2021-02-24'),
(4143, 3, 3, 11, 35, '2021-02-25'),
(4144, 2, 4, 12, 47, '2021-02-26'),
(4145, 5, 5, 13, 59, '2021-02-27'),
(4146, 4, 6, 14, 61, '2021-02-28'),
(4147, 3, 7, 15, 73, '0000-00-00'),
(4148, 2, 8, 16, 85, '2021-02-01'),
(4149, 5, 9, 17, 97, '2021-02-02'),
(4150, 4, 10, 18, 19, '2021-02-03'),
(4151, 3, 1, 19, 101, '2021-02-04'),
(4152, 4, 2, 20, 203, '2021-02-05'),
(4153, 5, 3, 21, 305, '2021-02-06'),
(4154, 2, 4, 22, 407, '2021-02-07'),
(4155, 1, 5, 23, 509, '2021-02-08'),
(4156, 3, 6, 24, 611, '2021-02-09'),
(4157, 4, 7, 25, 713, '2021-02-10'),
(4158, 2, 8, 26, 815, '2021-02-11'),
(4159, 5, 9, 27, 917, '2021-02-12'),
(4160, 1, 10, 28, 19, '2021-02-13'),
(4161, 2, 1, 1, 101, '2021-03-01'),
(4162, 4, 2, 2, 203, '2021-03-02'),
(4163, 3, 3, 3, 305, '2021-03-03'),
(4164, 5, 4, 4, 407, '2021-03-04'),
(4165, 2, 5, 5, 509, '2021-03-05'),
(4166, 4, 6, 6, 611, '2021-03-06'),
(4167, 3, 7, 7, 713, '2021-03-07'),
(4168, 5, 8, 8, 815, '2021-03-08'),
(4169, 2, 9, 9, 917, '2021-03-09'),
(4170, 4, 10, 10, 19, '2021-03-10'),
(4171, 3, 1, 11, 101, '2021-03-11'),
(4172, 2, 2, 12, 203, '2021-03-12'),
(4173, 5, 3, 13, 305, '2021-03-13'),
(4174, 4, 4, 14, 407, '2021-03-14'),
(4175, 2, 5, 15, 509, '2021-03-15'),
(4176, 4, 6, 16, 611, '2021-03-16'),
(4177, 3, 7, 17, 713, '2021-03-17'),
(4178, 5, 8, 18, 815, '2021-03-18'),
(4179, 2, 9, 19, 917, '2021-03-19'),
(4180, 4, 10, 20, 19, '2021-03-20'),
(4181, 3, 1, 21, 101, '2021-03-21'),
(4182, 5, 2, 22, 203, '2021-03-22'),
(4183, 2, 3, 23, 305, '2021-03-23'),
(4184, 4, 4, 24, 407, '2021-03-24'),
(4185, 3, 5, 25, 509, '2021-03-25'),
(4186, 5, 6, 26, 611, '2021-03-26'),
(4187, 2, 7, 27, 713, '2021-03-27'),
(4188, 4, 8, 28, 815, '2021-03-28'),
(4189, 3, 9, 29, 917, '2021-03-29'),
(4190, 5, 10, 30, 19, '2021-03-30'),
(4191, 2, 1, 31, 101, '2021-03-31'),
(4192, 4, 2, 32, 203, '2021-03-01'),
(4193, 3, 3, 33, 305, '2021-03-02'),
(4194, 5, 4, 34, 407, '2021-03-03'),
(4195, 2, 5, 35, 509, '2021-03-04'),
(4196, 4, 6, 36, 611, '2021-03-05'),
(4197, 3, 7, 1, 713, '2021-03-06'),
(4198, 5, 8, 2, 815, '2021-03-07'),
(4199, 2, 9, 3, 917, '2021-03-08'),
(4200, 4, 10, 4, 19, '2021-03-09'),
(4201, 3, 1, 5, 101, '2021-03-10'),
(4202, 5, 2, 6, 203, '2021-03-11'),
(4203, 2, 3, 7, 305, '2021-03-12'),
(4204, 4, 4, 8, 407, '2021-03-13'),
(4205, 3, 5, 9, 509, '2021-03-14'),
(4206, 5, 6, 10, 611, '2021-03-15'),
(4207, 2, 7, 11, 713, '2021-03-16'),
(4208, 4, 8, 12, 815, '2021-03-17'),
(4209, 3, 9, 13, 917, '2021-03-18'),
(4210, 5, 10, 14, 19, '2021-03-19'),
(4211, 2, 1, 15, 101, '2021-03-20'),
(4212, 4, 2, 16, 203, '2021-03-21'),
(4213, 3, 3, 17, 305, '2021-03-22'),
(4214, 5, 4, 18, 407, '2021-03-23'),
(4215, 2, 5, 19, 509, '2021-03-24'),
(4216, 4, 6, 20, 611, '2021-03-25'),
(4217, 3, 7, 21, 713, '2021-03-26'),
(4218, 5, 8, 22, 815, '2021-03-27'),
(4219, 2, 9, 23, 917, '2021-03-28'),
(4220, 4, 10, 24, 19, '2021-03-29'),
(4221, 3, 1, 25, 101, '2021-03-30'),
(4222, 5, 2, 26, 203, '2021-03-31'),
(4223, 2, 3, 27, 305, '2021-03-01'),
(4224, 4, 4, 28, 407, '2021-03-02'),
(4225, 3, 5, 29, 509, '2021-03-03'),
(4226, 5, 6, 30, 611, '2021-03-04'),
(4227, 2, 7, 31, 713, '2021-03-05'),
(4228, 4, 8, 1, 815, '2021-03-06'),
(4229, 3, 9, 2, 917, '2021-03-07'),
(4230, 5, 10, 3, 19, '2021-03-08'),
(4231, 2, 1, 4, 101, '2021-03-09'),
(4232, 4, 2, 5, 203, '2021-03-10'),
(4233, 3, 3, 6, 305, '2021-03-11'),
(4234, 5, 4, 7, 407, '2021-03-12'),
(4235, 2, 5, 8, 509, '2021-03-13'),
(4236, 4, 6, 9, 611, '2021-03-14'),
(4237, 3, 7, 10, 713, '2021-03-15'),
(4238, 5, 8, 11, 815, '2021-03-16'),
(4239, 2, 9, 12, 917, '2021-03-17'),
(4240, 4, 10, 13, 19, '2021-03-18'),
(4241, 3, 1, 14, 101, '2021-03-19'),
(4242, 5, 2, 15, 203, '2021-03-20'),
(4243, 2, 3, 16, 305, '2021-03-21'),
(4244, 4, 4, 17, 407, '2021-03-22'),
(4245, 3, 5, 18, 509, '2021-03-23'),
(4246, 5, 6, 19, 611, '2021-03-24'),
(4247, 2, 7, 20, 713, '2021-03-25'),
(4248, 4, 8, 21, 815, '2021-03-26'),
(4249, 3, 9, 22, 917, '2021-03-27'),
(4250, 5, 10, 23, 19, '2021-03-28'),
(4251, 3, 1, 24, 101, '2021-03-29'),
(4252, 5, 2, 25, 203, '2021-03-30'),
(4253, 2, 3, 26, 305, '2021-03-31'),
(4254, 4, 4, 27, 407, '2021-03-01'),
(4255, 3, 5, 28, 509, '2021-03-02'),
(4256, 5, 6, 29, 611, '2021-03-03'),
(4257, 2, 7, 30, 713, '2021-03-04'),
(4258, 4, 8, 31, 815, '2021-03-05'),
(4259, 3, 9, 1, 917, '2021-03-06'),
(4260, 5, 10, 2, 19, '2021-03-07'),
(4261, 2, 1, 3, 101, '2021-03-08'),
(4262, 4, 2, 4, 203, '2021-03-09'),
(4263, 3, 3, 5, 305, '2021-03-10'),
(4264, 5, 4, 6, 407, '2021-03-11'),
(4265, 2, 5, 7, 509, '2021-03-12'),
(4266, 4, 1, 1, 101, '2021-04-13'),
(4267, 3, 2, 2, 203, '2021-04-14'),
(4268, 5, 3, 3, 305, '2021-04-15'),
(4269, 2, 4, 4, 407, '2021-04-16'),
(4270, 4, 5, 5, 509, '2021-04-17'),
(4271, 3, 6, 6, 611, '2021-04-18'),
(4272, 5, 7, 7, 713, '2021-04-19'),
(4273, 2, 8, 8, 815, '2021-04-20'),
(4274, 4, 9, 9, 917, '2021-04-21'),
(4275, 3, 10, 10, 19, '2021-04-22'),
(4276, 5, 1, 11, 101, '2021-04-23'),
(4277, 2, 2, 12, 203, '2021-04-24'),
(4278, 4, 3, 13, 305, '2021-04-25'),
(4279, 3, 4, 14, 407, '2021-04-26'),
(4280, 5, 5, 15, 509, '2021-04-27'),
(4281, 2, 6, 16, 611, '2021-04-28'),
(4282, 4, 7, 17, 713, '2021-04-29'),
(4283, 3, 8, 18, 815, '2021-04-30'),
(4284, 5, 9, 19, 917, '2021-04-10'),
(4285, 2, 10, 20, 19, '2021-04-01'),
(4286, 4, 1, 21, 101, '2021-04-02'),
(4287, 3, 2, 22, 203, '2021-04-03'),
(4288, 5, 3, 23, 305, '2021-04-04'),
(4289, 2, 4, 24, 407, '2021-04-05'),
(4290, 4, 5, 25, 509, '2021-04-06'),
(4291, 3, 6, 26, 611, '2021-04-07'),
(4292, 5, 7, 27, 713, '2021-04-08'),
(4293, 2, 8, 28, 815, '2021-04-09'),
(4294, 4, 9, 29, 917, '2021-04-10'),
(4295, 3, 10, 30, 19, '2021-04-11'),
(4296, 5, 1, 31, 101, '2021-04-12'),
(4297, 2, 2, 32, 203, '2021-04-13'),
(4298, 4, 3, 33, 305, '2021-04-14'),
(4299, 3, 4, 34, 407, '2021-04-15'),
(4300, 5, 5, 35, 509, '2021-04-16'),
(4301, 2, 6, 36, 611, '2021-04-17'),
(4302, 4, 7, 1, 713, '2021-04-18'),
(4303, 3, 8, 2, 815, '2021-04-19'),
(4304, 5, 9, 3, 917, '2021-04-20'),
(4305, 2, 10, 4, 19, '2021-04-21'),
(4306, 4, 1, 5, 101, '2021-04-22'),
(4307, 3, 2, 6, 203, '2021-04-23'),
(4308, 5, 3, 7, 305, '2021-04-24'),
(4309, 2, 4, 8, 407, '2021-04-25'),
(4310, 4, 5, 9, 509, '2021-04-26'),
(4311, 3, 6, 10, 611, '2021-04-27'),
(4312, 5, 7, 11, 713, '2021-04-28'),
(4313, 2, 8, 12, 815, '2021-04-29'),
(4314, 4, 9, 13, 917, '2021-04-30'),
(4315, 3, 10, 14, 19, '2021-04-30'),
(4316, 5, 1, 15, 101, '2021-04-01'),
(4317, 2, 2, 16, 203, '2021-04-02'),
(4318, 4, 3, 17, 305, '2021-04-03'),
(4319, 3, 4, 18, 407, '2021-04-04'),
(4320, 5, 5, 19, 509, '2021-04-05'),
(4321, 2, 6, 20, 611, '2021-04-06'),
(4322, 4, 7, 21, 713, '2021-04-07'),
(4323, 3, 8, 22, 815, '2021-04-08'),
(4324, 5, 9, 23, 917, '2021-04-09'),
(4325, 2, 10, 24, 19, '2021-04-10'),
(4326, 4, 1, 25, 101, '2021-04-11'),
(4327, 3, 2, 26, 203, '2021-04-12'),
(4328, 5, 3, 27, 305, '2021-04-13'),
(4329, 2, 4, 28, 407, '2021-04-14'),
(4330, 4, 5, 29, 509, '2021-04-15'),
(4331, 3, 6, 30, 611, '2021-04-16'),
(4332, 5, 7, 31, 713, '2021-04-17'),
(4333, 2, 8, 32, 815, '2021-04-18'),
(4334, 4, 9, 33, 917, '2021-04-19'),
(4335, 3, 10, 34, 19, '2021-04-20'),
(4336, 5, 1, 35, 101, '2021-04-21'),
(4337, 2, 2, 36, 203, '2021-04-22'),
(4338, 4, 3, 1, 305, '2021-04-23');
INSERT INTO `satislar` (`satis_id`, `satis_adedi`, `sube_id`, `urun_id`, `musteri_id`, `satis_tarihi`) VALUES
(4339, 3, 4, 2, 407, '2021-04-24'),
(4340, 5, 5, 3, 509, '2021-04-25'),
(4341, 2, 6, 4, 611, '2021-04-26'),
(4342, 4, 7, 5, 713, '2021-04-27'),
(4343, 3, 8, 6, 815, '2021-04-28'),
(4344, 5, 9, 7, 917, '2021-04-29'),
(4345, 2, 10, 8, 19, '2021-04-30'),
(4346, 4, 1, 9, 101, '2021-04-30'),
(4347, 3, 2, 10, 203, '2021-04-01'),
(4348, 5, 3, 11, 305, '2021-04-02'),
(4349, 2, 4, 12, 407, '2021-04-03'),
(4350, 4, 5, 13, 509, '2021-04-04'),
(4351, 4, 6, 14, 611, '2021-04-05'),
(4352, 2, 7, 15, 713, '2021-04-06'),
(4353, 5, 8, 16, 815, '2021-04-07'),
(4354, 3, 9, 17, 917, '2021-04-08'),
(4355, 4, 10, 18, 19, '2021-04-09'),
(4356, 2, 1, 19, 101, '2021-04-10'),
(4357, 5, 2, 20, 203, '2021-04-11'),
(4358, 3, 3, 21, 305, '2021-04-12'),
(4359, 4, 4, 22, 407, '2021-04-13'),
(4360, 2, 5, 23, 509, '2021-04-14'),
(4361, 5, 6, 24, 611, '2021-04-15'),
(4362, 3, 7, 25, 713, '2021-04-16'),
(4363, 4, 8, 26, 815, '2021-04-17'),
(4364, 2, 9, 27, 917, '2021-04-18'),
(4365, 5, 10, 28, 19, '2021-04-19'),
(4366, 4, 1, 29, 101, '2021-04-20'),
(4367, 3, 2, 30, 203, '2021-04-21'),
(4368, 5, 3, 31, 305, '2021-04-22'),
(4369, 2, 4, 32, 407, '2021-04-23'),
(4370, 4, 5, 33, 509, '2021-04-24'),
(4371, 3, 6, 34, 611, '2021-04-25'),
(4372, 5, 7, 35, 713, '2021-04-26'),
(4373, 2, 8, 36, 815, '2021-04-27'),
(4374, 4, 9, 1, 917, '2021-04-28'),
(4375, 3, 10, 2, 19, '2021-04-29'),
(4376, 3, 1, 3, 101, '2021-04-30'),
(4377, 4, 2, 4, 203, '2021-04-30'),
(4378, 5, 3, 5, 305, '2021-04-01'),
(4379, 2, 4, 6, 407, '2021-04-02'),
(4380, 4, 5, 7, 509, '2021-04-03'),
(4381, 3, 1, 8, 101, '2021-05-01'),
(4382, 5, 2, 9, 203, '2021-05-02'),
(4383, 4, 3, 10, 305, '2021-05-03'),
(4384, 2, 4, 11, 407, '2021-05-04'),
(4385, 3, 5, 12, 509, '2021-05-05'),
(4386, 4, 6, 13, 611, '2021-05-06'),
(4387, 5, 7, 14, 713, '2021-05-07'),
(4388, 2, 8, 15, 815, '2021-05-08'),
(4389, 3, 9, 16, 917, '2021-05-09'),
(4390, 4, 10, 17, 101, '2021-05-10'),
(4391, 5, 1, 18, 203, '2021-05-11'),
(4392, 3, 2, 19, 305, '2021-05-12'),
(4393, 4, 3, 20, 407, '2021-05-13'),
(4394, 2, 4, 21, 509, '2021-05-14'),
(4395, 5, 5, 22, 611, '2021-05-15'),
(4396, 3, 6, 23, 713, '2021-05-16'),
(4397, 4, 7, 24, 815, '2021-05-17'),
(4398, 2, 8, 25, 917, '2021-05-18'),
(4399, 5, 9, 26, 101, '2021-05-19'),
(4400, 3, 10, 27, 203, '2021-05-20'),
(4401, 4, 1, 28, 305, '2021-05-21'),
(4402, 2, 2, 29, 407, '2021-05-22'),
(4403, 5, 3, 30, 509, '2021-05-23'),
(4404, 3, 4, 31, 611, '2021-05-24'),
(4405, 4, 5, 32, 713, '2021-05-25'),
(4406, 2, 6, 33, 815, '2021-05-26'),
(4407, 5, 7, 34, 917, '2021-05-27'),
(4408, 3, 8, 35, 101, '2021-05-28'),
(4409, 4, 9, 36, 203, '2021-05-29'),
(4410, 2, 10, 1, 305, '2021-05-30'),
(4411, 5, 1, 2, 407, '2021-05-31'),
(4412, 3, 2, 3, 509, '2021-05-01'),
(4413, 4, 3, 4, 611, '2021-05-02'),
(4414, 2, 4, 5, 713, '2021-05-03'),
(4415, 5, 5, 6, 815, '2021-05-04'),
(4416, 3, 6, 7, 917, '2021-05-05'),
(4417, 4, 7, 8, 101, '2021-05-06'),
(4418, 2, 8, 9, 203, '2021-05-07'),
(4419, 5, 9, 10, 305, '2021-05-08'),
(4420, 3, 10, 11, 407, '2021-05-09'),
(4421, 4, 1, 12, 509, '2021-05-10'),
(4422, 2, 2, 13, 611, '2021-05-11'),
(4423, 5, 3, 14, 713, '2021-05-12'),
(4424, 3, 4, 15, 815, '2021-05-13'),
(4425, 4, 5, 16, 917, '2021-05-14'),
(4426, 2, 6, 17, 101, '2021-05-15'),
(4427, 5, 7, 18, 203, '2021-05-16'),
(4428, 3, 8, 19, 305, '2021-05-17'),
(4429, 4, 9, 20, 407, '2021-05-18'),
(4430, 2, 10, 21, 509, '2021-05-19'),
(4431, 5, 1, 22, 611, '2021-05-20'),
(4432, 3, 2, 23, 713, '2021-05-21'),
(4433, 4, 3, 24, 815, '2021-05-22'),
(4434, 2, 4, 25, 917, '2021-05-23'),
(4435, 5, 5, 26, 101, '2021-05-24'),
(4436, 3, 6, 27, 203, '2021-05-25'),
(4437, 4, 7, 28, 305, '2021-05-26'),
(4438, 2, 8, 29, 407, '2021-05-27'),
(4439, 5, 9, 30, 509, '2021-05-28'),
(4440, 3, 10, 31, 611, '2021-05-29'),
(4441, 4, 1, 32, 713, '2021-05-30'),
(4442, 2, 2, 33, 815, '2021-05-31'),
(4443, 5, 3, 34, 917, '2021-05-01'),
(4444, 3, 4, 35, 101, '2021-05-02'),
(4445, 4, 5, 36, 203, '2021-05-03'),
(4446, 2, 6, 1, 305, '2021-05-04'),
(4447, 5, 7, 2, 407, '2021-05-05'),
(4448, 3, 8, 3, 509, '2021-05-06'),
(4449, 4, 9, 4, 611, '2021-05-07'),
(4450, 2, 10, 5, 713, '2021-05-08'),
(4451, 5, 1, 6, 815, '2021-05-09'),
(4452, 3, 2, 7, 917, '2021-05-10'),
(4453, 4, 3, 8, 101, '2021-05-11'),
(4454, 2, 4, 9, 203, '2021-05-12'),
(4455, 5, 5, 10, 305, '2021-05-13'),
(4456, 3, 6, 11, 407, '2021-05-14'),
(4457, 4, 7, 12, 509, '2021-05-15'),
(4458, 2, 8, 13, 611, '2021-05-16'),
(4459, 5, 9, 14, 713, '2021-05-17'),
(4460, 3, 10, 15, 815, '2021-05-18'),
(4461, 4, 1, 16, 917, '2021-05-19'),
(4462, 2, 2, 17, 101, '2021-05-20'),
(4463, 5, 3, 18, 203, '2021-05-21'),
(4464, 3, 4, 19, 305, '2021-05-22'),
(4465, 4, 5, 20, 407, '2021-05-23'),
(4466, 2, 6, 21, 509, '2021-05-24'),
(4467, 5, 7, 22, 611, '2021-05-25'),
(4468, 3, 8, 23, 713, '2021-05-26'),
(4469, 4, 9, 24, 815, '2021-05-27'),
(4470, 2, 10, 25, 917, '2021-05-28'),
(4471, 4, 1, 26, 101, '2021-05-29'),
(4472, 3, 2, 27, 203, '2021-05-30'),
(4473, 5, 3, 28, 305, '2021-05-31'),
(4474, 2, 4, 29, 407, '2021-05-01'),
(4475, 4, 5, 30, 509, '2021-05-02'),
(4476, 3, 6, 31, 611, '2021-05-03'),
(4477, 5, 7, 1, 713, '2021-05-04'),
(4478, 2, 8, 2, 815, '2021-05-05'),
(4479, 4, 9, 3, 917, '2021-05-06'),
(4480, 3, 10, 4, 101, '2021-05-07'),
(4481, 3, 1, 5, 101, '2021-06-01'),
(4482, 2, 2, 6, 203, '2021-06-02'),
(4483, 4, 3, 7, 305, '2021-06-03'),
(4484, 5, 4, 8, 407, '2021-06-04'),
(4485, 1, 5, 9, 509, '2021-06-05'),
(4486, 3, 6, 10, 611, '2021-06-06'),
(4487, 4, 7, 11, 713, '2021-06-07'),
(4488, 2, 8, 12, 815, '2021-06-08'),
(4489, 3, 9, 13, 917, '2021-06-09'),
(4490, 5, 10, 14, 101, '2021-06-10'),
(4491, 2, 1, 15, 203, '2021-06-11'),
(4492, 4, 2, 16, 305, '2021-06-12'),
(4493, 1, 3, 17, 407, '2021-06-13'),
(4494, 3, 4, 18, 509, '2021-06-14'),
(4495, 4, 5, 19, 611, '2021-06-15'),
(4496, 2, 6, 20, 713, '2021-06-16'),
(4497, 5, 7, 21, 815, '2021-06-17'),
(4498, 3, 8, 22, 917, '2021-06-18'),
(4499, 4, 9, 23, 101, '2021-06-19'),
(4500, 1, 10, 24, 203, '2021-06-20'),
(4501, 2, 1, 25, 305, '2021-06-21'),
(4502, 3, 2, 26, 407, '2021-06-22'),
(4503, 4, 3, 27, 509, '2021-06-23'),
(4504, 1, 4, 28, 611, '2021-06-24'),
(4505, 5, 5, 29, 713, '2021-06-25'),
(4506, 2, 6, 30, 815, '2021-06-26'),
(4507, 3, 7, 31, 917, '2021-06-27'),
(4508, 4, 8, 32, 101, '2021-06-28'),
(4509, 5, 9, 33, 203, '2021-06-29'),
(4510, 3, 10, 34, 305, '2021-06-30'),
(4511, 1, 1, 35, 407, '2021-06-01'),
(4512, 4, 2, 36, 509, '2021-06-02'),
(4513, 2, 3, 5, 611, '2021-06-03'),
(4514, 3, 4, 6, 713, '2021-06-04'),
(4515, 4, 5, 7, 815, '2021-06-05'),
(4516, 2, 6, 8, 917, '2021-06-06'),
(4517, 3, 7, 9, 101, '2021-06-07'),
(4518, 4, 8, 10, 203, '2021-06-08'),
(4519, 1, 9, 11, 305, '2021-06-09'),
(4520, 5, 10, 12, 407, '2021-06-10'),
(4521, 3, 1, 13, 509, '2021-06-11'),
(4522, 4, 2, 14, 611, '2021-06-12'),
(4523, 2, 3, 15, 713, '2021-06-13'),
(4524, 1, 4, 16, 815, '2021-06-14'),
(4525, 4, 5, 17, 917, '2021-06-15'),
(4526, 3, 6, 18, 101, '2021-06-16'),
(4527, 2, 7, 19, 203, '2021-06-17'),
(4528, 5, 8, 20, 305, '2021-06-18'),
(4529, 1, 9, 21, 407, '2021-06-19'),
(4530, 4, 10, 22, 509, '2021-06-20'),
(4531, 3, 1, 23, 611, '2021-06-21'),
(4532, 2, 2, 24, 713, '2021-06-22'),
(4533, 1, 3, 25, 815, '2021-06-23'),
(4534, 4, 4, 26, 917, '2021-06-24'),
(4535, 3, 5, 27, 101, '2021-06-25'),
(4536, 2, 6, 28, 203, '2021-06-26'),
(4537, 5, 7, 29, 305, '2021-06-27'),
(4538, 1, 8, 30, 407, '2021-06-28'),
(4539, 4, 9, 31, 509, '2021-06-29'),
(4540, 3, 10, 32, 611, '2021-06-30'),
(4541, 3, 1, 4, 102, '2021-06-01'),
(4542, 5, 2, 5, 204, '2021-06-02'),
(4543, 2, 3, 6, 306, '2021-06-03'),
(4544, 4, 4, 7, 408, '2021-06-04'),
(4545, 3, 5, 8, 510, '2021-06-05'),
(4546, 2, 6, 9, 612, '2021-06-06'),
(4547, 1, 7, 10, 714, '2021-06-07'),
(4548, 4, 8, 11, 816, '2021-06-08'),
(4549, 3, 9, 12, 918, '2021-06-09'),
(4550, 2, 10, 13, 102, '2021-06-10'),
(4551, 5, 1, 14, 204, '2021-06-11'),
(4552, 4, 2, 15, 306, '2021-06-12'),
(4553, 3, 3, 16, 408, '2021-06-13'),
(4554, 2, 4, 17, 510, '2021-06-14'),
(4555, 5, 5, 18, 612, '2021-06-15'),
(4556, 4, 6, 19, 714, '2021-06-16'),
(4557, 3, 7, 20, 816, '2021-06-17'),
(4558, 2, 8, 21, 918, '2021-06-18'),
(4559, 1, 9, 22, 102, '2021-06-19'),
(4560, 4, 10, 23, 204, '2021-06-20'),
(4561, 3, 1, 24, 306, '2021-06-21'),
(4562, 2, 2, 25, 408, '2021-06-22'),
(4563, 1, 3, 26, 510, '2021-06-23'),
(4564, 5, 4, 27, 612, '2021-06-24'),
(4565, 4, 5, 28, 714, '2021-06-25'),
(4566, 3, 6, 29, 816, '2021-06-26'),
(4567, 2, 7, 30, 918, '2021-06-27'),
(4568, 1, 8, 31, 102, '2021-06-28'),
(4569, 5, 9, 32, 204, '2021-06-29'),
(4570, 4, 10, 33, 306, '2021-06-30'),
(4571, 3, 1, 34, 408, '2021-06-01'),
(4572, 2, 2, 35, 510, '2021-06-02'),
(4573, 1, 3, 36, 612, '2021-06-03'),
(4574, 5, 4, 1, 714, '2021-06-04'),
(4575, 4, 5, 2, 816, '2021-06-05'),
(4576, 3, 6, 3, 918, '2021-06-06'),
(4577, 2, 7, 4, 102, '2021-06-07'),
(4578, 3, 8, 5, 820, '2021-06-01'),
(4579, 2, 9, 7, 915, '2021-06-02'),
(4580, 4, 10, 9, 101, '2021-06-03'),
(4581, 5, 1, 11, 204, '2021-06-04'),
(4582, 3, 2, 13, 310, '2021-06-05'),
(4583, 2, 3, 15, 415, '2021-06-06'),
(4584, 1, 4, 17, 520, '2021-06-07'),
(4585, 4, 5, 19, 625, '2021-06-08'),
(4586, 5, 6, 21, 730, '2021-06-09'),
(4587, 3, 7, 23, 835, '2021-06-10'),
(4588, 2, 8, 25, 940, '2021-06-11'),
(4589, 1, 9, 27, 50, '2021-06-12'),
(4590, 4, 10, 29, 155, '2021-06-13'),
(4591, 3, 1, 2, 203, '2021-07-01'),
(4592, 5, 2, 4, 307, '2021-07-02'),
(4593, 4, 3, 6, 411, '2021-07-03'),
(4594, 2, 4, 8, 515, '2021-07-04'),
(4595, 3, 5, 10, 619, '2021-07-05'),
(4596, 1, 6, 12, 723, '2021-07-06'),
(4597, 4, 7, 14, 827, '2021-07-07'),
(4598, 5, 8, 16, 931, '2021-07-08'),
(4599, 3, 9, 18, 103, '2021-07-09'),
(4600, 2, 10, 20, 207, '2021-07-10'),
(4601, 4, 1, 22, 311, '2021-07-11'),
(4602, 3, 2, 24, 415, '2021-07-12'),
(4603, 1, 3, 26, 519, '2021-07-13'),
(4604, 4, 4, 28, 623, '2021-07-14'),
(4605, 5, 5, 30, 727, '2021-07-15'),
(4606, 2, 6, 32, 831, '2021-07-16'),
(4607, 3, 7, 34, 935, '2021-07-17'),
(4608, 1, 8, 36, 103, '2021-07-18'),
(4609, 4, 9, 1, 207, '2021-07-19'),
(4610, 5, 10, 3, 311, '2021-07-20'),
(4611, 2, 1, 5, 415, '2021-07-21'),
(4612, 3, 2, 7, 519, '2021-07-22'),
(4613, 1, 3, 9, 623, '2021-07-23'),
(4614, 4, 4, 11, 727, '2021-07-24'),
(4615, 5, 5, 13, 831, '2021-07-25'),
(4616, 3, 6, 15, 935, '2021-07-26'),
(4617, 2, 7, 17, 103, '2021-07-27'),
(4618, 1, 8, 19, 207, '2021-07-28'),
(4619, 4, 9, 21, 311, '2021-07-29'),
(4620, 5, 10, 23, 415, '2021-07-30'),
(4621, 2, 1, 25, 519, '2021-07-31'),
(4622, 3, 2, 27, 623, '2021-07-01'),
(4623, 1, 3, 29, 727, '2021-07-02'),
(4624, 4, 4, 31, 831, '2021-07-03'),
(4625, 5, 5, 1, 935, '2021-07-04'),
(4626, 3, 6, 3, 103, '2021-07-05'),
(4627, 2, 7, 5, 207, '2021-07-06'),
(4628, 1, 8, 7, 311, '2021-07-07'),
(4629, 4, 9, 9, 415, '2021-07-08'),
(4630, 5, 10, 11, 519, '2021-07-09'),
(4631, 2, 1, 13, 623, '2021-07-10'),
(4632, 3, 2, 15, 727, '2021-07-11'),
(4633, 1, 3, 17, 831, '2021-07-12'),
(4634, 4, 4, 19, 935, '2021-07-13'),
(4635, 5, 5, 21, 103, '2021-07-14'),
(4636, 3, 6, 23, 207, '2021-07-15'),
(4637, 2, 7, 25, 311, '2021-07-16'),
(4638, 1, 8, 27, 415, '2021-07-17'),
(4639, 4, 9, 29, 519, '2021-07-18'),
(4640, 5, 10, 31, 623, '2021-07-19'),
(4641, 2, 1, 33, 727, '2021-07-20'),
(4642, 3, 2, 35, 831, '2021-07-21'),
(4643, 1, 3, 1, 935, '2021-07-22'),
(4644, 4, 4, 3, 103, '2021-07-23'),
(4645, 5, 5, 5, 207, '2021-07-24'),
(4646, 3, 6, 7, 311, '2021-07-25'),
(4647, 2, 7, 9, 415, '2021-07-26'),
(4648, 1, 8, 11, 519, '2021-07-27'),
(4649, 4, 9, 13, 623, '2021-07-28'),
(4650, 5, 10, 15, 727, '2021-07-29'),
(4651, 3, 1, 17, 831, '2021-07-30'),
(4652, 2, 2, 19, 935, '2021-07-31'),
(4653, 1, 3, 21, 103, '2021-07-01'),
(4654, 4, 4, 23, 207, '2021-07-02'),
(4655, 5, 5, 25, 311, '2021-07-03'),
(4656, 3, 6, 27, 415, '2021-07-04'),
(4657, 2, 7, 29, 519, '2021-07-05'),
(4658, 1, 8, 31, 623, '2021-07-06'),
(4659, 4, 9, 33, 727, '2021-07-07'),
(4660, 5, 10, 35, 831, '2021-07-08'),
(4661, 3, 1, 6, 203, '2021-07-09'),
(4662, 2, 2, 8, 307, '2021-07-10'),
(4663, 4, 3, 10, 411, '2021-07-11'),
(4664, 5, 4, 12, 515, '2021-07-12'),
(4665, 1, 5, 14, 619, '2021-07-13'),
(4666, 3, 6, 16, 723, '2021-07-14'),
(4667, 4, 7, 18, 827, '2021-07-15'),
(4668, 2, 8, 20, 931, '2021-07-16'),
(4669, 1, 9, 22, 103, '2021-07-17'),
(4670, 4, 10, 24, 207, '2021-07-18'),
(4671, 5, 1, 26, 311, '2021-07-19'),
(4672, 3, 2, 28, 415, '2021-07-20'),
(4673, 1, 3, 30, 519, '2021-07-21'),
(4674, 4, 4, 32, 623, '2021-07-22'),
(4675, 2, 5, 34, 727, '2021-07-23'),
(4676, 3, 6, 36, 831, '2021-07-24'),
(4677, 5, 7, 2, 935, '2021-07-25'),
(4678, 4, 8, 4, 103, '2021-07-26'),
(4679, 3, 9, 6, 207, '2021-07-27'),
(4680, 1, 10, 8, 311, '2021-07-28'),
(4681, 2, 1, 10, 415, '2021-07-29'),
(4682, 4, 2, 12, 519, '2021-07-30'),
(4683, 3, 3, 14, 623, '2021-07-31'),
(4684, 5, 4, 16, 727, '2021-07-01'),
(4685, 1, 5, 18, 831, '2021-07-02'),
(4686, 4, 6, 20, 935, '2021-07-03'),
(4687, 2, 7, 22, 103, '2021-07-04'),
(4688, 3, 8, 24, 207, '2021-07-05'),
(4689, 5, 9, 26, 311, '2021-07-06'),
(4690, 1, 10, 28, 415, '2021-07-07'),
(4691, 4, 1, 30, 519, '2021-07-08'),
(4692, 2, 2, 32, 623, '2021-07-09'),
(4693, 3, 3, 34, 727, '2021-07-10'),
(4694, 5, 4, 36, 831, '2021-07-11'),
(4695, 4, 5, 2, 935, '2021-07-12'),
(4696, 3, 6, 4, 103, '2021-07-13'),
(4697, 1, 7, 6, 207, '2021-07-14'),
(4698, 4, 8, 8, 311, '2021-07-15'),
(4699, 2, 9, 10, 415, '2021-07-16'),
(4700, 3, 10, 12, 519, '2021-07-17'),
(4701, 1, 1, 14, 623, '2021-07-18'),
(4702, 5, 2, 16, 727, '2021-07-19'),
(4703, 2, 3, 18, 831, '2021-07-20'),
(4704, 4, 4, 20, 935, '2021-07-21'),
(4705, 3, 5, 22, 103, '2021-07-22'),
(4706, 1, 6, 24, 207, '2021-07-23'),
(4707, 4, 7, 26, 311, '2021-07-24'),
(4708, 5, 8, 28, 415, '2021-07-25'),
(4709, 3, 9, 30, 519, '2021-07-26'),
(4710, 1, 10, 32, 623, '2021-07-27'),
(4711, 2, 1, 34, 727, '2021-07-28'),
(4712, 4, 2, 36, 831, '2021-07-29'),
(4713, 5, 3, 2, 935, '2021-07-30'),
(4714, 3, 4, 4, 103, '2021-07-31'),
(4715, 2, 5, 6, 207, '2021-07-01'),
(4716, 1, 6, 8, 311, '2021-07-02'),
(4717, 4, 7, 10, 415, '2021-07-03'),
(4718, 3, 8, 12, 519, '2021-07-04'),
(4719, 1, 9, 14, 623, '2021-07-05'),
(4720, 5, 10, 16, 727, '2021-07-06'),
(4721, 3, 1, 5, 200, '2021-08-01'),
(4722, 2, 2, 7, 301, '2021-08-02'),
(4723, 4, 3, 9, 402, '2021-08-03'),
(4724, 5, 4, 11, 503, '2021-08-04'),
(4725, 1, 5, 13, 604, '2021-08-05'),
(4726, 3, 6, 15, 705, '2021-08-06'),
(4727, 2, 7, 17, 806, '2021-08-07'),
(4728, 4, 8, 19, 907, '2021-08-08'),
(4729, 5, 9, 21, 1008, '2021-08-09'),
(4730, 1, 10, 23, 109, '2021-08-10'),
(4731, 3, 1, 25, 210, '2021-08-11'),
(4732, 2, 2, 27, 311, '2021-08-12'),
(4733, 4, 3, 29, 412, '2021-08-13'),
(4734, 5, 4, 31, 513, '2021-08-14'),
(4735, 1, 5, 33, 614, '2021-08-15'),
(4736, 3, 6, 35, 715, '2021-08-16'),
(4737, 2, 7, 2, 816, '2021-08-17'),
(4738, 4, 8, 4, 917, '2021-08-18'),
(4739, 5, 9, 6, 101, '2021-08-19'),
(4740, 1, 10, 8, 119, '2021-08-20'),
(4741, 3, 1, 10, 220, '2021-08-21'),
(4742, 2, 2, 12, 321, '2021-08-22'),
(4743, 4, 3, 14, 422, '2021-08-23'),
(4744, 5, 4, 16, 523, '2021-08-24'),
(4745, 1, 5, 18, 624, '2021-08-25'),
(4746, 3, 6, 20, 725, '2021-08-26'),
(4747, 2, 7, 22, 826, '2021-08-27'),
(4748, 4, 8, 24, 927, '2021-08-28'),
(4749, 5, 9, 26, 102, '2021-08-29'),
(4750, 1, 10, 28, 129, '2021-08-30'),
(4751, 3, 1, 30, 230, '2021-08-31'),
(4752, 2, 2, 32, 331, '2021-08-01'),
(4753, 4, 3, 34, 432, '2021-08-02'),
(4754, 5, 4, 36, 533, '2021-08-03'),
(4755, 1, 5, 1, 634, '2021-08-04'),
(4756, 3, 6, 3, 735, '2021-08-05'),
(4757, 2, 7, 5, 836, '2021-08-06'),
(4758, 4, 8, 7, 937, '2021-08-07'),
(4759, 5, 9, 9, 103, '2021-08-08'),
(4760, 1, 10, 11, 139, '2021-08-09'),
(4761, 3, 1, 13, 240, '2021-08-10'),
(4762, 2, 2, 15, 341, '2021-08-11'),
(4763, 4, 3, 17, 442, '2021-08-12'),
(4764, 5, 4, 19, 543, '2021-08-13'),
(4765, 1, 5, 21, 644, '2021-08-14'),
(4766, 3, 6, 23, 745, '2021-08-15'),
(4767, 2, 7, 25, 846, '2021-08-16'),
(4768, 4, 8, 27, 947, '2021-08-17'),
(4769, 5, 9, 29, 104, '2021-08-18'),
(4770, 1, 10, 31, 149, '2021-08-19'),
(4771, 3, 1, 2, 250, '2021-08-20'),
(4772, 2, 2, 4, 351, '2021-08-21'),
(4773, 4, 3, 6, 452, '2021-08-22'),
(4774, 5, 4, 8, 553, '2021-08-23'),
(4775, 1, 5, 10, 654, '2021-08-24'),
(4776, 3, 6, 12, 755, '2021-08-25'),
(4777, 2, 7, 14, 856, '2021-08-26'),
(4778, 4, 8, 16, 957, '2021-08-27'),
(4779, 5, 9, 18, 105, '2021-08-28'),
(4780, 1, 10, 20, 159, '2021-08-29'),
(4781, 3, 1, 22, 260, '2021-08-30'),
(4782, 2, 2, 24, 361, '2021-08-31'),
(4783, 4, 3, 26, 462, '2021-08-01'),
(4784, 5, 4, 28, 563, '2021-08-02'),
(4785, 1, 5, 30, 664, '2021-08-03'),
(4786, 3, 6, 32, 765, '2021-08-04'),
(4787, 2, 7, 34, 866, '2021-08-05'),
(4788, 4, 8, 36, 967, '2021-08-06'),
(4789, 5, 9, 1, 106, '2021-08-07'),
(4790, 1, 10, 3, 169, '2021-08-08'),
(4791, 3, 1, 5, 270, '2021-08-09'),
(4792, 2, 2, 7, 371, '2021-08-10'),
(4793, 4, 3, 9, 472, '2021-08-11'),
(4794, 5, 4, 11, 573, '2021-08-12'),
(4795, 1, 5, 13, 674, '2021-08-13'),
(4796, 3, 6, 15, 775, '2021-08-14'),
(4797, 2, 7, 17, 876, '2021-08-15'),
(4798, 4, 8, 19, 977, '2021-08-16'),
(4799, 5, 9, 21, 108, '2021-08-17'),
(4800, 1, 10, 23, 179, '2021-08-18'),
(4801, 3, 1, 25, 180, '2021-08-19'),
(4802, 2, 2, 27, 121, '2021-08-20'),
(4803, 4, 3, 29, 182, '2021-08-21'),
(4804, 5, 4, 31, 148, '2021-08-22'),
(4805, 1, 5, 33, 158, '2021-08-23'),
(4806, 3, 6, 35, 165, '2021-08-24'),
(4807, 2, 7, 2, 176, '2021-08-25'),
(4808, 4, 8, 4, 187, '2021-08-26'),
(4809, 5, 9, 6, 188, '2021-08-27'),
(4810, 1, 10, 8, 29, '2021-08-28'),
(4811, 3, 1, 10, 210, '2021-08-29'),
(4812, 2, 2, 12, 291, '2021-08-30'),
(4813, 4, 3, 14, 232, '2021-08-31'),
(4814, 5, 4, 16, 243, '2021-08-01'),
(4815, 1, 5, 18, 294, '2021-08-02'),
(4816, 3, 6, 20, 295, '2021-08-03'),
(4817, 2, 7, 22, 296, '2021-08-04'),
(4818, 4, 8, 24, 287, '2021-08-05'),
(4819, 5, 9, 26, 298, '2021-08-06'),
(4820, 1, 10, 28, 399, '2021-08-07'),
(4821, 3, 1, 10, 1012, '2021-09-01'),
(4822, 4, 2, 12, 1003, '2021-09-02'),
(4823, 5, 3, 14, 999, '2021-09-03'),
(4824, 1, 4, 16, 987, '2021-09-04'),
(4825, 2, 5, 18, 976, '2021-09-05'),
(4826, 3, 6, 20, 965, '2021-09-06'),
(4827, 4, 7, 22, 954, '2021-09-07'),
(4828, 5, 8, 24, 943, '2021-09-08'),
(4829, 1, 9, 26, 932, '2021-09-09'),
(4830, 2, 10, 28, 921, '2021-09-10'),
(4831, 3, 1, 30, 910, '2021-09-11'),
(4832, 4, 2, 2, 899, '2021-09-12'),
(4833, 5, 3, 4, 888, '2021-09-13'),
(4834, 1, 4, 6, 877, '2021-09-14'),
(4835, 2, 5, 8, 866, '2021-09-15'),
(4836, 3, 6, 10, 855, '2021-09-16'),
(4837, 4, 7, 12, 844, '2021-09-17'),
(4838, 5, 8, 14, 833, '2021-09-18'),
(4839, 1, 9, 16, 822, '2021-09-19'),
(4840, 2, 10, 18, 811, '2021-09-20'),
(4841, 3, 1, 20, 800, '2021-09-21'),
(4842, 4, 2, 22, 789, '2021-09-22'),
(4843, 5, 3, 24, 778, '2021-09-23'),
(4844, 1, 4, 26, 767, '2021-09-24'),
(4845, 2, 5, 28, 756, '2021-09-25'),
(4846, 3, 6, 30, 745, '2021-09-26'),
(4847, 4, 7, 2, 734, '2021-09-27'),
(4848, 5, 8, 4, 723, '2021-09-28'),
(4849, 1, 9, 6, 712, '2021-09-29'),
(4850, 2, 10, 8, 701, '2021-09-30'),
(4851, 3, 1, 10, 690, '2021-09-01'),
(4852, 4, 2, 12, 679, '2021-09-02'),
(4853, 5, 3, 14, 668, '2021-09-03'),
(4854, 1, 4, 16, 657, '2021-09-04'),
(4855, 2, 5, 18, 646, '2021-09-05'),
(4856, 3, 6, 20, 635, '2021-09-06'),
(4857, 4, 7, 22, 624, '2021-09-07'),
(4858, 5, 8, 24, 613, '2021-09-08'),
(4859, 1, 9, 26, 602, '2021-09-09'),
(4860, 2, 10, 28, 591, '2021-09-10'),
(4861, 3, 1, 30, 580, '2021-09-11'),
(4862, 4, 2, 2, 569, '2021-09-12'),
(4863, 5, 3, 4, 558, '2021-09-13'),
(4864, 1, 4, 6, 547, '2021-09-14'),
(4865, 2, 5, 8, 536, '2021-09-15'),
(4866, 3, 6, 10, 525, '2021-09-16'),
(4867, 4, 7, 12, 514, '2021-09-17'),
(4868, 5, 8, 14, 503, '2021-09-18'),
(4869, 1, 9, 16, 492, '2021-09-19'),
(4870, 2, 10, 18, 481, '2021-09-20'),
(4871, 3, 1, 20, 470, '2021-09-21'),
(4872, 4, 2, 22, 459, '2021-09-22'),
(4873, 5, 3, 24, 448, '2021-09-23'),
(4874, 1, 4, 26, 437, '2021-09-24'),
(4875, 2, 5, 28, 426, '2021-09-25'),
(4876, 3, 6, 30, 415, '2021-09-26'),
(4877, 4, 7, 2, 404, '2021-09-27'),
(4878, 5, 8, 4, 393, '2021-09-28'),
(4879, 1, 9, 6, 382, '2021-09-29'),
(4880, 2, 10, 8, 371, '2021-09-30'),
(4881, 3, 1, 10, 360, '2021-09-01'),
(4882, 4, 2, 12, 349, '2021-09-02'),
(4883, 5, 3, 14, 338, '2021-09-03'),
(4884, 1, 4, 16, 327, '2021-09-04'),
(4885, 2, 5, 18, 316, '2021-09-05'),
(4886, 3, 6, 20, 305, '2021-09-06'),
(4887, 4, 7, 22, 294, '2021-09-07'),
(4888, 5, 8, 24, 283, '2021-09-08'),
(4889, 1, 9, 26, 272, '2021-09-09'),
(4890, 2, 10, 28, 261, '2021-09-10'),
(4891, 2, 1, 2, 250, '2021-09-01'),
(4892, 3, 2, 4, 239, '2021-09-02'),
(4893, 4, 3, 6, 228, '2021-09-03'),
(4894, 5, 4, 8, 217, '2021-09-04'),
(4895, 1, 5, 10, 206, '2021-09-05'),
(4896, 2, 6, 12, 195, '2021-09-06'),
(4897, 3, 7, 14, 184, '2021-09-07'),
(4898, 4, 8, 16, 173, '2021-09-08'),
(4899, 5, 9, 18, 162, '2021-09-09'),
(4900, 1, 10, 20, 151, '2021-09-10'),
(4901, 2, 1, 22, 140, '2021-09-11'),
(4902, 3, 2, 24, 129, '2021-09-12'),
(4903, 4, 3, 26, 118, '2021-09-13'),
(4904, 5, 4, 28, 107, '2021-09-14'),
(4905, 1, 5, 30, 96, '2021-09-15'),
(4906, 2, 6, 2, 85, '2021-09-16'),
(4907, 3, 7, 4, 74, '2021-09-17'),
(4908, 4, 8, 6, 63, '2021-09-18'),
(4909, 5, 9, 8, 52, '2021-09-19'),
(4910, 1, 10, 10, 41, '2021-09-20'),
(4911, 2, 1, 12, 30, '2021-09-21'),
(4912, 3, 2, 14, 19, '2021-09-22'),
(4913, 4, 3, 16, 8, '2021-09-23'),
(4914, 5, 4, 18, 1012, '2021-09-24'),
(4915, 1, 5, 20, 1003, '2021-09-25'),
(4916, 2, 6, 22, 992, '2021-09-26'),
(4917, 3, 7, 24, 981, '2021-09-27'),
(4918, 4, 8, 26, 970, '2021-09-28'),
(4919, 5, 9, 28, 959, '2021-09-29'),
(4920, 1, 10, 30, 948, '2021-09-30'),
(4921, 2, 1, 2, 250, '2021-10-01'),
(4922, 3, 2, 4, 239, '2021-10-02'),
(4923, 4, 3, 6, 228, '2021-10-03'),
(4924, 5, 4, 8, 217, '2021-10-04'),
(4925, 1, 5, 10, 206, '2021-10-05'),
(4926, 2, 6, 12, 195, '2021-10-06'),
(4927, 3, 7, 14, 184, '2021-10-07'),
(4928, 4, 8, 16, 173, '2021-10-08'),
(4929, 5, 9, 18, 162, '2021-10-09'),
(4930, 1, 10, 20, 151, '2021-10-10'),
(4931, 2, 1, 22, 140, '2021-10-11'),
(4932, 3, 2, 24, 129, '2021-10-12'),
(4933, 4, 3, 26, 118, '2021-10-13'),
(4934, 5, 4, 28, 107, '2021-10-14'),
(4935, 1, 5, 30, 96, '2021-10-15'),
(4936, 2, 6, 2, 85, '2021-10-16'),
(4937, 3, 7, 4, 74, '2021-10-17'),
(4938, 4, 8, 6, 63, '2021-10-18'),
(4939, 5, 9, 8, 52, '2021-10-19'),
(4940, 1, 10, 10, 41, '2021-10-20'),
(4941, 2, 1, 12, 30, '2021-10-21'),
(4942, 3, 2, 14, 19, '2021-10-22'),
(4943, 4, 3, 16, 8, '2021-10-23'),
(4944, 5, 4, 18, 1012, '2021-10-24'),
(4945, 1, 5, 20, 1003, '2021-10-25'),
(4946, 2, 6, 22, 992, '2021-10-26'),
(4947, 3, 7, 24, 981, '2021-10-27'),
(4948, 4, 8, 26, 970, '2021-10-28'),
(4949, 5, 9, 28, 959, '2021-10-29'),
(4950, 1, 10, 30, 948, '2021-10-30'),
(4951, 2, 1, 2, 937, '2021-10-31'),
(4952, 3, 2, 4, 926, '2021-10-01'),
(4953, 4, 3, 6, 915, '2021-10-02'),
(4954, 5, 4, 8, 904, '2021-10-03'),
(4955, 1, 5, 10, 893, '2021-10-04'),
(4956, 2, 6, 12, 882, '2021-10-05'),
(4957, 3, 7, 14, 871, '2021-10-06'),
(4958, 4, 8, 16, 860, '2021-10-07'),
(4959, 5, 9, 18, 849, '2021-10-08'),
(4960, 1, 10, 20, 838, '2021-10-09'),
(4961, 2, 1, 22, 827, '2021-10-10'),
(4962, 3, 2, 24, 816, '2021-10-11'),
(4963, 4, 3, 26, 805, '2021-10-12'),
(4964, 5, 4, 28, 794, '2021-10-13'),
(4965, 1, 5, 30, 783, '2021-10-14'),
(4966, 2, 6, 2, 772, '2021-10-15'),
(4967, 3, 7, 4, 761, '2021-10-16'),
(4968, 4, 8, 6, 750, '2021-10-17'),
(4969, 5, 9, 8, 739, '2021-10-18'),
(4970, 1, 10, 10, 728, '2021-10-19'),
(4971, 2, 1, 12, 717, '2021-10-20'),
(4972, 3, 2, 14, 706, '2021-10-21'),
(4973, 4, 3, 16, 695, '2021-10-22'),
(4974, 5, 4, 18, 684, '2021-10-23'),
(4975, 1, 5, 20, 673, '2021-10-24'),
(4976, 2, 6, 22, 662, '2021-10-25'),
(4977, 3, 7, 24, 651, '2021-10-26'),
(4978, 4, 8, 26, 640, '2021-10-27'),
(4979, 5, 9, 28, 629, '2021-10-28'),
(4980, 1, 10, 30, 618, '2021-10-29'),
(4981, 2, 1, 2, 607, '2021-10-30'),
(4982, 3, 2, 4, 596, '2021-10-31'),
(4983, 4, 3, 6, 585, '2021-10-01'),
(4984, 5, 4, 8, 574, '2021-10-02'),
(4985, 1, 5, 10, 563, '2021-10-03'),
(4986, 2, 6, 12, 552, '2021-10-04'),
(4987, 3, 7, 14, 541, '2021-10-05'),
(4988, 4, 8, 16, 530, '2021-10-06'),
(4989, 5, 9, 18, 519, '2021-10-07'),
(4990, 1, 10, 20, 508, '2021-10-08'),
(4991, 2, 1, 2, 497, '2021-11-01'),
(4992, 3, 2, 4, 486, '2021-11-02'),
(4993, 4, 3, 6, 475, '2021-11-03'),
(4994, 5, 4, 8, 464, '2021-11-04'),
(4995, 1, 5, 10, 453, '2021-11-05'),
(4996, 2, 6, 12, 442, '2021-11-06'),
(4997, 3, 7, 14, 431, '2021-11-07'),
(4998, 4, 8, 16, 420, '2021-11-08'),
(4999, 5, 9, 18, 409, '2021-11-09'),
(5000, 1, 10, 20, 398, '2021-11-10'),
(5001, 2, 1, 22, 387, '2021-11-11'),
(5002, 3, 2, 24, 376, '2021-11-12'),
(5003, 4, 3, 26, 365, '2021-11-13'),
(5004, 5, 4, 28, 354, '2021-11-14'),
(5005, 1, 5, 30, 343, '2021-11-15'),
(5006, 2, 6, 2, 332, '2021-11-16'),
(5007, 3, 7, 4, 321, '2021-11-17'),
(5008, 4, 8, 6, 310, '2021-11-18'),
(5009, 5, 9, 8, 299, '2021-11-19'),
(5010, 1, 10, 10, 288, '2021-11-20'),
(5011, 2, 1, 12, 277, '2021-11-21'),
(5012, 3, 2, 14, 266, '2021-11-22'),
(5013, 4, 3, 16, 255, '2021-11-23'),
(5014, 5, 4, 18, 244, '2021-11-24'),
(5015, 1, 5, 20, 233, '2021-11-25'),
(5016, 2, 6, 22, 222, '2021-11-26'),
(5017, 3, 7, 24, 211, '2021-11-27'),
(5018, 4, 8, 26, 200, '2021-11-28'),
(5019, 5, 9, 28, 189, '2021-11-29'),
(5020, 1, 10, 30, 178, '2021-11-30'),
(5021, 2, 1, 2, 167, '2021-11-01'),
(5022, 3, 2, 4, 156, '2021-11-02'),
(5023, 4, 3, 6, 145, '2021-11-03'),
(5024, 5, 4, 8, 134, '2021-11-04'),
(5025, 1, 5, 10, 123, '2021-11-05'),
(5026, 2, 6, 12, 112, '2021-11-06'),
(5027, 3, 7, 14, 101, '2021-11-07'),
(5028, 4, 8, 16, 90, '2021-11-08'),
(5029, 5, 9, 18, 79, '2021-11-09'),
(5030, 1, 10, 20, 68, '2021-11-10'),
(5031, 2, 1, 22, 57, '2021-11-11'),
(5032, 3, 2, 24, 46, '2021-11-12'),
(5033, 4, 3, 26, 35, '2021-11-13'),
(5034, 5, 4, 28, 24, '2021-11-14'),
(5035, 1, 5, 30, 13, '2021-11-15'),
(5036, 2, 6, 2, 2, '2021-11-16'),
(5037, 3, 7, 4, 1012, '2021-11-17'),
(5038, 4, 8, 6, 1011, '2021-11-18'),
(5039, 5, 9, 8, 1010, '2021-11-19'),
(5040, 1, 10, 10, 1009, '2021-11-20'),
(5041, 2, 1, 12, 1008, '2021-11-21'),
(5042, 3, 2, 14, 1007, '2021-11-22'),
(5043, 4, 3, 16, 1006, '2021-11-23'),
(5044, 5, 4, 18, 1005, '2021-11-24'),
(5045, 1, 5, 20, 1004, '2021-11-25'),
(5046, 2, 6, 22, 1003, '2021-11-26'),
(5047, 3, 7, 24, 1002, '2021-11-27'),
(5048, 4, 8, 26, 1001, '2021-11-28'),
(5049, 5, 9, 28, 1000, '2021-11-29'),
(5050, 1, 10, 30, 999, '2021-11-30'),
(5051, 2, 1, 2, 998, '2021-11-01'),
(5052, 3, 2, 4, 997, '2021-11-02'),
(5053, 4, 3, 6, 996, '2021-11-03'),
(5054, 5, 4, 8, 995, '2021-11-04'),
(5055, 1, 5, 10, 994, '2021-11-05'),
(5056, 2, 6, 12, 993, '2021-11-06'),
(5057, 3, 7, 14, 992, '2021-11-07'),
(5058, 4, 8, 16, 991, '2021-11-08'),
(5059, 5, 9, 18, 990, '2021-11-09'),
(5060, 1, 10, 20, 989, '2021-11-10'),
(5061, 2, 1, 22, 988, '2021-11-11'),
(5062, 3, 2, 24, 987, '2021-11-12'),
(5063, 4, 3, 26, 986, '2021-11-13'),
(5064, 5, 4, 28, 985, '2021-11-14'),
(5065, 1, 5, 30, 984, '2021-11-15'),
(5066, 2, 6, 2, 983, '2021-11-16'),
(5067, 3, 7, 4, 982, '2021-11-17'),
(5068, 4, 8, 6, 981, '2021-11-18'),
(5069, 5, 9, 8, 980, '2021-11-19'),
(5070, 1, 10, 10, 979, '2021-11-20'),
(5071, 2, 1, 12, 978, '2021-11-21'),
(5072, 3, 2, 14, 977, '2021-11-22'),
(5073, 4, 3, 16, 976, '2021-11-23'),
(5074, 5, 4, 18, 975, '2021-11-24'),
(5075, 1, 5, 20, 974, '2021-11-25'),
(5076, 2, 6, 22, 973, '2021-11-26'),
(5077, 3, 7, 24, 972, '2021-11-27'),
(5078, 4, 8, 26, 971, '2021-11-28'),
(5079, 5, 9, 28, 970, '2021-11-29'),
(5080, 1, 10, 30, 969, '2021-11-30'),
(5081, 2, 1, 2, 968, '2021-11-01'),
(5082, 3, 2, 4, 967, '2021-11-02'),
(5083, 4, 3, 6, 966, '2021-11-03'),
(5084, 5, 4, 8, 965, '2021-11-04'),
(5085, 1, 5, 10, 964, '2021-11-05'),
(5086, 2, 6, 12, 963, '2021-11-06'),
(5087, 3, 7, 14, 962, '2021-11-07'),
(5088, 4, 8, 16, 961, '2021-11-08'),
(5089, 5, 9, 18, 960, '2021-11-09'),
(5090, 1, 10, 20, 959, '2021-11-10'),
(5091, 2, 1, 22, 958, '2021-12-01'),
(5092, 3, 2, 24, 957, '2021-12-02'),
(5093, 4, 3, 26, 956, '2021-12-03'),
(5094, 5, 4, 28, 955, '2021-12-04'),
(5095, 1, 5, 30, 954, '2021-12-05'),
(5096, 2, 6, 2, 953, '2021-12-06'),
(5097, 3, 7, 4, 952, '2021-12-07'),
(5098, 4, 8, 6, 951, '2021-12-08'),
(5099, 5, 9, 8, 950, '2021-12-09'),
(5100, 1, 10, 10, 949, '2021-12-10'),
(5101, 2, 1, 12, 948, '2021-12-11'),
(5102, 3, 2, 14, 947, '2021-12-12'),
(5103, 4, 3, 16, 946, '2021-12-13'),
(5104, 5, 4, 18, 945, '2021-12-14'),
(5105, 1, 5, 20, 944, '2021-12-15'),
(5106, 2, 6, 22, 943, '2021-12-16'),
(5107, 3, 7, 24, 942, '2021-12-17'),
(5108, 4, 8, 26, 941, '2021-12-18'),
(5109, 5, 9, 28, 940, '2021-12-19'),
(5110, 1, 10, 30, 939, '2021-12-20'),
(5111, 2, 1, 2, 938, '2021-12-21'),
(5112, 3, 2, 4, 937, '2021-12-22'),
(5113, 4, 3, 6, 936, '2021-12-23'),
(5114, 5, 4, 8, 935, '2021-12-24'),
(5115, 1, 5, 10, 934, '2021-12-25'),
(5116, 2, 6, 12, 933, '2021-12-26'),
(5117, 3, 7, 14, 932, '2021-12-27'),
(5118, 4, 8, 16, 931, '2021-12-28'),
(5119, 5, 9, 18, 930, '2021-12-29'),
(5120, 1, 10, 20, 929, '2021-12-30'),
(5121, 2, 1, 22, 928, '2021-12-31'),
(5122, 3, 2, 24, 927, '2021-12-01'),
(5123, 4, 3, 26, 926, '2021-12-02'),
(5124, 5, 4, 28, 925, '2021-12-03'),
(5125, 1, 5, 30, 924, '2021-12-04'),
(5126, 2, 6, 2, 923, '2021-12-05'),
(5127, 3, 7, 4, 922, '2021-12-06'),
(5128, 4, 8, 6, 921, '2021-12-07'),
(5129, 5, 9, 8, 920, '2021-12-08'),
(5130, 1, 10, 10, 919, '2021-12-09'),
(5131, 2, 1, 12, 918, '2021-12-10'),
(5132, 3, 2, 14, 917, '2021-12-11'),
(5133, 4, 3, 16, 916, '2021-12-12'),
(5134, 5, 4, 18, 915, '2021-12-13'),
(5135, 1, 5, 20, 914, '2021-12-14'),
(5136, 2, 6, 22, 913, '2021-12-15'),
(5137, 3, 7, 24, 912, '2021-12-16'),
(5138, 4, 8, 26, 911, '2021-12-17'),
(5139, 5, 9, 28, 910, '2021-12-18'),
(5140, 1, 10, 30, 909, '2021-12-19'),
(5141, 2, 1, 2, 908, '2021-12-20'),
(5142, 3, 2, 4, 907, '2021-12-21'),
(5143, 4, 3, 6, 906, '2021-12-22'),
(5144, 5, 4, 8, 905, '2021-12-23'),
(5145, 1, 5, 10, 904, '2021-12-24'),
(5146, 2, 6, 12, 903, '2021-12-25'),
(5147, 3, 7, 14, 902, '2021-12-26'),
(5148, 4, 8, 16, 901, '2021-12-27'),
(5149, 5, 9, 18, 900, '2021-12-28'),
(5150, 1, 10, 20, 899, '2021-12-29'),
(5151, 2, 1, 22, 898, '2021-12-30'),
(5152, 3, 2, 24, 897, '2021-12-31'),
(5153, 4, 3, 26, 896, '2021-12-01'),
(5154, 5, 4, 28, 895, '2021-12-02'),
(5155, 1, 5, 30, 894, '2021-12-03'),
(5156, 2, 6, 2, 893, '2021-12-04'),
(5157, 3, 7, 4, 892, '2021-12-05'),
(5158, 4, 8, 6, 891, '2021-12-06'),
(5159, 5, 9, 8, 890, '2021-12-07'),
(5160, 1, 10, 10, 889, '2021-12-08'),
(5161, 2, 1, 12, 888, '2021-12-09'),
(5162, 3, 2, 14, 887, '2021-12-10'),
(5163, 4, 3, 16, 886, '2021-12-11'),
(5164, 5, 4, 18, 885, '2021-12-12'),
(5165, 1, 5, 20, 884, '2021-12-13'),
(5166, 2, 6, 22, 883, '2021-12-14'),
(5167, 3, 7, 24, 882, '2021-12-15'),
(5168, 4, 8, 26, 881, '2021-12-16'),
(5169, 5, 9, 28, 880, '2021-12-17'),
(5170, 1, 10, 30, 879, '2021-12-18'),
(5171, 1, 1, 1, 101, '2020-01-01'),
(5172, 2, 2, 2, 102, '2020-01-02'),
(5173, 3, 3, 3, 103, '2020-01-03'),
(5174, 4, 4, 4, 104, '2020-01-04'),
(5175, 5, 5, 5, 105, '2020-01-05'),
(5176, 1, 6, 6, 106, '2020-01-06'),
(5177, 2, 7, 7, 107, '2020-01-07'),
(5178, 3, 8, 8, 108, '2020-01-08'),
(5179, 4, 9, 9, 109, '2020-01-09'),
(5180, 5, 10, 10, 110, '2020-01-10'),
(5181, 1, 1, 11, 111, '2020-01-11'),
(5182, 2, 2, 12, 112, '2020-01-12'),
(5183, 3, 3, 13, 113, '2020-01-13'),
(5184, 4, 4, 14, 114, '2020-01-14'),
(5185, 5, 5, 15, 115, '2020-01-15'),
(5186, 1, 6, 16, 116, '2020-01-16'),
(5187, 2, 7, 17, 117, '2020-01-17'),
(5188, 3, 8, 18, 118, '2020-01-18'),
(5189, 4, 9, 19, 119, '2020-01-19'),
(5190, 5, 10, 20, 120, '2020-01-20'),
(5191, 1, 1, 21, 121, '2020-01-21'),
(5192, 2, 2, 22, 122, '2020-01-22'),
(5193, 3, 3, 23, 123, '2020-01-23'),
(5194, 4, 4, 24, 124, '2020-01-24'),
(5195, 5, 5, 25, 125, '2020-01-25'),
(5196, 1, 6, 26, 126, '2020-01-26'),
(5197, 2, 7, 27, 127, '2020-01-27'),
(5198, 3, 8, 28, 128, '2020-01-28'),
(5199, 4, 9, 29, 129, '2020-01-29'),
(5200, 5, 10, 30, 130, '2020-01-30'),
(5201, 1, 1, 31, 131, '2020-01-31'),
(5202, 2, 2, 32, 132, '2020-01-01'),
(5203, 3, 3, 33, 133, '2020-01-02'),
(5204, 4, 4, 34, 134, '2020-01-03'),
(5205, 5, 5, 35, 135, '2020-01-04'),
(5206, 1, 6, 36, 136, '2020-01-05'),
(5207, 2, 7, 1, 137, '2020-01-06'),
(5208, 3, 8, 2, 138, '2020-01-07'),
(5209, 4, 9, 3, 139, '2020-01-08'),
(5210, 5, 10, 4, 140, '2020-01-09'),
(5211, 1, 1, 5, 141, '2020-01-10'),
(5212, 2, 2, 6, 142, '2020-01-11'),
(5213, 3, 3, 7, 143, '2020-01-12'),
(5214, 4, 4, 8, 144, '2020-01-13'),
(5215, 5, 5, 9, 145, '2020-01-14'),
(5216, 1, 6, 10, 146, '2020-01-15'),
(5217, 2, 7, 11, 147, '2020-01-16'),
(5218, 3, 8, 12, 148, '2020-01-17'),
(5219, 4, 9, 13, 149, '2020-01-18'),
(5220, 5, 10, 14, 150, '2020-01-19'),
(5221, 1, 1, 15, 151, '2020-01-20'),
(5222, 2, 2, 16, 152, '2020-01-21'),
(5223, 3, 3, 17, 153, '2020-01-22'),
(5224, 4, 4, 18, 154, '2020-01-23'),
(5225, 5, 5, 19, 155, '2020-01-24'),
(5226, 1, 6, 20, 156, '2020-01-25'),
(5227, 2, 7, 21, 157, '2020-01-26'),
(5228, 3, 8, 22, 158, '2020-01-27'),
(5229, 4, 9, 23, 159, '2020-01-28'),
(5230, 5, 10, 24, 160, '2020-01-29'),
(5231, 1, 1, 25, 161, '2020-01-30'),
(5232, 2, 2, 26, 162, '2020-01-31'),
(5233, 3, 3, 27, 163, '2020-01-01'),
(5234, 4, 4, 28, 164, '2020-01-02'),
(5235, 5, 5, 29, 165, '2020-01-03'),
(5236, 1, 6, 30, 166, '2020-01-04'),
(5237, 2, 7, 31, 167, '2020-01-05'),
(5238, 3, 8, 32, 168, '2020-01-06'),
(5239, 4, 9, 33, 169, '2020-01-07'),
(5240, 5, 10, 34, 170, '2020-01-08'),
(5241, 1, 1, 35, 171, '2020-01-09'),
(5242, 2, 2, 36, 172, '2020-01-10'),
(5243, 3, 3, 1, 173, '2020-01-11'),
(5244, 4, 4, 2, 174, '2020-01-12'),
(5245, 5, 5, 3, 175, '2020-01-13'),
(5246, 1, 6, 4, 176, '2020-01-14'),
(5247, 2, 7, 5, 177, '2020-01-15'),
(5248, 3, 8, 6, 178, '2020-01-16'),
(5249, 4, 9, 7, 179, '2020-01-17'),
(5250, 5, 10, 8, 180, '2020-01-18'),
(5251, 2, 1, 9, 181, '2020-01-19'),
(5252, 3, 2, 10, 182, '2020-01-20'),
(5253, 4, 3, 11, 183, '2020-01-21'),
(5254, 5, 4, 12, 184, '2020-01-22'),
(5255, 1, 5, 13, 185, '2020-01-23'),
(5256, 2, 6, 14, 186, '2020-01-24'),
(5257, 3, 7, 15, 187, '2020-01-25'),
(5258, 4, 8, 16, 188, '2020-01-26'),
(5259, 5, 9, 17, 189, '2020-01-27'),
(5260, 1, 10, 18, 190, '2020-01-28'),
(5261, 2, 1, 9, 181, '2020-02-01'),
(5262, 3, 2, 10, 182, '2020-02-02'),
(5263, 4, 3, 11, 183, '2020-02-03'),
(5264, 5, 4, 12, 184, '2020-02-04'),
(5265, 1, 5, 13, 185, '2020-02-05'),
(5266, 2, 6, 14, 186, '2020-02-06'),
(5267, 3, 7, 15, 187, '2020-02-07'),
(5268, 4, 8, 16, 188, '2020-02-08'),
(5269, 5, 9, 17, 189, '2020-02-09'),
(5270, 1, 10, 18, 190, '2020-02-10'),
(5271, 2, 1, 19, 191, '2020-02-11'),
(5272, 3, 2, 20, 192, '2020-02-12'),
(5273, 4, 3, 21, 193, '2020-02-13'),
(5274, 5, 4, 22, 194, '2020-02-14'),
(5275, 1, 5, 23, 195, '2020-02-15'),
(5276, 2, 6, 24, 196, '2020-02-16'),
(5277, 3, 7, 25, 197, '2020-02-17'),
(5278, 4, 8, 26, 198, '2020-02-18'),
(5279, 5, 9, 27, 199, '2020-02-19'),
(5280, 1, 10, 28, 200, '2020-02-20'),
(5281, 2, 1, 29, 201, '2020-02-21'),
(5282, 3, 2, 30, 202, '2020-02-22'),
(5283, 4, 3, 31, 203, '2020-02-23'),
(5284, 5, 4, 32, 204, '2020-02-24'),
(5285, 1, 5, 33, 205, '2020-02-25'),
(5286, 2, 6, 34, 206, '2020-02-26'),
(5287, 3, 7, 35, 207, '2020-02-27'),
(5288, 4, 8, 36, 208, '2020-02-28'),
(5289, 5, 9, 1, 209, '2020-02-29'),
(5290, 1, 10, 2, 210, '2020-02-01'),
(5291, 2, 1, 3, 211, '2020-02-02'),
(5292, 3, 2, 4, 212, '2020-02-03'),
(5293, 4, 3, 5, 213, '2020-02-04'),
(5294, 5, 4, 6, 214, '2020-02-05'),
(5295, 1, 5, 7, 215, '2020-02-06'),
(5296, 2, 6, 8, 216, '2020-02-07'),
(5297, 3, 7, 9, 217, '2020-02-08'),
(5298, 4, 8, 10, 218, '2020-02-09'),
(5299, 5, 9, 11, 219, '2020-02-10'),
(5300, 1, 10, 12, 220, '2020-02-11'),
(5301, 2, 1, 13, 221, '2020-02-12'),
(5302, 3, 2, 14, 222, '2020-02-13'),
(5303, 4, 3, 15, 223, '2020-02-14'),
(5304, 5, 4, 16, 224, '2020-02-15'),
(5305, 1, 5, 17, 225, '2020-02-16'),
(5306, 2, 6, 18, 226, '2020-02-17'),
(5307, 3, 7, 19, 227, '2020-02-18'),
(5308, 4, 8, 20, 228, '2020-02-19'),
(5309, 5, 9, 21, 229, '2020-02-20'),
(5310, 1, 10, 22, 230, '2020-02-21'),
(5311, 2, 1, 23, 231, '2020-02-22'),
(5312, 3, 2, 24, 232, '2020-02-23'),
(5313, 4, 3, 25, 233, '2020-02-24'),
(5314, 5, 4, 26, 234, '2020-02-25'),
(5315, 1, 5, 27, 235, '2020-02-26'),
(5316, 2, 6, 28, 236, '2020-02-27'),
(5317, 3, 7, 29, 237, '2020-02-28'),
(5318, 4, 8, 30, 238, '2020-02-29'),
(5319, 5, 9, 31, 239, '2020-02-01'),
(5320, 1, 10, 32, 240, '2020-02-02'),
(5321, 2, 1, 33, 241, '2020-02-03'),
(5322, 3, 2, 34, 242, '2020-02-04'),
(5323, 4, 3, 35, 243, '2020-02-05'),
(5324, 5, 4, 36, 244, '2020-02-06'),
(5325, 1, 5, 1, 245, '2020-02-07'),
(5326, 2, 6, 2, 246, '2020-02-08'),
(5327, 3, 7, 3, 247, '2020-02-09'),
(5328, 4, 8, 4, 248, '2020-02-10'),
(5329, 5, 9, 5, 249, '2020-02-11'),
(5330, 1, 10, 6, 250, '2020-02-12'),
(5331, 2, 1, 7, 101, '2020-02-13'),
(5332, 3, 2, 8, 102, '2020-02-14'),
(5333, 4, 3, 9, 103, '2020-02-15'),
(5334, 5, 4, 10, 104, '2020-02-16'),
(5335, 1, 5, 11, 105, '2020-02-17'),
(5336, 2, 6, 12, 106, '2020-02-18'),
(5337, 3, 7, 13, 107, '2020-02-19'),
(5338, 4, 8, 14, 108, '2020-02-20'),
(5339, 5, 9, 15, 109, '2020-02-21'),
(5340, 1, 10, 16, 110, '2020-02-22'),
(5341, 2, 1, 2, 101, '2020-03-01'),
(5342, 3, 2, 3, 102, '2020-03-02'),
(5343, 4, 3, 4, 103, '2020-03-03'),
(5344, 5, 4, 5, 104, '2020-03-04'),
(5345, 1, 5, 6, 105, '2020-03-05'),
(5346, 2, 6, 7, 106, '2020-03-06'),
(5347, 3, 7, 8, 107, '2020-03-07'),
(5348, 4, 8, 9, 108, '2020-03-08'),
(5349, 5, 9, 10, 109, '2020-03-09'),
(5350, 1, 10, 11, 110, '2020-03-10'),
(5351, 2, 1, 12, 111, '2020-03-11'),
(5352, 3, 2, 13, 112, '2020-03-12'),
(5353, 4, 3, 14, 113, '2020-03-13'),
(5354, 5, 4, 15, 114, '2020-03-14'),
(5355, 1, 5, 16, 115, '2020-03-15'),
(5356, 2, 6, 1, 116, '2020-03-16'),
(5357, 3, 7, 2, 117, '2020-03-17'),
(5358, 4, 8, 3, 118, '2020-03-18'),
(5359, 5, 9, 4, 119, '2020-03-19'),
(5360, 1, 10, 5, 120, '2020-03-20'),
(5361, 2, 1, 6, 121, '2020-03-21'),
(5362, 3, 2, 7, 122, '2020-03-22'),
(5363, 4, 3, 8, 123, '2020-03-23'),
(5364, 5, 4, 9, 124, '2020-03-24'),
(5365, 1, 5, 10, 125, '2020-03-25'),
(5366, 2, 6, 11, 126, '2020-03-26'),
(5367, 3, 7, 12, 127, '2020-03-27'),
(5368, 4, 8, 13, 128, '2020-03-28'),
(5369, 5, 9, 14, 129, '2020-03-29'),
(5370, 1, 10, 15, 130, '2020-03-30'),
(5371, 2, 1, 16, 131, '2020-03-31'),
(5372, 3, 2, 1, 132, '2020-03-01'),
(5373, 4, 3, 2, 133, '2020-03-02'),
(5374, 5, 4, 3, 134, '2020-03-03'),
(5375, 1, 5, 4, 135, '2020-03-04'),
(5376, 2, 6, 5, 136, '2020-03-05'),
(5377, 3, 7, 6, 137, '2020-03-06'),
(5378, 4, 8, 7, 138, '2020-03-07'),
(5379, 5, 9, 8, 139, '2020-03-08'),
(5380, 1, 10, 9, 140, '2020-03-09'),
(5381, 2, 1, 10, 141, '2020-03-10'),
(5382, 3, 2, 11, 142, '2020-03-11'),
(5383, 4, 3, 12, 143, '2020-03-12'),
(5384, 5, 4, 13, 144, '2020-03-13'),
(5385, 1, 5, 14, 145, '2020-03-14'),
(5386, 2, 6, 15, 146, '2020-03-15'),
(5387, 3, 7, 16, 147, '2020-03-16'),
(5388, 4, 8, 1, 148, '2020-03-17'),
(5389, 5, 9, 2, 149, '2020-03-18'),
(5390, 1, 10, 3, 150, '2020-03-19'),
(5391, 2, 1, 4, 151, '2020-03-20'),
(5392, 3, 2, 5, 152, '2020-03-21'),
(5393, 4, 3, 6, 153, '2020-03-22'),
(5394, 5, 4, 7, 154, '2020-03-23'),
(5395, 1, 5, 8, 155, '2020-03-24'),
(5396, 2, 6, 9, 156, '2020-03-25'),
(5397, 3, 7, 10, 157, '2020-03-26'),
(5398, 4, 8, 11, 158, '2020-03-27'),
(5399, 5, 9, 12, 159, '2020-03-28'),
(5400, 1, 10, 13, 160, '2020-03-29'),
(5401, 1, 1, 1, 101, '2020-04-01'),
(5402, 2, 2, 2, 102, '2020-04-02'),
(5403, 3, 3, 3, 103, '2020-04-03'),
(5404, 4, 4, 4, 104, '2020-04-04'),
(5405, 5, 5, 5, 105, '2020-04-05'),
(5406, 1, 6, 6, 106, '2020-04-06'),
(5407, 2, 7, 7, 107, '2020-04-07'),
(5408, 3, 8, 8, 108, '2020-04-08'),
(5409, 4, 9, 9, 109, '2020-04-09'),
(5410, 5, 10, 10, 110, '2020-04-10'),
(5411, 1, 1, 11, 111, '2020-04-11'),
(5412, 2, 2, 12, 112, '2020-04-12'),
(5413, 3, 3, 13, 113, '2020-04-13'),
(5414, 4, 4, 14, 114, '2020-04-14'),
(5415, 5, 5, 15, 115, '2020-04-15'),
(5416, 1, 6, 16, 116, '2020-04-16'),
(5417, 2, 7, 1, 117, '2020-04-17'),
(5418, 3, 8, 2, 118, '2020-04-18'),
(5419, 4, 9, 3, 119, '2020-04-19'),
(5420, 5, 10, 4, 120, '2020-04-20'),
(5421, 1, 1, 1, 101, '2020-05-01'),
(5422, 2, 2, 2, 102, '2020-05-02'),
(5423, 3, 3, 3, 103, '2020-05-03'),
(5424, 4, 4, 4, 104, '2020-05-04'),
(5425, 5, 5, 5, 105, '2020-05-05'),
(5426, 1, 6, 6, 106, '2020-05-06'),
(5427, 2, 7, 7, 107, '2020-05-07'),
(5428, 3, 8, 8, 108, '2020-05-08'),
(5429, 4, 9, 9, 109, '2020-05-09'),
(5430, 5, 10, 10, 110, '2020-05-10'),
(5431, 1, 1, 11, 111, '2020-05-11'),
(5432, 2, 2, 12, 112, '2020-05-12'),
(5433, 3, 3, 13, 113, '2020-05-13'),
(5434, 4, 4, 14, 114, '2020-05-14'),
(5435, 5, 5, 15, 115, '2020-05-15'),
(5436, 1, 6, 16, 116, '2020-05-16'),
(5437, 2, 7, 17, 117, '2020-05-17'),
(5438, 3, 8, 18, 118, '2020-05-18'),
(5439, 4, 9, 19, 119, '2020-05-19'),
(5440, 5, 10, 20, 120, '2020-05-20'),
(5441, 1, 1, 1, 101, '2020-06-01'),
(5442, 2, 2, 2, 102, '2020-06-02'),
(5443, 3, 3, 3, 103, '2020-06-03'),
(5444, 4, 4, 4, 104, '2020-06-04'),
(5445, 5, 5, 5, 105, '2020-06-05'),
(5446, 1, 6, 6, 106, '2020-06-06'),
(5447, 2, 7, 7, 107, '2020-06-07'),
(5448, 3, 8, 8, 108, '2020-06-08'),
(5449, 4, 9, 9, 109, '2020-06-09'),
(5450, 5, 10, 10, 110, '2020-06-10'),
(5451, 1, 1, 11, 111, '2020-06-11'),
(5452, 2, 2, 12, 112, '2020-06-12'),
(5453, 3, 3, 13, 113, '2020-06-13'),
(5454, 4, 4, 14, 114, '2020-06-14'),
(5455, 5, 5, 15, 115, '2020-06-15'),
(5456, 1, 6, 16, 116, '2020-06-16'),
(5457, 2, 7, 17, 117, '2020-06-17'),
(5458, 3, 8, 18, 118, '2020-06-18'),
(5459, 4, 9, 19, 119, '2020-06-19'),
(5460, 5, 10, 20, 120, '2020-06-20'),
(5461, 1, 1, 21, 121, '2020-06-21'),
(5462, 2, 2, 22, 122, '2020-06-22'),
(5463, 3, 3, 23, 123, '2020-06-23'),
(5464, 4, 4, 24, 124, '2020-06-24'),
(5465, 5, 5, 25, 125, '2020-06-25'),
(5466, 1, 6, 26, 126, '2020-06-26'),
(5467, 2, 7, 27, 127, '2020-06-27'),
(5468, 3, 8, 28, 128, '2020-06-28'),
(5469, 4, 9, 29, 129, '2020-06-29'),
(5470, 5, 10, 30, 130, '2020-06-30'),
(5471, 1, 1, 1, 101, '2020-07-01'),
(5472, 2, 2, 2, 102, '2020-07-02'),
(5473, 3, 3, 3, 103, '2020-07-03'),
(5474, 4, 4, 4, 104, '2020-07-04'),
(5475, 5, 5, 5, 105, '2020-07-05'),
(5476, 1, 6, 6, 106, '2020-07-06'),
(5477, 2, 7, 7, 107, '2020-07-07'),
(5478, 3, 8, 8, 108, '2020-07-08'),
(5479, 4, 9, 9, 109, '2020-07-09'),
(5480, 5, 10, 10, 110, '2020-07-10'),
(5481, 1, 1, 11, 111, '2020-07-11'),
(5482, 2, 2, 12, 112, '2020-07-12'),
(5483, 3, 3, 13, 113, '2020-07-13'),
(5484, 4, 4, 14, 114, '2020-07-14'),
(5485, 5, 5, 15, 115, '2020-07-15'),
(5486, 1, 6, 16, 116, '2020-07-16'),
(5487, 2, 7, 17, 117, '2020-07-17'),
(5488, 3, 8, 18, 118, '2020-07-18'),
(5489, 4, 9, 19, 119, '2020-07-19'),
(5490, 5, 10, 20, 120, '2020-07-20'),
(5491, 1, 1, 21, 121, '2020-07-21'),
(5492, 2, 2, 22, 122, '2020-07-22'),
(5493, 3, 3, 23, 123, '2020-07-23'),
(5494, 4, 4, 24, 124, '2020-07-24'),
(5495, 5, 5, 25, 125, '2020-07-25'),
(5496, 1, 6, 26, 126, '2020-07-26'),
(5497, 2, 7, 27, 127, '2020-07-27'),
(5498, 3, 8, 28, 128, '2020-07-28'),
(5499, 4, 9, 29, 129, '2020-07-29'),
(5500, 5, 10, 30, 130, '2020-07-30'),
(5501, 1, 1, 1, 101, '2020-08-01'),
(5502, 2, 2, 2, 102, '2020-08-02'),
(5503, 3, 3, 3, 103, '2020-08-03'),
(5504, 4, 4, 4, 104, '2020-08-04'),
(5505, 5, 5, 5, 105, '2020-08-05'),
(5506, 1, 6, 6, 106, '2020-08-06'),
(5507, 2, 7, 7, 107, '2020-08-07'),
(5508, 3, 8, 8, 108, '2020-08-08'),
(5509, 4, 9, 9, 109, '2020-08-09'),
(5510, 5, 10, 10, 110, '2020-08-10'),
(5511, 1, 1, 11, 111, '2020-08-11'),
(5512, 2, 2, 12, 112, '2020-08-12'),
(5513, 3, 3, 13, 113, '2020-08-13'),
(5514, 4, 4, 14, 114, '2020-08-14'),
(5515, 5, 5, 15, 115, '2020-08-15'),
(5516, 1, 6, 16, 116, '2020-08-16'),
(5517, 2, 7, 17, 117, '2020-08-17'),
(5518, 3, 8, 18, 118, '2020-08-18'),
(5519, 4, 9, 19, 119, '2020-08-19'),
(5520, 5, 10, 20, 120, '2020-08-20'),
(5521, 1, 1, 21, 121, '2020-08-21'),
(5522, 2, 2, 22, 122, '2020-08-22'),
(5523, 3, 3, 23, 123, '2020-08-23'),
(5524, 4, 4, 24, 124, '2020-08-24'),
(5525, 5, 5, 25, 125, '2020-08-25'),
(5526, 1, 6, 26, 126, '2020-08-26'),
(5527, 2, 7, 27, 127, '2020-08-27'),
(5528, 3, 8, 28, 128, '2020-08-28'),
(5529, 4, 9, 29, 129, '2020-08-29'),
(5530, 5, 10, 30, 130, '2020-08-30'),
(5531, 1, 1, 31, 131, '2020-08-31'),
(5532, 2, 2, 32, 132, '2020-08-31'),
(5533, 3, 3, 33, 133, '2020-08-31'),
(5534, 4, 4, 34, 134, '2020-08-31'),
(5535, 5, 5, 35, 135, '2020-08-31'),
(5536, 1, 6, 36, 136, '2020-08-31'),
(5537, 2, 7, 1, 137, '2020-08-31'),
(5538, 3, 8, 2, 138, '2020-08-31'),
(5539, 4, 9, 3, 139, '2020-08-31'),
(5540, 5, 10, 4, 140, '2020-08-31'),
(5541, 1, 1, 1, 101, '2020-09-01'),
(5542, 2, 2, 2, 102, '2020-09-02'),
(5543, 3, 3, 3, 103, '2020-09-03'),
(5544, 4, 4, 4, 104, '2020-09-04'),
(5545, 5, 5, 5, 105, '2020-09-05'),
(5546, 1, 6, 6, 106, '2020-09-06'),
(5547, 2, 7, 7, 107, '2020-09-07'),
(5548, 3, 8, 8, 108, '2020-09-08'),
(5549, 4, 9, 9, 109, '2020-09-09'),
(5550, 5, 10, 10, 110, '2020-09-10'),
(5551, 1, 1, 11, 111, '2020-09-11'),
(5552, 2, 2, 12, 112, '2020-09-12'),
(5553, 3, 3, 13, 113, '2020-09-13'),
(5554, 4, 4, 14, 114, '2020-09-14'),
(5555, 5, 5, 15, 115, '2020-09-15'),
(5556, 1, 6, 16, 116, '2020-09-16'),
(5557, 2, 7, 17, 117, '2020-09-17'),
(5558, 3, 8, 18, 118, '2020-09-18'),
(5559, 4, 9, 19, 119, '2020-09-19'),
(5560, 5, 10, 20, 120, '2020-09-20'),
(5561, 1, 1, 21, 121, '2020-09-21'),
(5562, 2, 2, 22, 122, '2020-09-22'),
(5563, 3, 3, 23, 123, '2020-09-23'),
(5564, 4, 4, 24, 124, '2020-09-24'),
(5565, 5, 5, 25, 125, '2020-09-25'),
(5566, 1, 6, 26, 126, '2020-09-26'),
(5567, 2, 7, 27, 127, '2020-09-27'),
(5568, 3, 8, 28, 128, '2020-09-28'),
(5569, 4, 9, 29, 129, '2020-09-29'),
(5570, 5, 10, 30, 130, '2020-09-30'),
(5571, 1, 1, 31, 131, '2020-09-30'),
(5572, 2, 2, 32, 132, '2020-09-30'),
(5573, 3, 3, 33, 133, '2020-09-30'),
(5574, 4, 4, 34, 134, '2020-09-30'),
(5575, 5, 5, 35, 135, '2020-09-30'),
(5576, 1, 6, 36, 136, '2020-09-30'),
(5577, 2, 7, 1, 137, '2020-09-30'),
(5578, 3, 8, 2, 138, '2020-09-30'),
(5579, 4, 9, 3, 139, '2020-09-30'),
(5580, 5, 10, 4, 140, '2020-09-30'),
(5581, 1, 1, 1, 101, '2020-10-01'),
(5582, 2, 2, 2, 102, '2020-10-02'),
(5583, 3, 3, 3, 103, '2020-10-03'),
(5584, 4, 4, 4, 104, '2020-10-04'),
(5585, 5, 5, 5, 105, '2020-10-05'),
(5586, 1, 6, 6, 106, '2020-10-06'),
(5587, 2, 7, 7, 107, '2020-10-07'),
(5588, 3, 8, 8, 108, '2020-10-08'),
(5589, 4, 9, 9, 109, '2020-10-09'),
(5590, 5, 10, 10, 110, '2020-10-10'),
(5591, 1, 1, 11, 111, '2020-10-11'),
(5592, 2, 2, 12, 112, '2020-10-12'),
(5593, 3, 3, 13, 113, '2020-10-13'),
(5594, 4, 4, 14, 114, '2020-10-14'),
(5595, 5, 5, 15, 115, '2020-10-15'),
(5596, 1, 6, 16, 116, '2020-10-16'),
(5597, 2, 7, 17, 117, '2020-10-17'),
(5598, 3, 8, 18, 118, '2020-10-18'),
(5599, 4, 9, 19, 119, '2020-10-19'),
(5600, 5, 10, 20, 120, '2020-10-20'),
(5601, 1, 1, 21, 121, '2020-10-21'),
(5602, 2, 2, 22, 122, '2020-10-22'),
(5603, 3, 3, 23, 123, '2020-10-23'),
(5604, 4, 4, 24, 124, '2020-10-24'),
(5605, 5, 5, 25, 125, '2020-10-25'),
(5606, 1, 6, 26, 126, '2020-10-26'),
(5607, 2, 7, 27, 127, '2020-10-27'),
(5608, 3, 8, 28, 128, '2020-10-28'),
(5609, 4, 9, 29, 129, '2020-10-29'),
(5610, 5, 10, 30, 130, '2020-10-30'),
(5611, 1, 1, 31, 131, '2020-10-31'),
(5612, 2, 2, 32, 132, '2020-10-31'),
(5613, 3, 3, 33, 133, '2020-10-31'),
(5614, 4, 4, 34, 134, '2020-10-31'),
(5615, 5, 5, 35, 135, '2020-10-31'),
(5616, 1, 6, 36, 136, '2020-10-31'),
(5617, 2, 7, 1, 137, '2020-10-31'),
(5618, 3, 8, 2, 138, '2020-10-31'),
(5619, 4, 9, 3, 139, '2020-10-31'),
(5620, 5, 10, 4, 140, '2020-10-31'),
(5621, 1, 1, 5, 141, '2020-10-31'),
(5622, 2, 2, 6, 142, '2020-10-31'),
(5623, 3, 3, 7, 143, '2020-10-31'),
(5624, 4, 4, 8, 144, '2020-10-31'),
(5625, 5, 5, 9, 145, '2020-10-31'),
(5626, 1, 6, 10, 146, '2020-10-31'),
(5627, 2, 7, 11, 147, '2020-10-31'),
(5628, 3, 8, 12, 148, '2020-10-31'),
(5629, 4, 9, 13, 149, '2020-10-31'),
(5630, 5, 10, 14, 150, '2020-10-31'),
(5631, 1, 1, 1, 101, '2020-11-01'),
(5632, 2, 2, 2, 102, '2020-11-02'),
(5633, 3, 3, 3, 103, '2020-11-03'),
(5634, 4, 4, 4, 104, '2020-11-04'),
(5635, 5, 5, 5, 105, '2020-11-05'),
(5636, 1, 6, 6, 106, '2020-11-06'),
(5637, 2, 7, 7, 107, '2020-11-07'),
(5638, 3, 8, 8, 108, '2020-11-08'),
(5639, 4, 9, 9, 109, '2020-11-09'),
(5640, 5, 10, 10, 110, '2020-11-10'),
(5641, 1, 1, 11, 111, '2020-11-11'),
(5642, 2, 2, 12, 112, '2020-11-12'),
(5643, 3, 3, 13, 113, '2020-11-13'),
(5644, 4, 4, 14, 114, '2020-11-14'),
(5645, 5, 5, 15, 115, '2020-11-15'),
(5646, 1, 6, 16, 116, '2020-11-16'),
(5647, 2, 7, 17, 117, '2020-11-17'),
(5648, 3, 8, 18, 118, '2020-11-18'),
(5649, 4, 9, 19, 119, '2020-11-19'),
(5650, 5, 10, 20, 120, '2020-11-20'),
(5651, 1, 1, 21, 121, '2020-11-21'),
(5652, 2, 2, 22, 122, '2020-11-22'),
(5653, 3, 3, 23, 123, '2020-11-23'),
(5654, 4, 4, 24, 124, '2020-11-24'),
(5655, 5, 5, 25, 125, '2020-11-25'),
(5656, 1, 6, 26, 126, '2020-11-26'),
(5657, 2, 7, 27, 127, '2020-11-27'),
(5658, 3, 8, 28, 128, '2020-11-28'),
(5659, 4, 9, 29, 129, '2020-11-29'),
(5660, 5, 10, 30, 130, '2020-11-30'),
(5661, 1, 1, 31, 131, '2020-11-30'),
(5662, 2, 2, 32, 132, '2020-11-30'),
(5663, 3, 3, 33, 133, '2020-11-30'),
(5664, 4, 4, 34, 134, '2020-11-30'),
(5665, 5, 5, 35, 135, '2020-11-30'),
(5666, 1, 6, 36, 136, '2020-11-30'),
(5667, 2, 7, 1, 137, '2020-11-30'),
(5668, 3, 8, 2, 138, '2020-11-30'),
(5669, 4, 9, 3, 139, '2020-11-30'),
(5670, 5, 10, 4, 140, '2020-11-30'),
(5671, 1, 1, 5, 141, '2020-11-30'),
(5672, 2, 2, 6, 142, '2020-11-30'),
(5673, 3, 3, 7, 143, '2020-11-30'),
(5674, 4, 4, 8, 144, '2020-11-30'),
(5675, 5, 5, 9, 145, '2020-11-30'),
(5676, 1, 6, 10, 146, '2020-11-30'),
(5677, 2, 7, 11, 147, '2020-11-30'),
(5678, 3, 8, 12, 148, '2020-11-30'),
(5679, 4, 9, 13, 149, '2020-11-30'),
(5680, 5, 10, 14, 150, '2020-11-30'),
(5681, 1, 1, 1, 101, '2020-12-01'),
(5682, 2, 2, 2, 102, '2020-12-02'),
(5683, 3, 3, 3, 103, '2020-12-03'),
(5684, 4, 4, 4, 104, '2020-12-04'),
(5685, 5, 5, 5, 105, '2020-12-05'),
(5686, 1, 6, 6, 106, '2020-12-06'),
(5687, 2, 7, 7, 107, '2020-12-07'),
(5688, 3, 8, 8, 108, '2020-12-08'),
(5689, 4, 9, 9, 109, '2020-12-09'),
(5690, 5, 10, 10, 110, '2020-12-10'),
(5691, 1, 1, 11, 111, '2020-12-11'),
(5692, 2, 2, 12, 112, '2020-12-12'),
(5693, 3, 3, 13, 113, '2020-12-13'),
(5694, 4, 4, 14, 114, '2020-12-14'),
(5695, 5, 5, 15, 115, '2020-12-15'),
(5696, 1, 6, 16, 116, '2020-12-16'),
(5697, 2, 7, 17, 117, '2020-12-17'),
(5698, 3, 8, 18, 118, '2020-12-18'),
(5699, 4, 9, 19, 119, '2020-12-19'),
(5700, 5, 10, 20, 120, '2020-12-20'),
(5701, 1, 1, 21, 121, '2020-12-21'),
(5702, 2, 2, 22, 122, '2020-12-22'),
(5703, 3, 3, 23, 123, '2020-12-23'),
(5704, 4, 4, 24, 124, '2020-12-24'),
(5705, 5, 5, 25, 125, '2020-12-25'),
(5706, 1, 6, 26, 126, '2020-12-26'),
(5707, 2, 7, 27, 127, '2020-12-27'),
(5708, 3, 8, 28, 128, '2020-12-28'),
(5709, 4, 9, 29, 129, '2020-12-29'),
(5710, 5, 10, 30, 130, '2020-12-30'),
(5711, 1, 1, 31, 131, '2020-12-31'),
(5712, 2, 2, 32, 132, '2020-12-31'),
(5713, 3, 3, 33, 133, '2020-12-31'),
(5714, 4, 4, 34, 134, '2020-12-31'),
(5715, 5, 5, 35, 135, '2020-12-31'),
(5716, 1, 6, 36, 136, '2020-12-31'),
(5717, 2, 7, 1, 137, '2020-12-31'),
(5718, 3, 8, 2, 138, '2020-12-31'),
(5719, 4, 9, 3, 139, '2020-12-31'),
(5720, 5, 10, 4, 140, '2020-12-31'),
(5721, 1, 1, 5, 141, '2020-12-31'),
(5722, 2, 2, 6, 142, '2020-12-31'),
(5723, 3, 3, 7, 143, '2020-12-31'),
(5724, 4, 4, 8, 144, '2020-12-31'),
(5725, 5, 5, 9, 145, '2020-12-31'),
(5726, 1, 6, 10, 146, '2020-12-31'),
(5727, 2, 7, 11, 147, '2020-12-31'),
(5728, 3, 8, 12, 148, '2020-12-31'),
(5729, 4, 9, 13, 149, '2020-12-31'),
(5730, 5, 10, 14, 150, '2020-12-31'),
(5731, 1, 1, 15, 151, '2020-12-31'),
(5732, 2, 2, 16, 152, '2020-12-31'),
(5733, 3, 3, 17, 153, '2020-12-31'),
(5734, 4, 4, 18, 154, '2020-12-31'),
(5735, 5, 5, 19, 155, '2020-12-31'),
(5736, 1, 6, 20, 156, '2020-12-31'),
(5737, 2, 7, 21, 157, '2020-12-31'),
(5738, 3, 8, 22, 158, '2020-12-31'),
(5739, 4, 9, 23, 159, '2020-12-31'),
(5740, 5, 10, 24, 160, '2020-12-31');

-- --------------------------------------------------------

--
-- Tablo için tablo yapısı `subeler`
--

DROP TABLE IF EXISTS `subeler`;
CREATE TABLE IF NOT EXISTS `subeler` (
  `sube_id` int NOT NULL,
  `sube_adi` varchar(50) COLLATE utf8mb4_turkish_ci NOT NULL,
  `isletme_id` int NOT NULL,
  `ilce_id` int NOT NULL,
  PRIMARY KEY (`sube_id`),
  KEY `isletme_id` (`isletme_id`),
  KEY `ilce_id` (`ilce_id`),
  KEY `isletme_id_2` (`isletme_id`,`ilce_id`)
) ENGINE=InnoDB DEFAULT CHARSET=utf8mb4 COLLATE=utf8mb4_turkish_ci;

--
-- Tablo döküm verisi `subeler`
--

INSERT INTO `subeler` (`sube_id`, `sube_adi`, `isletme_id`, `ilce_id`) VALUES
(1, 'Beşiktaş Şubesi', 1, 1),
(2, 'Beykoz Şubesi', 1, 2),
(3, 'Kadıköy Şubesi', 1, 3),
(4, 'Pendik Şubesi', 1, 4),
(5, 'Şişli Şubesi', 1, 5),
(6, 'Üsküdar Şubesi', 1, 6),
(7, 'Esenyurt Şubesi', 1, 7),
(8, 'Fatih Şubesi', 1, 8),
(9, 'Büyükçekmece Şubesi', 1, 9),
(10, 'Beyoğlu Şubesi', 1, 10);

-- --------------------------------------------------------

--
-- Tablo için tablo yapısı `urunler`
--

DROP TABLE IF EXISTS `urunler`;
CREATE TABLE IF NOT EXISTS `urunler` (
  `urun_id` int NOT NULL,
  `urun_adi` varchar(50) COLLATE utf8mb4_turkish_ci NOT NULL,
  `fiyat_2024` int NOT NULL,
  `maliyet_2024` int NOT NULL,
  `fiyat_2023` int NOT NULL,
  `maliyet_2023` int NOT NULL,
  `fiyat_2022` int NOT NULL,
  `maliyet_2022` int NOT NULL,
  `fiyat_2021` int NOT NULL,
  `maliyet_2021` int NOT NULL,
  `fiyat_2020` int NOT NULL,
  `maliyet_2020` int NOT NULL,
  PRIMARY KEY (`urun_id`)
) ENGINE=InnoDB DEFAULT CHARSET=utf8mb4 COLLATE=utf8mb4_turkish_ci;

--
-- Tablo döküm verisi `urunler`
--

INSERT INTO `urunler` (`urun_id`, `urun_adi`, `fiyat_2024`, `maliyet_2024`, `fiyat_2023`, `maliyet_2023`, `fiyat_2022`, `maliyet_2022`, `fiyat_2021`, `maliyet_2021`, `fiyat_2020`, `maliyet_2020`) VALUES
(1, 'Margherita Pizza', 150, 80, 140, 70, 130, 60, 120, 50, 110, 40),
(2, 'Pepperoni Pizza', 180, 90, 170, 80, 160, 70, 150, 60, 140, 50),
(3, 'Sucuklu Pizza', 160, 80, 150, 70, 140, 60, 130, 50, 120, 40),
(4, 'Vejetaryen Pizza', 160, 60, 150, 50, 140, 40, 130, 30, 120, 20),
(5, 'Kavurmalı Pizza', 200, 100, 190, 90, 180, 80, 170, 70, 160, 60),
(6, '4 Peynirli Pizza', 200, 85, 190, 75, 180, 65, 170, 55, 160, 45),
(7, 'Balık Pizza', 250, 90, 240, 80, 230, 70, 220, 60, 210, 50),
(8, 'BBQ Pizza', 180, 75, 170, 65, 160, 55, 150, 45, 140, 35),
(9, 'Margarita Pizza', 140, 55, 130, 45, 120, 35, 110, 25, 100, 15),
(10, 'Napoli Pizza', 180, 75, 170, 65, 160, 55, 150, 45, 140, 35),
(11, 'Hawaiian Pizza', 170, 70, 160, 60, 150, 50, 140, 40, 130, 30),
(12, 'Mexican Pizza', 190, 80, 180, 70, 170, 60, 160, 50, 150, 40),
(13, 'Vegetarian Supreme Pizza', 180, 70, 170, 60, 160, 50, 150, 40, 140, 30),
(14, 'Truffle Pizza', 250, 100, 240, 90, 230, 80, 220, 70, 210, 60),
(15, 'Seafood Pizza', 250, 110, 240, 100, 230, 90, 220, 80, 210, 70),
(16, 'Breakfast Pizza', 190, 75, 180, 65, 170, 55, 160, 45, 150, 35),
(17, 'Buffalo Chicken Pizza', 190, 80, 180, 70, 170, 60, 160, 50, 150, 40),
(18, 'Calzone Pizza', 180, 70, 170, 60, 160, 50, 150, 40, 140, 30),
(19, 'Pesto Pizza', 180, 75, 170, 65, 160, 55, 150, 45, 140, 35),
(20, 'Portofino Pizza', 250, 100, 240, 90, 230, 80, 220, 70, 210, 60),
(21, 'Spicy Italian Pizza', 180, 70, 170, 60, 160, 50, 150, 40, 140, 30),
(22, 'Prawn Pizza', 220, 90, 210, 80, 200, 70, 190, 60, 180, 50),
(23, 'Chicken Alfredo Pizza', 200, 80, 190, 70, 180, 60, 170, 50, 160, 40),
(24, 'Cheeseburger Pizza', 200, 85, 190, 75, 180, 65, 170, 55, 160, 45),
(25, 'Philly Cheesesteak Pizza', 220, 90, 210, 80, 200, 70, 190, 60, 180, 50),
(26, 'Lobster Pizza', 300, 130, 290, 120, 280, 110, 270, 100, 260, 90),
(27, 'Tavuklu Gyro Pizza', 200, 80, 190, 70, 180, 60, 170, 50, 160, 40),
(28, 'Tandoori Chicken Pizza', 200, 80, 190, 70, 180, 60, 170, 50, 160, 40),
(29, 'Buffalo Mozzarella Pizza', 220, 90, 210, 80, 200, 70, 190, 60, 180, 50),
(30, 'Steak Pizza', 240, 100, 230, 90, 220, 80, 210, 70, 200, 60),
(31, 'Vegan Pizza', 170, 70, 160, 60, 150, 50, 140, 40, 130, 30),
(32, 'Sicilian Pizza', 180, 70, 170, 60, 160, 50, 150, 40, 140, 30),
(33, 'Carbonara Pizza', 200, 80, 190, 70, 180, 60, 170, 50, 160, 40),
(34, 'Chili Cheese Pizza', 180, 70, 170, 60, 160, 50, 150, 40, 140, 30),
(35, 'Bacon and Egg Pizza', 200, 80, 190, 70, 180, 60, 170, 50, 160, 40),
(36, 'Fried Chicken Pizza', 190, 75, 180, 65, 170, 55, 160, 45, 150, 35);

-- --------------------------------------------------------

--
-- Tablo için tablo yapısı `yonetici`
--

DROP TABLE IF EXISTS `yonetici`;
CREATE TABLE IF NOT EXISTS `yonetici` (
  `yonetici_id` int NOT NULL,
  `yonetici_adi` varchar(50) COLLATE utf8mb4_turkish_ci NOT NULL,
  `yonetici_soyadi` varchar(50) COLLATE utf8mb4_turkish_ci NOT NULL,
  `kullanici_adi` varchar(50) COLLATE utf8mb4_turkish_ci NOT NULL,
  `sifre` int NOT NULL,
  PRIMARY KEY (`yonetici_id`)
) ENGINE=InnoDB DEFAULT CHARSET=utf8mb4 COLLATE=utf8mb4_turkish_ci;

--
-- Tablo döküm verisi `yonetici`
--

INSERT INTO `yonetici` (`yonetici_id`, `yonetici_adi`, `yonetici_soyadi`, `kullanici_adi`, `sifre`) VALUES
(1, 'Sümeyye', 'Var', 'sumeyye.var', 12345);

--
-- Dökümü yapılmış tablolar için kısıtlamalar
--

--
-- Tablo kısıtlamaları `musteriler`
--
ALTER TABLE `musteriler`
  ADD CONSTRAINT `musteriler_ibfk_1` FOREIGN KEY (`cinsiyet_id`) REFERENCES `cinsiyet` (`cinsiyet_id`);

--
-- Tablo kısıtlamaları `satislar`
--
ALTER TABLE `satislar`
  ADD CONSTRAINT `satislar_ibfk_1` FOREIGN KEY (`urun_id`) REFERENCES `urunler` (`urun_id`),
  ADD CONSTRAINT `satislar_ibfk_2` FOREIGN KEY (`sube_id`) REFERENCES `subeler` (`sube_id`),
  ADD CONSTRAINT `satislar_ibfk_3` FOREIGN KEY (`musteri_id`) REFERENCES `musteriler` (`musteri_id`);

--
-- Tablo kısıtlamaları `subeler`
--
ALTER TABLE `subeler`
  ADD CONSTRAINT `subeler_ibfk_1` FOREIGN KEY (`isletme_id`) REFERENCES `isletme` (`isletme_id`),
  ADD CONSTRAINT `subeler_ibfk_2` FOREIGN KEY (`ilce_id`) REFERENCES `ilceler` (`ilce_id`);
COMMIT;

/*!40101 SET CHARACTER_SET_CLIENT=@OLD_CHARACTER_SET_CLIENT */;
/*!40101 SET CHARACTER_SET_RESULTS=@OLD_CHARACTER_SET_RESULTS */;
/*!40101 SET COLLATION_CONNECTION=@OLD_COLLATION_CONNECTION */;
